condition,tick,fraction_A,coordination,n_cryst_A,n_cryst_B,bexp_all,beff_all,C_all
Both,1,0.49,0.58,0,0,0.49,0.5,0.458
Both,2,0.49,0.46,0,0,0.49,0.49,0.4088
Both,3,0.5,0.52,0,0,0.4783,0.49,0.379
Both,4,0.53,0.46,0,0,0.5025,0.4783,0.3508
Both,5,0.49,0.5,0,0,0.5092,0.5025,0.3254
Both,6,0.52,0.48,0,0,0.52,0.5092,0.3238
Both,7,0.55,0.58,2,2,0.52,0.52,0.3157
Both,8,0.52,0.68,5,2,0.5242,0.52,0.3205
Both,9,0.47,0.46,7,3,0.5133,0.5258,0.3014
Both,10,0.48,0.52,11,7,0.485,0.5192,0.292
Both,11,0.51,0.5,11,9,0.485,0.5021,0.2712
Both,12,0.5,0.48,12,11,0.4917,0.4967,0.2554
Both,13,0.49,0.5,12,16,0.4917,0.4927,0.2567
Both,14,0.56,0.48,15,17,0.535,0.4944,0.2501
Both,15,0.49,0.42,18,17,0.5108,0.5383,0.2452
Both,16,0.49,0.46,20,20,0.4925,0.5099,0.2406
Both,17,0.48,0.52,20,22,0.4658,0.4749,0.2483
Both,18,0.47,0.54,22,24,0.4717,0.46,0.2555
Both,19,0.47,0.58,27,25,0.48,0.4814,0.264
Both,20,0.45,0.5,27,27,0.4475,0.487,0.263
Both,21,0.43,0.54,27,27,0.42,0.47,0.2697
Both,22,0.46,0.56,28,29,0.4513,0.4602,0.269
Both,23,0.5,0.52,28,31,0.4675,0.4762,0.2675
Both,24,0.49,0.46,30,32,0.4858,0.4851,0.2601
Both,25,0.49,0.58,31,33,0.4733,0.488,0.2697
Both,26,0.44,0.48,35,35,0.4658,0.4555,0.2716
Both,27,0.5,0.52,37,35,0.4883,0.4464,0.2737
Both,28,0.45,0.38,37,36,0.455,0.4731,0.2454
Both,29,0.45,0.46,37,36,0.4317,0.4684,0.2385
Both,30,0.5,0.4,39,38,0.495,0.4623,0.2415
Both,31,0.54,0.44,39,38,0.5225,0.5043,0.2337
Both,32,0.5,0.4,39,39,0.4892,0.511,0.2223
Both,33,0.57,0.5,39,39,0.5308,0.4974,0.2251
Both,34,0.47,0.5,40,39,0.5058,0.5241,0.2319
Both,35,0.5,0.52,40,39,0.5,0.5129,0.2408
Both,36,0.54,0.48,40,40,0.5233,0.5025,0.243
Both,37,0.57,0.38,42,41,0.5533,0.5156,0.2326
Both,38,0.57,0.5,44,41,0.565,0.5424,0.2433
Both,39,0.59,0.5,46,41,0.5775,0.5521,0.2501
Both,40,0.51,0.5,46,41,0.5458,0.5611,0.2506
Both,41,0.58,0.52,47,42,0.5592,0.5544,0.2553
Both,42,0.52,0.52,48,42,0.5558,0.5616,0.2554
Both,43,0.53,0.54,48,40,0.5275,0.5424,0.2578
Both,44,0.53,0.46,47,38,0.5333,0.5313,0.2483
Both,45,0.52,0.48,47,40,0.5225,0.5539,0.2407
Both,46,0.47,0.46,46,38,0.5008,0.5212,0.2437
Both,47,0.55,0.58,47,36,0.51,0.5241,0.2544
Both,48,0.53,0.5,45,35,0.5342,0.5392,0.2546
Both,49,0.6,0.56,45,34,0.5625,0.554,0.2669
Both,50,0.61,0.42,44,34,0.5875,0.5752,0.2544
Both,51,0.63,0.5,42,33,0.62,0.6022,0.2601
Both,52,0.68,0.56,43,33,0.6475,0.6259,0.2626
Both,53,0.69,0.62,42,31,0.6992,0.652,0.2737
Both,54,0.65,0.5,41,30,0.6917,0.7076,0.2783
Both,55,0.66,0.6,40,27,0.6608,0.7075,0.2957
Both,56,0.64,0.44,40,24,0.655,0.6732,0.2902
Both,57,0.7,0.48,41,21,0.685,0.6772,0.2839
Both,58,0.64,0.64,42,18,0.6842,0.7046,0.2946
Both,59,0.73,0.54,41,14,0.6883,0.7068,0.2999
Both,60,0.7,0.72,44,10,0.7158,0.7135,0.316
Both,61,0.76,0.64,46,8,0.7342,0.7449,0.3305
Both,62,0.76,0.6,48,5,0.7625,0.7674,0.3358
Both,63,0.8,0.68,52,5,0.7842,0.7961,0.3526
Both,64,0.79,0.66,55,5,0.8008,0.8198,0.3681
Both,65,0.84,0.76,58,4,0.825,0.8375,0.4007
Both,66,0.84,0.68,63,3,0.8275,0.8507,0.4217
Both,67,0.91,0.86,69,2,0.8667,0.8612,0.461
Both,68,0.89,0.78,76,2,0.8892,0.9042,0.487
Both,69,0.95,0.9,81,2,0.9158,0.9304,0.5261
Both,70,0.96,0.92,85,1,0.9275,0.9479,0.5649
Both,71,0.92,0.88,88,0,0.945,0.951,0.5921
Both,72,0.96,0.92,92,0,0.9517,0.9641,0.6209
Both,73,0.99,0.98,95,0,0.9608,0.9725,0.6549
Both,74,0.99,0.98,96,0,0.9758,0.9814,0.687
Both,75,1.0,1.0,97,0,0.9867,0.9871,0.7183
Both,76,0.99,0.98,97,0,0.993,0.9942,0.7439
Both,77,1.0,1.0,98,0,0.995,0.9977,0.7695
Both,78,1.0,1.0,98,0,0.9975,0.9983,0.7926
Both,79,1.0,1.0,98,0,0.9975,0.9992,0.8133
Both,80,1.0,1.0,98,0,1.0,0.9992,0.832
Both,81,1.0,1.0,98,0,1.0,1.0,0.8488
Both,82,1.0,1.0,98,0,1.0,1.0,0.8639
Both,83,1.0,1.0,98,0,1.0,1.0,0.8775
Both,84,1.0,1.0,98,0,1.0,1.0,0.8898
Both,85,1.0,1.0,99,0,1.0,1.0,0.9008
Both,86,1.0,1.0,99,0,1.0,1.0,0.9107
Both,87,1.0,1.0,99,0,1.0,1.0,0.9196
Both,88,1.0,1.0,99,0,1.0,1.0,0.9277
Both,89,1.0,1.0,99,0,1.0,1.0,0.9349
Both,90,1.0,1.0,99,0,1.0,1.0,0.9414
Both,91,1.0,1.0,99,0,1.0,1.0,0.9473
Both,92,1.0,1.0,100,0,1.0,1.0,0.9525
Both,93,1.0,1.0,100,0,1.0,1.0,0.9573
Both,94,1.0,1.0,100,0,1.0,1.0,0.9616
Both,95,1.0,1.0,100,0,1.0,1.0,0.9654
Both,96,1.0,1.0,100,0,1.0,1.0,0.9689
Both,97,1.0,1.0,100,0,1.0,1.0,0.972
Both,98,1.0,1.0,100,0,1.0,1.0,0.9748
Both,99,1.0,1.0,100,0,1.0,1.0,0.9773
Both,100,1.0,1.0,100,0,1.0,1.0,0.9796
Both,101,1.0,1.0,100,0,1.0,1.0,0.9816
Both,102,1.0,1.0,100,0,1.0,1.0,0.9835
Both,103,1.0,1.0,100,0,1.0,1.0,0.9851
Both,104,1.0,1.0,100,0,1.0,1.0,0.9866
Both,105,1.0,1.0,100,0,1.0,1.0,0.9879
Both,106,1.0,1.0,100,0,1.0,1.0,0.9891
Both,107,1.0,1.0,100,0,1.0,1.0,0.9902
Both,108,1.0,1.0,100,0,1.0,1.0,0.9912
Both,109,1.0,1.0,100,0,1.0,1.0,0.9921
Both,110,1.0,1.0,100,0,1.0,1.0,0.9929
Both,111,1.0,1.0,100,0,1.0,1.0,0.9936
Both,112,1.0,1.0,100,0,1.0,1.0,0.9942
Both,113,1.0,1.0,100,0,1.0,1.0,0.9948
Both,114,1.0,1.0,100,0,1.0,1.0,0.9953
Both,115,1.0,1.0,100,0,1.0,1.0,0.9958
Both,116,1.0,1.0,100,0,1.0,1.0,0.9962
Both,117,1.0,1.0,100,0,1.0,1.0,0.9966
Both,118,1.0,1.0,100,0,1.0,1.0,0.9969
Both,119,1.0,1.0,100,0,1.0,1.0,0.9972
Both,120,1.0,1.0,100,0,1.0,1.0,0.9975
Both,121,1.0,1.0,100,0,1.0,1.0,0.9978
Both,122,1.0,1.0,100,0,1.0,1.0,0.998
Both,123,1.0,1.0,100,0,1.0,1.0,0.9982
Both,124,1.0,1.0,100,0,1.0,1.0,0.9984
Both,125,1.0,1.0,100,0,1.0,1.0,0.9985
Both,126,1.0,1.0,100,0,1.0,1.0,0.9987
Both,127,1.0,1.0,100,0,1.0,1.0,0.9988
Both,128,1.0,1.0,100,0,1.0,1.0,0.9989
Both,129,1.0,1.0,100,0,1.0,1.0,0.999
Both,130,1.0,1.0,100,0,1.0,1.0,0.9991
Both,131,1.0,1.0,100,0,1.0,1.0,0.9992
Both,132,1.0,1.0,100,0,1.0,1.0,0.9993
Both,133,1.0,1.0,100,0,1.0,1.0,0.9994
Both,134,1.0,1.0,100,0,1.0,1.0,0.9994
Both,135,1.0,1.0,100,0,1.0,1.0,0.9995
Both,136,1.0,1.0,100,0,1.0,1.0,0.9995
Both,137,1.0,1.0,100,0,1.0,1.0,0.9996
Both,138,1.0,1.0,100,0,1.0,1.0,0.9996
Both,139,1.0,1.0,100,0,1.0,1.0,0.9997
Both,140,1.0,1.0,100,0,1.0,1.0,0.9997
Both,141,1.0,1.0,100,0,1.0,1.0,0.9997
Both,142,1.0,1.0,100,0,1.0,1.0,0.9998
Both,143,1.0,1.0,100,0,1.0,1.0,0.9998
Both,144,1.0,1.0,100,0,1.0,1.0,0.9998
Both,145,1.0,1.0,100,0,1.0,1.0,0.9998
Both,146,1.0,1.0,100,0,1.0,1.0,0.9998
Both,147,1.0,1.0,100,0,1.0,1.0,0.9999
Both,148,1.0,1.0,100,0,1.0,1.0,0.9999
Both,149,1.0,1.0,100,0,1.0,1.0,0.9999
Both,150,1.0,1.0,100,0,1.0,1.0,0.9999
Both,151,1.0,1.0,100,0,1.0,1.0,0.9999
Both,152,1.0,1.0,100,0,1.0,1.0,0.9999
Both,153,1.0,1.0,100,0,1.0,1.0,0.9999
Both,154,1.0,1.0,100,0,1.0,1.0,0.9999
Both,155,1.0,1.0,100,0,1.0,1.0,0.9999
Both,156,1.0,1.0,100,0,1.0,1.0,0.9999
Both,157,1.0,1.0,100,0,1.0,1.0,0.9999
Both,158,1.0,1.0,100,0,1.0,1.0,1.0
Both,159,1.0,1.0,100,0,1.0,1.0,1.0
Both,160,1.0,1.0,100,0,1.0,1.0,1.0
Both,161,1.0,1.0,100,0,1.0,1.0,1.0
Both,162,1.0,1.0,100,0,1.0,1.0,1.0
Both,163,1.0,1.0,100,0,1.0,1.0,1.0
Both,164,1.0,1.0,100,0,1.0,1.0,1.0
Both,165,1.0,1.0,100,0,1.0,1.0,1.0
Both,166,1.0,1.0,100,0,1.0,1.0,1.0
Both,167,1.0,1.0,100,0,1.0,1.0,1.0
Both,168,1.0,1.0,100,0,1.0,1.0,1.0
Both,169,1.0,1.0,100,0,1.0,1.0,1.0
Both,170,1.0,1.0,100,0,1.0,1.0,1.0
Both,171,1.0,1.0,100,0,1.0,1.0,1.0
Both,172,1.0,1.0,100,0,1.0,1.0,1.0
Both,173,1.0,1.0,100,0,1.0,1.0,1.0
Both,174,1.0,1.0,100,0,1.0,1.0,1.0
Both,175,1.0,1.0,100,0,1.0,1.0,1.0
Both,176,1.0,1.0,100,0,1.0,1.0,1.0
Both,177,1.0,1.0,100,0,1.0,1.0,1.0
Both,178,1.0,1.0,100,0,1.0,1.0,1.0
Both,179,1.0,1.0,100,0,1.0,1.0,1.0
Both,180,1.0,1.0,100,0,1.0,1.0,1.0
Both,181,1.0,1.0,100,0,1.0,1.0,1.0
Both,182,1.0,1.0,100,0,1.0,1.0,1.0
Both,183,1.0,1.0,100,0,1.0,1.0,1.0
Both,184,1.0,1.0,100,0,1.0,1.0,1.0
Both,185,1.0,1.0,100,0,1.0,1.0,1.0
Both,186,1.0,1.0,100,0,1.0,1.0,1.0
Both,187,1.0,1.0,100,0,1.0,1.0,1.0
Both,188,1.0,1.0,100,0,1.0,1.0,1.0
Both,189,1.0,1.0,100,0,1.0,1.0,1.0
Both,190,1.0,1.0,100,0,1.0,1.0,1.0
Both,191,1.0,1.0,100,0,1.0,1.0,1.0
Both,192,1.0,1.0,100,0,1.0,1.0,1.0
Both,193,1.0,1.0,100,0,1.0,1.0,1.0
Both,194,1.0,1.0,100,0,1.0,1.0,1.0
Both,195,1.0,1.0,100,0,1.0,1.0,1.0
Both,196,1.0,1.0,100,0,1.0,1.0,1.0
Both,197,1.0,1.0,100,0,1.0,1.0,1.0
Both,198,1.0,1.0,100,0,1.0,1.0,1.0
Both,199,1.0,1.0,100,0,1.0,1.0,1.0
Both,200,1.0,1.0,100,0,1.0,1.0,1.0
Both,201,1.0,1.0,100,0,1.0,1.0,1.0
Both,202,1.0,1.0,100,0,1.0,1.0,1.0
Both,203,1.0,1.0,100,0,1.0,1.0,1.0
Both,204,1.0,1.0,100,0,1.0,1.0,1.0
Both,205,1.0,1.0,100,0,1.0,1.0,1.0
Both,206,1.0,1.0,100,0,1.0,1.0,1.0
Both,207,1.0,1.0,100,0,1.0,1.0,1.0
Both,208,1.0,1.0,100,0,1.0,1.0,1.0
Both,209,1.0,1.0,100,0,1.0,1.0,1.0
Both,210,1.0,1.0,100,0,1.0,1.0,1.0
Both,211,1.0,1.0,100,0,1.0,1.0,1.0
Both,212,1.0,1.0,100,0,1.0,1.0,1.0
Both,213,1.0,1.0,100,0,1.0,1.0,1.0
Both,214,1.0,1.0,100,0,1.0,1.0,1.0
Both,215,1.0,1.0,100,0,1.0,1.0,1.0
Both,216,1.0,1.0,100,0,1.0,1.0,1.0
Both,217,1.0,1.0,100,0,1.0,1.0,1.0
Both,218,1.0,1.0,100,0,1.0,1.0,1.0
Both,219,1.0,1.0,100,0,1.0,1.0,1.0
Both,220,1.0,1.0,100,0,1.0,1.0,1.0
Both,221,1.0,1.0,100,0,1.0,1.0,1.0
Both,222,1.0,1.0,100,0,1.0,1.0,1.0
Both,223,1.0,1.0,100,0,1.0,1.0,1.0
Both,224,1.0,1.0,100,0,1.0,1.0,1.0
Both,225,1.0,1.0,100,0,1.0,1.0,1.0
Both,226,1.0,1.0,100,0,1.0,1.0,1.0
Both,227,1.0,1.0,100,0,1.0,1.0,1.0
Both,228,1.0,1.0,100,0,1.0,1.0,1.0
Both,229,1.0,1.0,100,0,1.0,1.0,1.0
Both,230,1.0,1.0,100,0,1.0,1.0,1.0
Both,231,1.0,1.0,100,0,1.0,1.0,1.0
Both,232,1.0,1.0,100,0,1.0,1.0,1.0
Both,233,1.0,1.0,100,0,1.0,1.0,1.0
Both,234,1.0,1.0,100,0,1.0,1.0,1.0
Both,235,1.0,1.0,100,0,1.0,1.0,1.0
Both,236,1.0,1.0,100,0,1.0,1.0,1.0
Both,237,1.0,1.0,100,0,1.0,1.0,1.0
Both,238,1.0,1.0,100,0,1.0,1.0,1.0
Both,239,1.0,1.0,100,0,1.0,1.0,1.0
Both,240,1.0,1.0,100,0,1.0,1.0,1.0
Both,241,1.0,1.0,100,0,1.0,1.0,1.0
Both,242,1.0,1.0,100,0,1.0,1.0,1.0
Both,243,1.0,1.0,100,0,1.0,1.0,1.0
Both,244,1.0,1.0,100,0,1.0,1.0,1.0
Both,245,1.0,1.0,100,0,1.0,1.0,1.0
Both,246,1.0,1.0,100,0,1.0,1.0,1.0
Both,247,1.0,1.0,100,0,1.0,1.0,1.0
Both,248,1.0,1.0,100,0,1.0,1.0,1.0
Both,249,1.0,1.0,100,0,1.0,1.0,1.0
Both,250,1.0,1.0,100,0,1.0,1.0,1.0
Both,251,1.0,1.0,100,0,1.0,1.0,1.0
Both,252,1.0,1.0,100,0,1.0,1.0,1.0
Both,253,1.0,1.0,100,0,1.0,1.0,1.0
Both,254,1.0,1.0,100,0,1.0,1.0,1.0
Both,255,1.0,1.0,100,0,1.0,1.0,1.0
Both,256,1.0,1.0,100,0,1.0,1.0,1.0
Both,257,1.0,1.0,100,0,1.0,1.0,1.0
Both,258,1.0,1.0,100,0,1.0,1.0,1.0
Both,259,1.0,1.0,100,0,1.0,1.0,1.0
Both,260,1.0,1.0,100,0,1.0,1.0,1.0
Both,261,1.0,1.0,100,0,1.0,1.0,1.0
Both,262,1.0,1.0,100,0,1.0,1.0,1.0
Both,263,1.0,1.0,100,0,1.0,1.0,1.0
Both,264,1.0,1.0,100,0,1.0,1.0,1.0
Both,265,1.0,1.0,100,0,1.0,1.0,1.0
Both,266,1.0,1.0,100,0,1.0,1.0,1.0
Both,267,1.0,1.0,100,0,1.0,1.0,1.0
Both,268,1.0,1.0,100,0,1.0,1.0,1.0
Both,269,1.0,1.0,100,0,1.0,1.0,1.0
Both,270,1.0,1.0,100,0,1.0,1.0,1.0
Both,271,1.0,1.0,100,0,1.0,1.0,1.0
Both,272,1.0,1.0,100,0,1.0,1.0,1.0
Both,273,1.0,1.0,100,0,1.0,1.0,1.0
Both,274,1.0,1.0,100,0,1.0,1.0,1.0
Both,275,1.0,1.0,100,0,1.0,1.0,1.0
Both,276,1.0,1.0,100,0,1.0,1.0,1.0
Both,277,1.0,1.0,100,0,1.0,1.0,1.0
Both,278,1.0,1.0,100,0,1.0,1.0,1.0
Both,279,1.0,1.0,100,0,1.0,1.0,1.0
Both,280,1.0,1.0,100,0,1.0,1.0,1.0
Both,281,1.0,1.0,100,0,1.0,1.0,1.0
Both,282,1.0,1.0,100,0,1.0,1.0,1.0
Both,283,1.0,1.0,100,0,1.0,1.0,1.0
Both,284,1.0,1.0,100,0,1.0,1.0,1.0
Both,285,1.0,1.0,100,0,1.0,1.0,1.0
Both,286,1.0,1.0,100,0,1.0,1.0,1.0
Both,287,1.0,1.0,100,0,1.0,1.0,1.0
Both,288,1.0,1.0,100,0,1.0,1.0,1.0
Both,289,1.0,1.0,100,0,1.0,1.0,1.0
Both,290,1.0,1.0,100,0,1.0,1.0,1.0
Both,291,1.0,1.0,100,0,1.0,1.0,1.0
Both,292,1.0,1.0,100,0,1.0,1.0,1.0
Both,293,1.0,1.0,100,0,1.0,1.0,1.0
Both,294,1.0,1.0,100,0,1.0,1.0,1.0
Both,295,1.0,1.0,100,0,1.0,1.0,1.0
Both,296,1.0,1.0,100,0,1.0,1.0,1.0
Both,297,1.0,1.0,100,0,1.0,1.0,1.0
Both,298,1.0,1.0,100,0,1.0,1.0,1.0
Both,299,1.0,1.0,100,0,1.0,1.0,1.0
Both,300,1.0,1.0,100,0,1.0,1.0,1.0
Exp_only,1,0.49,0.58,0,0,0.49,0.5,0.458
Exp_only,2,0.49,0.38,0,0,0.49,0.49,0.3916
Exp_only,3,0.48,0.44,0,0,0.4733,0.49,0.3701
Exp_only,4,0.41,0.5,0,0,0.4508,0.4733,0.3397
Exp_only,5,0.52,0.44,0,0,0.4525,0.4508,0.3138
Exp_only,6,0.44,0.56,0,0,0.4767,0.4525,0.3019
Exp_only,7,0.55,0.54,0,0,0.4792,0.4767,0.2899
Exp_only,8,0.53,0.42,0,0,0.5108,0.4792,0.2734
Exp_only,9,0.6,0.56,0,0,0.565,0.5108,0.2637
Exp_only,10,0.57,0.54,0,0,0.57,0.565,0.2686
Exp_only,11,0.53,0.5,0,0,0.5642,0.57,0.2643
Exp_only,12,0.52,0.52,0,0,0.5333,0.5642,0.2572
Exp_only,13,0.55,0.54,0,0,0.535,0.5333,0.2626
Exp_only,14,0.56,0.56,0,0,0.5508,0.535,0.2693
Exp_only,15,0.48,0.4,0,0,0.5367,0.5508,0.2584
Exp_only,16,0.52,0.44,0,0,0.5067,0.5367,0.2651
Exp_only,17,0.49,0.46,0,0,0.5075,0.5067,0.2512
Exp_only,18,0.5,0.36,0,0,0.5208,0.5075,0.2491
Exp_only,19,0.56,0.52,0,0,0.5208,0.5208,0.2483
Exp_only,20,0.5,0.52,0,0,0.5317,0.5208,0.254
Exp_only,21,0.52,0.52,0,0,0.5275,0.5317,0.2596
Exp_only,22,0.53,0.5,0,0,0.5158,0.5275,0.2548
Exp_only,23,0.53,0.54,0,0,0.5025,0.5158,0.2615
Exp_only,24,0.45,0.54,0,0,0.4958,0.5025,0.2588
Exp_only,25,0.44,0.4,0,0,0.4517,0.4958,0.238
Exp_only,26,0.43,0.46,0,0,0.4375,0.4517,0.2367
Exp_only,27,0.46,0.36,0,0,0.4542,0.4375,0.2194
Exp_only,28,0.41,0.58,0,0,0.445,0.4542,0.2416
Exp_only,29,0.47,0.46,0,0,0.4325,0.445,0.2469
Exp_only,30,0.5,0.52,0,0,0.4583,0.4325,0.2461
Exp_only,31,0.48,0.6,0,0,0.48,0.4583,0.2673
Exp_only,32,0.49,0.5,0,0,0.4917,0.48,0.2802
Exp_only,33,0.46,0.4,0,0,0.4825,0.4917,0.2654
Exp_only,34,0.45,0.42,0,0,0.4633,0.4825,0.2636
Exp_only,35,0.5,0.52,0,0,0.4683,0.4633,0.2662
Exp_only,36,0.47,0.54,0,0,0.4733,0.4683,0.2599
Exp_only,37,0.5,0.52,0,0,0.4925,0.4733,0.2477
Exp_only,38,0.51,0.66,0,0,0.5025,0.4925,0.2619
Exp_only,39,0.53,0.5,0,0,0.49,0.5025,0.2651
Exp_only,40,0.52,0.44,0,0,0.5367,0.49,0.2506
Exp_only,41,0.56,0.56,0,0,0.5467,0.5367,0.2516
Exp_only,42,0.5,0.52,0,0,0.5092,0.5467,0.2482
Exp_only,43,0.51,0.5,0,0,0.52,0.5092,0.2487
Exp_only,44,0.63,0.58,0,0,0.5675,0.52,0.2514
Exp_only,45,0.57,0.54,0,0,0.5958,0.5675,0.2538
Exp_only,46,0.59,0.54,0,0,0.6025,0.5958,0.2631
Exp_only,47,0.57,0.54,0,0,0.5867,0.6025,0.2767
Exp_only,48,0.57,0.5,0,0,0.5725,0.5867,0.267
Exp_only,49,0.55,0.58,0,0,0.5725,0.5725,0.2787
Exp_only,50,0.55,0.46,0,0,0.565,0.5725,0.2731
Exp_only,51,0.57,0.5,0,0,0.5658,0.565,0.263
Exp_only,52,0.59,0.5,0,0,0.5875,0.5658,0.2599
Exp_only,53,0.59,0.46,0,0,0.5842,0.5875,0.2608
Exp_only,54,0.61,0.62,0,0,0.6108,0.5842,0.2739
Exp_only,55,0.59,0.7,0,0,0.6008,0.6108,0.293
Exp_only,56,0.57,0.46,0,0,0.5725,0.6008,0.2765
Exp_only,57,0.58,0.48,0,0,0.6,0.5725,0.2623
Exp_only,58,0.66,0.52,0,0,0.6175,0.6,0.2596
Exp_only,59,0.61,0.54,0,0,0.6392,0.6175,0.2806
Exp_only,60,0.68,0.48,0,0,0.6483,0.6392,0.2692
Exp_only,61,0.57,0.42,0,0,0.6283,0.6483,0.2689
Exp_only,62,0.57,0.58,0,0,0.5808,0.6283,0.28
Exp_only,63,0.56,0.52,0,0,0.5633,0.5808,0.2827
Exp_only,64,0.54,0.48,0,0,0.5742,0.5633,0.2747
Exp_only,65,0.53,0.54,0,0,0.5467,0.5742,0.2725
Exp_only,66,0.62,0.52,0,0,0.56,0.5467,0.2689
Exp_only,67,0.55,0.5,0,0,0.5925,0.56,0.2605
Exp_only,68,0.58,0.4,0,0,0.5913,0.5925,0.2604
Exp_only,69,0.62,0.68,0,0,0.5858,0.5913,0.2738
Exp_only,70,0.58,0.6,0,0,0.6022,0.5858,0.2896
Exp_only,71,0.66,0.56,0,0,0.635,0.6022,0.2885
Exp_only,72,0.69,0.54,0,0,0.6667,0.635,0.2879
Exp_only,73,0.65,0.54,0,0,0.6592,0.6667,0.2999
Exp_only,74,0.63,0.46,0,0,0.6625,0.6592,0.3051
Exp_only,75,0.65,0.54,0,0,0.6533,0.6625,0.3017
Exp_only,76,0.66,0.56,0,0,0.6483,0.6533,0.3102
Exp_only,77,0.59,0.58,0,0,0.64,0.6483,0.3108
Exp_only,78,0.62,0.4,0,0,0.6425,0.64,0.2999
Exp_only,79,0.63,0.54,0,0,0.6283,0.6425,0.2912
Exp_only,80,0.62,0.52,0,0,0.6483,0.6283,0.2842
Exp_only,81,0.69,0.54,0,0,0.6792,0.6483,0.284
Exp_only,82,0.66,0.52,0,0,0.6822,0.6792,0.2922
Exp_only,83,0.7,0.6,0,0,0.6908,0.6822,0.2988
Exp_only,84,0.7,0.56,0,0,0.6867,0.6908,0.3085
Exp_only,85,0.64,0.56,0,0,0.6892,0.6867,0.2993
Exp_only,86,0.64,0.56,0,0,0.6708,0.6892,0.3028
Exp_only,87,0.67,0.62,0,0,0.6442,0.6708,0.3065
Exp_only,88,0.64,0.56,0,0,0.6575,0.6442,0.3157
Exp_only,89,0.72,0.52,0,0,0.6925,0.6575,0.3043
Exp_only,90,0.68,0.48,0,0,0.7225,0.6925,0.3048
Exp_only,91,0.73,0.58,0,0,0.6955,0.7225,0.3192
Exp_only,92,0.68,0.56,0,0,0.7197,0.6955,0.3131
Exp_only,93,0.75,0.58,0,0,0.7192,0.7197,0.3201
Exp_only,94,0.73,0.54,0,0,0.7417,0.7192,0.3314
Exp_only,95,0.73,0.58,0,0,0.7575,0.7417,0.3333
Exp_only,96,0.7,0.6,0,0,0.7175,0.7575,0.3417
Exp_only,97,0.76,0.68,0,0,0.7225,0.7175,0.3579
Exp_only,98,0.76,0.72,0,0,0.7617,0.7225,0.3761
Exp_only,99,0.74,0.48,0,0,0.7672,0.7617,0.3729
Exp_only,100,0.78,0.56,0,0,0.7797,0.7672,0.3744
Exp_only,101,0.81,0.74,0,0,0.8092,0.7797,0.389
Exp_only,102,0.8,0.72,0,0,0.8055,0.8092,0.4041
Exp_only,103,0.77,0.62,0,0,0.8002,0.8055,0.4086
Exp_only,104,0.8,0.64,0,0,0.8042,0.8002,0.4121
Exp_only,105,0.8,0.68,0,0,0.8052,0.8042,0.4319
Exp_only,106,0.89,0.78,0,0,0.833,0.8052,0.4508
Exp_only,107,0.82,0.64,0,0,0.8442,0.833,0.4612
Exp_only,108,0.87,0.74,0,0,0.8572,0.8442,0.4865
Exp_only,109,0.87,0.74,0,0,0.8775,0.8572,0.5042
Exp_only,110,0.9,0.8,0,0,0.888,0.8775,0.5254
Exp_only,111,0.91,0.82,0,0,0.8998,0.888,0.5472
Exp_only,112,0.88,0.8,0,0,0.9013,0.8998,0.559
Exp_only,113,0.94,0.88,0,0,0.9117,0.9013,0.5837
Exp_only,114,0.89,0.82,0,0,0.9173,0.9117,0.5969
Exp_only,115,0.91,0.82,0,0,0.9043,0.9173,0.6125
Exp_only,116,0.94,0.88,0,0,0.9252,0.9043,0.6358
Exp_only,117,0.93,0.86,0,0,0.9227,0.9252,0.6532
Exp_only,118,0.98,0.96,0,0,0.9463,0.9227,0.6811
Exp_only,119,0.98,0.96,0,0,0.9605,0.9463,0.7085
Exp_only,120,0.94,0.88,0,0,0.9613,0.9605,0.7253
Exp_only,121,0.95,0.9,0,0,0.9563,0.9613,0.739
Exp_only,122,0.96,0.92,0,0,0.9615,0.9563,0.7548
Exp_only,123,0.97,0.94,0,0,0.9585,0.9615,0.7716
Exp_only,124,0.95,0.9,0,0,0.9637,0.9585,0.7822
Exp_only,125,0.96,0.92,0,0,0.959,0.9637,0.7933
Exp_only,126,0.92,0.84,0,0,0.9508,0.959,0.7921
Exp_only,127,0.97,0.94,0,0,0.951,0.9508,0.8056
Exp_only,128,0.93,0.86,0,0,0.9463,0.951,0.8059
Exp_only,129,0.94,0.92,0,0,0.942,0.9463,0.806
Exp_only,130,0.91,0.82,0,0,0.9452,0.942,0.7998
Exp_only,131,0.91,0.86,0,0,0.9263,0.9452,0.7958
Exp_only,132,0.92,0.84,0,0,0.9183,0.9263,0.7914
Exp_only,133,0.93,0.86,0,0,0.923,0.9183,0.7909
Exp_only,134,0.95,0.9,0,0,0.9303,0.923,0.7985
Exp_only,135,0.9,0.84,0,0,0.9215,0.9303,0.7908
Exp_only,136,0.9,0.84,0,0,0.9223,0.9215,0.7847
Exp_only,137,0.93,0.86,0,0,0.9152,0.9223,0.778
Exp_only,138,0.9,0.84,0,0,0.9143,0.9152,0.7714
Exp_only,139,0.91,0.82,0,0,0.92,0.9143,0.7682
Exp_only,140,0.95,0.9,0,0,0.9187,0.92,0.7747
Exp_only,141,0.98,0.96,0,0,0.9415,0.9187,0.7908
Exp_only,142,0.92,0.84,0,0,0.9453,0.9415,0.7901
Exp_only,143,0.92,0.88,0,0,0.9415,0.9453,0.7921
Exp_only,144,0.94,0.92,0,0,0.9308,0.9415,0.7962
Exp_only,145,0.93,0.9,0,0,0.9303,0.9308,0.7935
Exp_only,146,0.91,0.86,0,0,0.933,0.9303,0.7883
Exp_only,147,0.96,0.92,0,0,0.9362,0.933,0.7939
Exp_only,148,0.95,0.9,0,0,0.9473,0.9362,0.8
Exp_only,149,0.97,0.94,0,0,0.9515,0.9473,0.8128
Exp_only,150,0.95,0.9,0,0,0.96,0.9515,0.8161
Exp_only,151,0.94,0.92,0,0,0.953,0.96,0.8173
Exp_only,152,0.95,0.9,0,0,0.9563,0.953,0.8197
Exp_only,153,0.96,0.92,0,0,0.9517,0.9563,0.8265
Exp_only,154,0.95,0.9,0,0,0.9505,0.9517,0.8301
Exp_only,155,0.98,0.96,0,0,0.9632,0.9505,0.8393
Exp_only,156,0.94,0.88,0,0,0.9567,0.9632,0.8395
Exp_only,157,0.96,0.92,0,0,0.9608,0.9567,0.8406
Exp_only,158,0.95,0.9,0,0,0.9545,0.9608,0.8429
Exp_only,159,0.97,0.98,0,0,0.9557,0.9545,0.8518
Exp_only,160,0.96,0.92,0,0,0.9633,0.9557,0.8517
Exp_only,161,0.94,0.88,0,0,0.9553,0.9633,0.8497
Exp_only,162,0.97,0.94,0,0,0.962,0.9553,0.8569
Exp_only,163,0.95,0.9,0,0,0.9577,0.962,0.8571
Exp_only,164,0.98,0.96,0,0,0.9585,0.9577,0.8667
Exp_only,165,0.96,0.92,0,0,0.9602,0.9585,0.8682
Exp_only,166,0.97,0.94,0,0,0.9662,0.9602,0.8734
Exp_only,167,0.98,0.96,0,0,0.972,0.9662,0.8806
Exp_only,168,0.96,0.92,0,0,0.969,0.972,0.8813
Exp_only,169,0.98,0.96,0,0,0.9647,0.969,0.8873
Exp_only,170,0.98,0.96,0,0,0.976,0.9647,0.8927
Exp_only,171,0.95,0.9,0,0,0.9685,0.976,0.8895
Exp_only,172,0.96,0.92,0,0,0.9613,0.9685,0.8881
Exp_only,173,0.97,0.94,0,0,0.9658,0.9613,0.8892
Exp_only,174,0.96,0.92,0,0,0.9635,0.9658,0.8889
Exp_only,175,0.94,0.88,0,0,0.954,0.9635,0.8837
Exp_only,176,0.96,0.92,0,0,0.9567,0.954,0.884
Exp_only,177,0.95,0.9,0,0,0.9517,0.9567,0.882
Exp_only,178,0.97,0.94,0,0,0.9537,0.9517,0.8856
Exp_only,179,0.97,0.94,0,0,0.9605,0.9537,0.8886
Exp_only,180,0.93,0.86,0,0,0.952,0.9605,0.8799
Exp_only,181,0.97,0.94,0,0,0.9567,0.952,0.8833
Exp_only,182,0.94,0.88,0,0,0.9535,0.9567,0.8784
Exp_only,183,0.97,0.94,0,0,0.952,0.9535,0.8828
Exp_only,184,0.95,0.9,0,0,0.9492,0.952,0.8811
Exp_only,185,0.96,0.92,0,0,0.9532,0.9492,0.8812
Exp_only,186,0.92,0.84,0,0,0.9475,0.9532,0.8713
Exp_only,187,0.96,0.92,0,0,0.947,0.9475,0.8736
Exp_only,188,0.91,0.82,0,0,0.9407,0.947,0.8582
Exp_only,189,0.97,0.94,0,0,0.9383,0.9407,0.8624
Exp_only,190,0.92,0.84,0,0,0.9372,0.9383,0.8558
Exp_only,191,0.95,0.9,0,0,0.943,0.9372,0.8539
Exp_only,192,0.91,0.82,0,0,0.9342,0.943,0.8439
Exp_only,193,0.96,0.92,0,0,0.9402,0.9342,0.8475
Exp_only,194,0.92,0.88,0,0,0.9335,0.9402,0.841
Exp_only,195,0.93,0.86,0,0,0.9287,0.9335,0.8372
Exp_only,196,0.9,0.84,0,0,0.9237,0.9287,0.8242
Exp_only,197,0.93,0.9,0,0,0.9173,0.9237,0.8219
Exp_only,198,0.93,0.86,0,0,0.924,0.9173,0.8188
Exp_only,199,0.92,0.88,0,0,0.92,0.924,0.8136
Exp_only,200,0.91,0.86,0,0,0.925,0.92,0.8093
Exp_only,201,0.87,0.74,0,0,0.9072,0.925,0.7937
Exp_only,202,0.92,0.92,0,0,0.901,0.9072,0.7921
Exp_only,203,0.91,0.82,0,0,0.904,0.901,0.7824
Exp_only,204,0.9,0.8,0,0,0.913,0.904,0.7699
Exp_only,205,0.9,0.8,0,0,0.9153,0.913,0.7659
Exp_only,206,0.93,0.86,0,0,0.9115,0.9153,0.7693
Exp_only,207,0.93,0.9,0,0,0.9147,0.9115,0.7697
Exp_only,208,0.93,0.86,0,0,0.9193,0.9147,0.7657
Exp_only,209,0.88,0.8,0,0,0.918,0.9193,0.7552
Exp_only,210,0.91,0.82,0,0,0.9202,0.918,0.7517
Exp_only,211,0.94,0.88,0,0,0.9143,0.9202,0.7623
Exp_only,212,0.92,0.84,0,0,0.9142,0.9143,0.7622
Exp_only,213,0.9,0.8,0,0,0.9243,0.9142,0.76
Exp_only,214,0.91,0.86,0,0,0.9238,0.9243,0.7572
Exp_only,215,0.95,0.9,0,0,0.922,0.9238,0.7656
Exp_only,216,0.91,0.86,0,0,0.9238,0.922,0.7645
Exp_only,217,0.95,0.9,0,0,0.934,0.9238,0.7737
Exp_only,218,0.93,0.86,0,0,0.936,0.934,0.7749
Exp_only,219,0.95,0.9,0,0,0.9422,0.936,0.7803
Exp_only,220,0.94,0.88,0,0,0.9407,0.9422,0.7853
Exp_only,221,0.89,0.78,0,0,0.9328,0.9407,0.7776
Exp_only,222,0.95,0.9,0,0,0.931,0.9328,0.7849
Exp_only,223,0.96,0.92,0,0,0.9342,0.931,0.7955
Exp_only,224,0.92,0.84,0,0,0.9348,0.9342,0.7939
Exp_only,225,0.9,0.8,0,0,0.9313,0.9348,0.7856
Exp_only,226,0.93,0.86,0,0,0.9347,0.9313,0.7869
Exp_only,227,0.92,0.84,0,0,0.9165,0.9347,0.7885
Exp_only,228,0.95,0.9,0,0,0.9185,0.9165,0.7924
Exp_only,229,0.97,0.94,0,0,0.9442,0.9185,0.802
Exp_only,230,0.97,0.94,0,0,0.947,0.9442,0.8126
Exp_only,231,0.97,0.94,0,0,0.961,0.947,0.8195
Exp_only,232,0.96,0.92,0,0,0.97,0.961,0.8246
Exp_only,233,0.98,0.96,0,0,0.976,0.97,0.8364
Exp_only,234,0.98,0.96,0,0,0.973,0.976,0.8484
Exp_only,235,0.97,0.94,0,0,0.9695,0.973,0.8563
Exp_only,236,0.96,0.92,0,0,0.9715,0.9695,0.8581
Exp_only,237,0.97,0.94,0,0,0.9757,0.9715,0.861
Exp_only,238,0.99,0.98,0,0,0.9738,0.9757,0.8719
Exp_only,239,0.97,0.94,0,0,0.9757,0.9738,0.8764
Exp_only,240,0.98,0.96,0,0,0.979,0.9757,0.883
Exp_only,241,0.99,0.98,0,0,0.981,0.979,0.8921
Exp_only,242,0.97,0.94,0,0,0.9765,0.981,0.8951
Exp_only,243,0.96,0.92,0,0,0.9762,0.9765,0.894
Exp_only,244,0.97,0.98,0,0,0.971,0.9762,0.8971
Exp_only,245,0.97,0.94,0,0,0.966,0.971,0.8997
Exp_only,246,1.0,1.0,0,0,0.9713,0.966,0.9059
Exp_only,247,0.98,0.96,0,0,0.9787,0.9713,0.9103
Exp_only,248,0.96,0.92,0,0,0.9792,0.9787,0.9076
Exp_only,249,0.97,0.94,0,0,0.9743,0.9792,0.9095
Exp_only,250,0.99,0.98,0,0,0.9772,0.9743,0.9156
Exp_only,251,0.97,0.98,0,0,0.9727,0.9772,0.9162
Exp_only,252,0.99,0.98,0,0,0.9787,0.9727,0.9217
Exp_only,253,0.95,0.9,0,0,0.9775,0.9787,0.9149
Exp_only,254,0.99,0.98,0,0,0.9735,0.9775,0.9204
Exp_only,255,0.95,0.9,0,0,0.9705,0.9735,0.9139
Exp_only,256,0.96,0.92,0,0,0.9645,0.9705,0.9106
Exp_only,257,0.95,0.9,0,0,0.957,0.9645,0.9054
Exp_only,258,0.97,0.94,0,0,0.957,0.957,0.9069
Exp_only,259,0.97,0.94,0,0,0.9553,0.957,0.9056
Exp_only,260,0.94,0.92,0,0,0.9537,0.9553,0.8979
Exp_only,261,0.95,0.94,0,0,0.958,0.9537,0.8906
Exp_only,262,0.97,0.94,0,0,0.9583,0.958,0.8896
Exp_only,263,0.96,0.92,0,0,0.9597,0.9583,0.8889
Exp_only,264,0.95,0.9,0,0,0.962,0.9597,0.8862
Exp_only,265,0.96,0.92,0,0,0.956,0.962,0.8857
Exp_only,266,0.95,0.9,0,0,0.9555,0.956,0.884
Exp_only,267,0.94,0.92,0,0,0.9465,0.9555,0.8797
Exp_only,268,0.95,0.9,0,0,0.9497,0.9465,0.8757
Exp_only,269,0.97,0.94,0,0,0.9513,0.9497,0.8781
Exp_only,270,0.94,0.88,0,0,0.9578,0.9513,0.8727
Exp_only,271,0.94,0.92,0,0,0.9457,0.9578,0.8702
Exp_only,272,0.96,0.92,0,0,0.95,0.9457,0.8729
Exp_only,273,0.92,0.84,0,0,0.9405,0.95,0.8616
Exp_only,274,0.96,0.92,0,0,0.9402,0.9405,0.8625
Exp_only,275,0.96,0.92,0,0,0.9537,0.9402,0.8635
Exp_only,276,0.94,0.88,0,0,0.9443,0.9537,0.86
Exp_only,277,0.96,0.92,0,0,0.9515,0.9443,0.8606
Exp_only,278,0.93,0.9,0,0,0.9487,0.9515,0.8548
Exp_only,279,0.97,0.94,0,0,0.9535,0.9487,0.8614
Exp_only,280,0.95,0.9,0,0,0.95,0.9535,0.8609
Exp_only,281,0.95,0.9,0,0,0.95,0.95,0.8609
Exp_only,282,0.96,0.96,0,0,0.951,0.95,0.8643
Exp_only,283,0.93,0.9,0,0,0.9472,0.951,0.8602
Exp_only,284,0.94,0.88,0,0,0.9437,0.9472,0.8564
Exp_only,285,0.95,0.9,0,0,0.9423,0.9437,0.8579
Exp_only,286,0.93,0.86,0,0,0.9377,0.9423,0.8512
Exp_only,287,0.96,0.92,0,0,0.9467,0.9377,0.8523
Exp_only,288,0.96,0.92,0,0,0.9465,0.9467,0.854
Exp_only,289,0.97,0.94,0,0,0.9562,0.9465,0.861
Exp_only,290,0.98,0.96,0,0,0.967,0.9562,0.865
Exp_only,291,0.98,0.96,0,0,0.9743,0.967,0.8712
Exp_only,292,0.99,0.98,0,0,0.982,0.9743,0.8812
Exp_only,293,0.98,0.96,0,0,0.9825,0.982,0.8876
Exp_only,294,1.0,1.0,0,0,0.9835,0.9825,0.8989
Exp_only,295,0.98,0.96,0,0,0.988,0.9835,0.9038
Exp_only,296,0.99,0.98,0,0,0.9872,0.988,0.9105
Exp_only,297,0.99,0.98,0,0,0.9885,0.9872,0.9166
Exp_only,298,0.99,0.98,0,0,0.988,0.9885,0.922
Exp_only,299,1.0,1.0,0,0,0.993,0.988,0.9298
Exp_only,300,1.0,1.0,0,0,0.993,0.993,0.9369
