theta_crystal,Phi,trial,converged,convergence_tick,total_ticks,final_fraction_A,final_mean_confidence,final_num_crystallised,final_mean_norm_strength,final_frac_dominant_norm,first_tick_behavioral,first_tick_belief,first_tick_crystal,first_tick_all_met,total_dissolutions,total_enforcements,recryst_flip,recryst_same,peak_norm_split,time_in_churn
5.0,5.0,18,true,79,79,1.0,0.9976503710848494,98,0.8478705693304444,0.98,27,27,30,30,0,98,0,0,1.0,0
3.0,0.1,21,true,73,73,0.0,0.9972080886319695,99,0.8479078852500711,0.99,24,24,24,24,3,180,2,0,1.0,0
5.0,0.7,21,true,87,87,0.0,0.9983253855239971,96,0.851351686522586,0.96,31,30,38,38,3,165,0,0,1.0,0
5.0,0.0,21,true,88,88,0.0,0.998968527694094,95,0.8526357440372178,0.95,29,29,39,39,1,0,0,0,1.0,1
5.0,1.5,10,true,87,87,0.0,0.998977400335195,95,0.8525097843958254,0.95,28,29,38,38,1,89,0,0,1.0,1
3.0,0.7,1,true,74,74,0.0,0.9973759617732754,100,0.8479308097879914,1.0,22,23,25,25,2,142,2,0,1.0,0
7.0,0.5,15,true,93,93,0.0,0.9988692218750345,94,0.8514345029587613,0.94,38,38,44,44,0,70,0,0,1.0,0
7.0,1.0,4,true,104,104,1.0,0.9996907010376863,92,0.8594038354544599,0.92,32,34,55,55,0,46,0,0,1.0,0
5.0,0.2,11,true,91,91,0.0,0.9985990378564367,98,0.8515101511054335,0.98,34,34,42,42,1,150,0,0,1.0,0
3.0,0.0,1,true,87,87,0.0,0.999378418117772,97,0.8574400852916642,0.97,24,25,38,38,10,0,7,0,1.0,0
5.0,0.5,1,true,82,82,0.0,0.9982638382547429,97,0.8491134971940056,0.97,30,30,33,33,0,89,0,0,1.0,0
7.0,0.1,7,true,109,109,1.0,0.9994884379669802,94,0.8589246545714979,0.94,40,45,60,60,2,182,0,0,1.0,0
3.0,2.0,11,true,98,98,1.0,0.999612159465032,99,0.861905278632584,0.99,33,33,49,49,14,404,13,0,1.0,3
3.0,5.0,1,true,154,154,1.0,0.9996010988786099,99,0.8375708843214177,0.99,83,83,105,105,121,1695,75,45,1.0,20
3.0,1.0,21,true,111,111,0.0,0.9995630077020878,98,0.8630493526425311,0.98,40,40,62,62,23,722,21,0,1.0,1
3.0,0.3,11,true,119,119,1.0,0.9996639980251235,95,0.8449881380584436,0.95,48,50,70,70,23,812,18,0,1.0,6
3.0,0.0,2,true,79,79,1.0,0.9977291524765758,100,0.8489268332804155,1.0,28,29,30,30,10,0,10,0,1.0,1
5.0,0.0,22,true,92,92,0.0,0.9992341011565373,93,0.8543843979849516,0.93,30,30,43,43,1,0,0,0,1.0,1
3.0,0.1,22,true,120,120,0.0,0.9995894098536803,95,0.8380930828335917,0.95,51,51,71,71,30,980,25,0,1.0,6
5.0,0.2,12,true,97,97,1.0,0.9984236398287182,97,0.8528314544746158,0.97,39,41,48,48,3,234,0,0,1.0,0
3.0,5.0,2,true,74,74,0.0,0.9974874401675556,100,0.8489980533381858,1.0,23,25,20,25,7,241,7,0,1.0,0
3.0,1.0,22,true,75,75,1.0,0.9969045324502033,97,0.8494344185231009,0.97,26,26,22,26,6,240,3,0,1.0,0
7.0,0.5,16,true,112,112,0.0,0.9997495303862075,94,0.8608291889589658,0.94,39,39,63,63,0,71,0,0,1.0,0
5.0,0.5,2,true,108,108,0.0,0.9980244051846539,92,0.8539038641648532,0.92,56,56,59,59,8,430,0,0,1.0,1
3.0,0.7,2,true,129,129,1.0,0.9999703047361231,92,0.8791861944982666,0.92,36,36,80,80,18,581,10,0,1.0,1
3.0,2.0,12,true,116,116,1.0,0.9998673729940147,94,0.8663998225600976,0.94,35,37,67,67,26,689,20,0,1.0,3
7.0,0.1,8,true,129,129,1.0,0.9998421967426888,91,0.86533084988551,0.91,51,51,80,80,3,199,0,0,1.0,1
3.0,0.3,12,true,107,107,0.0,0.9997153487380763,100,0.8593486642134216,1.0,37,38,58,58,14,505,14,0,1.0,0
3.0,0.0,3,true,96,96,0.0,0.9992539925871167,95,0.8494370365003848,0.95,34,34,47,47,13,0,8,0,1.0,4
5.0,0.2,13,true,92,92,1.0,0.9985236673353682,96,0.8517513295770828,0.96,37,37,43,43,2,155,0,0,1.0,0
3.0,0.7,3,true,72,72,0.0,0.9966581714897691,100,0.8464494710272862,1.0,23,23,23,23,2,146,2,0,1.0,0
3.0,1.0,23,true,76,76,1.0,0.9980101873559242,100,0.8496127447913367,1.0,24,24,21,24,4,181,4,0,1.0,0
5.0,0.0,23,true,107,107,0.0,0.9991065487803544,92,0.8297833048873745,0.92,45,48,58,58,10,0,2,0,1.0,7
5.0,0.5,3,true,86,86,1.0,0.9979473554279781,99,0.8492668469430973,0.99,34,33,37,37,1,150,0,0,1.0,0
3.0,2.0,13,true,73,73,1.0,0.9971274039062731,100,0.8473687921389872,1.0,20,24,22,24,5,196,5,0,1.0,0
3.0,5.0,3,true,113,113,0.0,0.9996997844487393,96,0.8407627969390975,0.96,43,43,64,64,34,849,30,0,1.0,6
7.0,0.1,9,true,89,89,1.0,0.9988174359434155,98,0.8508594410057679,0.98,33,33,40,40,0,62,0,0,1.0,0
7.0,0.5,17,true,104,104,1.0,0.9991678181599365,93,0.8546654704809543,0.93,43,43,55,55,2,149,0,0,1.0,1
3.0,0.3,13,true,69,69,1.0,0.9974163353933959,99,0.8474000367829527,0.99,17,18,20,20,2,107,1,0,1.0,0
3.0,0.1,23,true,118,118,1.0,0.999746314742856,97,0.8529552971081977,0.97,45,46,69,69,20,761,17,0,1.0,6
3.0,1.0,24,true,78,78,1.0,0.9977067576080947,100,0.8483579807699642,1.0,28,28,29,29,9,330,9,0,1.0,0
3.0,0.0,4,true,110,110,1.0,0.9987863286658107,100,0.7605862888974412,1.0,54,54,61,61,32,0,32,0,1.0,20
5.0,0.5,4,true,95,95,1.0,0.9991180661320491,94,0.8543781409758311,0.94,34,34,46,46,1,114,0,0,1.0,1
5.0,0.0,24,true,92,92,0.0,0.9990134514158916,99,0.8527376574191342,0.99,34,34,43,43,1,0,0,0,1.0,0
3.0,0.3,14,true,81,81,0.0,0.9972012905813485,98,0.8491986539387172,0.98,29,32,31,32,10,373,8,0,1.0,0
3.0,0.7,4,true,113,113,1.0,0.9993616719839206,97,0.8192506808177258,0.97,50,50,64,64,30,983,27,0,1.0,8
3.0,2.0,14,true,107,107,1.0,0.9990314198998413,94,0.8329705206129779,0.94,41,41,58,58,31,886,25,0,1.0,4
3.0,5.0,4,true,109,109,1.0,0.9981123785520363,99,0.6738188067998049,0.99,58,58,59,60,46,1095,44,1,1.0,6
3.0,0.1,24,true,82,82,1.0,0.9974041439000435,99,0.8502431769727654,0.99,32,33,33,33,9,365,8,0,1.0,2
7.0,0.5,18,true,101,101,0.0,0.9992808011490297,95,0.8546716891982806,0.95,38,38,52,52,0,92,0,0,1.0,0
3.0,0.0,5,true,76,76,1.0,0.9977706039406518,99,0.8483032631583265,0.99,26,26,27,27,6,0,5,0,1.0,0
3.0,0.7,5,true,81,81,0.0,0.9976611486370913,96,0.8511109123121483,0.96,30,30,32,32,10,370,6,0,1.0,0
3.0,0.1,25,true,73,73,1.0,0.996748551626551,100,0.8477938192639718,1.0,24,24,23,24,2,180,2,0,1.0,0
3.0,5.0,5,true,109,109,0.0,0.9984410128989212,100,0.6718725921230589,1.0,54,55,60,60,44,1077,44,0,1.0,6
3.0,0.3,15,true,120,120,0.0,0.9982897699098291,99,0.7440044571171517,0.99,66,67,71,71,46,1236,40,5,1.0,12
3.0,0.0,6,true,78,78,1.0,0.998166150383486,100,0.8498128019021762,1.0,24,24,29,29,5,0,5,0,1.0,3
3.0,0.1,26,true,70,70,0.0,0.9980475549608012,99,0.8481033034549178,0.99,18,18,21,21,0,67,0,0,1.0,0
3.0,0.3,16,true,72,72,0.0,0.9973364701312313,100,0.8474646535897201,1.0,23,23,22,23,2,145,2,0,1.0,0
3.0,0.7,6,true,115,115,1.0,0.9998394662624748,96,0.864000131056065,0.96,39,39,66,66,20,641,17,0,1.0,1
3.0,0.0,7,true,83,83,0.0,0.9982151538274451,95,0.8459560200198738,0.95,30,30,34,34,9,0,4,0,1.0,2
3.0,5.0,6,true,102,102,1.0,0.9996850920659397,97,0.8640933425446077,0.97,31,33,53,53,20,537,17,0,1.0,2
3.0,0.3,17,true,73,73,1.0,0.9974200853157419,100,0.8475569205088281,1.0,21,21,24,24,3,159,3,0,1.0,0
3.0,0.1,27,true,75,75,0.0,0.9976685063089121,100,0.8482253326788264,1.0,22,22,26,26,3,155,3,0,1.0,0
3.0,0.7,7,true,106,106,1.0,0.9997943712338296,96,0.8669358046069974,0.96,34,34,57,57,12,404,8,0,1.0,0
3.0,0.0,8,true,84,84,0.0,0.9986253892809164,96,0.8477654628636566,0.96,28,28,35,35,9,0,5,0,1.0,3
3.0,5.0,7,true,115,115,0.0,0.9999218802033489,98,0.8726848730229874,0.98,30,32,66,66,17,460,16,0,1.0,2
3.0,0.3,18,true,78,78,0.0,0.9973044474235715,98,0.8492249698028065,0.98,28,29,27,29,7,284,5,0,1.0,0
3.0,0.1,28,true,97,97,0.0,0.9991646154951038,98,0.8568776945816514,0.98,37,37,48,48,11,442,9,0,1.0,0
3.0,0.7,8,true,81,81,0.0,0.9977252523131455,99,0.8499166635040305,0.99,32,32,28,32,8,322,7,0,1.0,0
3.0,0.0,9,true,93,93,1.0,0.9993635358099656,97,0.8543328291468657,0.97,28,30,44,44,11,0,8,0,1.0,0
3.0,2.0,15,true,158,158,0.0,0.9996231172282515,97,0.8229364006572911,0.97,89,89,109,109,122,1856,75,44,1.0,25
3.0,0.3,19,true,69,69,1.0,0.9973837625527956,100,0.8467981758911961,1.0,18,19,20,20,2,108,2,0,1.0,0
3.0,5.0,8,true,84,84,0.0,0.9989117784520157,97,0.8562459947484755,0.97,27,27,35,35,10,317,7,0,1.0,1
3.0,0.1,29,true,83,83,1.0,0.997576698503613,100,0.8482480594586211,1.0,31,33,34,34,9,348,9,0,1.0,1
3.0,0.7,9,true,101,101,1.0,0.9995272048466032,97,0.8618186986586769,0.97,35,35,52,52,15,485,12,0,1.0,1
3.0,0.0,10,true,103,103,0.0,0.9986294043842192,98,0.7517683950037711,0.98,46,46,54,54,30,0,28,0,1.0,15
3.0,0.3,20,true,100,100,1.0,0.9994702766334231,99,0.8602493528010215,0.99,36,36,51,51,12,433,11,0,1.0,0
3.0,2.0,16,true,104,104,0.0,0.9995731375981955,97,0.8631087571628231,0.97,38,38,55,55,23,618,21,0,1.0,3
3.0,0.7,10,true,70,70,0.0,0.9968101554899413,99,0.8463437120450638,0.99,20,20,21,21,3,136,3,0,1.0,0
3.0,0.0,11,true,79,79,0.0,0.9977082227476722,99,0.8444641566666452,0.99,27,28,30,30,8,0,7,0,1.0,2
3.0,0.3,21,true,70,70,1.0,0.9976306760965469,100,0.8475176337525275,1.0,19,19,21,21,1,97,1,0,1.0,0
3.0,0.1,30,true,107,107,0.0,0.9996368670360337,97,0.8631424865381623,0.97,38,39,58,58,15,566,12,0,1.0,3
3.0,5.0,9,true,145,145,0.0,0.9999934841537543,90,0.8877801072168353,0.9,37,37,96,96,30,731,20,0,1.0,2
3.0,1.0,25,true,124,124,0.0,0.9999592303439339,95,0.874989849064842,0.95,33,36,75,75,20,616,15,0,1.0,1
3.0,0.7,11,true,80,80,1.0,0.99818521433581,99,0.8510884459639664,0.99,26,27,25,28,7,279,6,0,1.0,0
3.0,0.0,12,true,74,74,0.0,0.9973489405331861,99,0.8474990960166393,0.99,25,25,25,25,4,0,3,0,1.0,0
3.0,0.3,22,true,78,78,0.0,0.997393668857656,99,0.8490542754665452,0.99,29,29,26,29,8,308,7,0,1.0,0
3.0,2.0,17,true,106,106,0.0,0.999787985372896,99,0.8653624927293869,0.99,33,33,57,57,18,508,17,0,1.0,1
3.0,0.0,13,true,85,85,0.0,0.9988678711451757,99,0.8540415231568643,0.99,21,25,36,36,10,0,9,0,1.0,1
3.0,0.2,1,true,116,116,1.0,0.9995080446920863,95,0.8196684427306336,0.95,53,53,67,67,31,1000,26,0,1.0,8
3.0,5.0,10,true,116,116,0.0,0.997989029163953,100,0.675586209331755,1.0,60,60,60,60,51,1129,45,6,1.0,7
3.0,1.0,26,true,106,106,1.0,0.9996612770733039,96,0.8640358465901308,0.96,37,37,57,57,18,595,14,0,1.0,1
3.0,0.3,23,true,80,80,0.0,0.9975695183861272,97,0.849564224774501,0.97,31,31,31,31,8,321,5,0,1.0,0
3.0,0.7,12,true,114,114,0.0,0.9998936925556002,97,0.8694220028599329,0.97,34,34,65,65,13,468,10,0,1.0,0
3.0,2.0,18,true,103,103,0.0,0.9995291429393042,94,0.8635992026498586,0.94,34,34,54,54,21,582,15,0,1.0,1
3.0,1.0,27,true,67,67,1.0,0.9973763554729667,100,0.8464180747265527,1.0,17,17,18,18,2,96,2,0,1.0,0
3.0,0.0,14,true,104,104,1.0,0.9996642767659282,98,0.8583170839834721,0.98,34,34,55,55,14,0,12,0,1.0,2
3.0,0.3,24,true,75,75,1.0,0.9972929223413748,99,0.8486498818708703,0.99,26,26,23,26,6,243,5,0,1.0,0
3.0,0.7,13,true,81,81,1.0,0.9975648185084839,98,0.8500766376581661,0.98,31,32,30,32,10,381,8,0,1.0,0
3.0,5.0,11,true,106,106,0.0,0.9976838505282718,98,0.7129831693328393,0.98,53,51,57,57,44,1057,42,0,1.0,6
3.0,0.2,2,true,116,116,1.0,0.9996980144004094,97,0.8558726714233631,0.97,44,44,67,67,21,707,18,0,1.0,5
3.0,2.0,19,true,99,99,0.0,0.9994251634354309,98,0.8631837872441197,0.98,30,30,50,50,13,439,11,0,1.0,1
3.0,1.0,28,true,113,113,0.0,0.9975648321474457,99,0.6870646172769779,0.99,62,62,64,64,46,1205,44,1,1.0,9
3.0,0.0,15,true,108,108,1.0,0.9990992762882697,99,0.8005232869750575,0.99,45,48,59,59,27,0,25,1,1.0,13
3.0,0.3,25,true,106,106,1.0,0.9997469938228973,97,0.8644989043994713,0.97,36,34,57,57,13,451,10,0,1.0,1
3.0,5.0,12,true,103,103,1.0,0.9988225516993979,99,0.7840591510298993,0.99,46,46,54,54,40,961,39,0,1.0,6
3.0,0.7,14,true,112,112,1.0,0.9995638243929656,96,0.8552640634046305,0.96,43,43,63,63,27,792,23,0,1.0,6
3.0,0.2,3,true,107,107,1.0,0.9996543923009034,98,0.8640034667844304,0.98,39,40,58,58,13,545,11,0,1.0,1
3.0,2.0,20,true,112,112,1.0,0.9973766728253031,100,0.6816030846315386,1.0,63,63,62,63,51,1174,47,4,1.0,10
3.0,0.0,16,true,99,99,1.0,0.9995261948627464,99,0.8584899195285368,0.99,34,33,50,50,15,0,14,0,1.0,5
3.0,0.3,26,true,83,83,0.0,0.9980860079091656,99,0.8520298672267703,0.99,32,31,29,32,10,359,9,0,1.0,0
3.0,1.0,29,true,107,107,1.0,0.9994098263674913,98,0.8614083701547857,0.98,45,44,58,58,27,783,25,0,1.0,4
3.0,5.0,13,true,106,106,1.0,0.9984729866841281,100,0.7038316818338523,1.0,51,51,57,57,41,1045,41,0,1.0,5
3.0,0.7,15,true,111,111,0.0,0.9997807651961935,95,0.8669088496946218,0.95,35,35,62,62,17,546,12,0,1.0,3
3.0,0.0,17,true,72,72,0.0,0.9975445088249544,100,0.8469422586388525,1.0,23,23,23,23,4,0,4,0,1.0,0
3.0,2.0,21,true,73,73,0.0,0.9974557814197071,99,0.8494576609126934,0.99,21,22,21,22,4,184,3,0,1.0,0
3.0,0.2,4,true,120,120,0.0,0.9993430056296805,97,0.7835426857565876,0.97,57,57,71,71,34,1061,31,0,1.0,10
3.0,0.3,27,true,76,76,1.0,0.9975076866878984,100,0.8479571459819654,1.0,26,27,25,27,5,230,5,0,1.0,0
3.0,0.7,16,true,77,77,1.0,0.9974512444605584,100,0.848318469777067,1.0,28,28,26,28,6,275,6,0,1.0,0
3.0,1.0,30,true,112,112,1.0,0.9995632076711266,94,0.8298033165477359,0.94,45,45,63,63,33,959,27,0,1.0,3
3.0,5.0,14,true,109,109,0.0,0.9972377631141908,100,0.688284527599902,1.0,59,60,59,60,55,1116,47,8,1.0,13
3.0,0.3,28,true,75,75,0.0,0.9976394763448125,100,0.8478122206155139,1.0,23,25,26,26,4,195,4,0,1.0,0
3.0,0.7,17,true,73,73,0.0,0.9971579912848242,98,0.8486680144474693,0.98,23,22,24,24,2,164,0,0,1.0,0
3.0,0.2,5,true,85,85,0.0,0.9971016477579725,96,0.8511847906145781,0.96,33,35,36,36,10,373,6,0,1.0,0
3.0,2.0,22,true,100,100,0.0,0.9996763066042904,97,0.863896152806721,0.97,30,30,51,51,16,451,13,0,1.0,0
3.0,0.0,18,true,75,75,1.0,0.9977410644471945,99,0.8485067167164833,0.99,21,26,24,26,6,0,5,0,1.0,1
3.0,0.7,18,true,68,68,1.0,0.9965466747851657,99,0.846874634404671,0.99,18,18,19,19,2,114,1,0,1.0,0
3.0,0.3,29,true,84,84,0.0,0.9979846513051582,99,0.8509309030771718,0.99,33,33,35,35,9,387,8,0,1.0,1
3.0,5.0,15,true,122,122,0.0,0.9988017442139957,96,0.7114764141128646,0.96,58,57,61,61,48,1148,38,6,1.0,9
3.0,0.2,6,true,81,81,1.0,0.9977452797368721,98,0.8500203423487966,0.98,32,31,29,32,6,286,4,0,1.0,0
3.0,2.0,23,true,86,86,1.0,0.9986019597688339,98,0.8550434488890925,0.98,30,31,28,31,9,310,7,0,1.0,1
3.0,0.0,19,true,75,75,1.0,0.9980136874534336,99,0.8480893122650595,0.99,23,23,26,26,5,0,4,0,1.0,0
3.0,0.2,7,true,74,74,1.0,0.9978295783693122,97,0.8507064913633037,0.97,17,23,23,23,3,159,0,0,1.0,0
3.0,0.7,19,true,110,110,1.0,0.999766741845606,97,0.8652949956913207,0.97,38,38,61,61,16,603,13,0,1.0,1
3.0,2.0,24,true,112,112,0.0,0.9998813525047744,97,0.8697895722229807,0.97,34,34,63,63,20,551,17,0,1.0,3
3.0,5.0,16,true,115,115,1.0,0.9998604694368801,97,0.8646336763371512,0.97,34,37,66,66,28,705,25,0,1.0,2
3.0,0.3,30,true,123,123,0.0,0.999809920661352,95,0.8398797013099181,0.95,48,51,74,74,27,887,22,0,1.0,11
3.0,0.0,20,true,103,103,1.0,0.9995660480211062,98,0.8534566876178696,0.98,34,34,54,54,17,0,15,0,1.0,4
3.0,0.7,20,true,98,98,0.0,0.9995242484096551,98,0.861500319190351,0.98,31,31,49,49,11,409,9,0,1.0,1
3.0,2.0,25,true,74,74,0.0,0.997636861036487,99,0.8493620073920821,0.99,25,25,18,25,6,233,5,0,1.0,0
3.0,0.2,8,true,108,108,1.0,0.9996910132838138,98,0.8592699366852524,0.98,37,38,59,59,15,571,13,0,1.0,0
3.0,5.0,17,true,111,111,0.0,0.9994809103090958,94,0.8008435147129397,0.94,45,45,62,62,40,967,34,0,1.0,5
3.0,1.5,1,true,79,79,0.0,0.9978797642897755,100,0.8499054205756619,1.0,26,27,30,30,10,321,10,0,1.0,0
3.0,0.5,1,true,101,101,0.0,0.9995575715282241,96,0.862819162959243,0.96,33,35,52,52,15,459,11,0,1.0,1
3.0,0.0,21,true,104,104,0.0,0.9988176021956677,97,0.7638496120475081,0.97,47,47,55,55,27,0,23,1,1.0,12
3.0,5.0,18,true,66,66,1.0,0.9971934879033824,100,0.8464662278674822,1.0,16,16,17,17,0,67,0,0,1.0,0
3.0,1.5,2,true,66,66,1.0,0.997394896299712,100,0.8463710843433381,1.0,15,17,17,17,0,54,0,0,1.0,0
3.0,0.7,21,true,110,110,1.0,0.9997381524231399,99,0.8642757954315713,0.99,36,37,61,61,17,556,16,0,1.0,0
3.0,0.2,9,true,107,107,1.0,0.9994960839307067,99,0.8624717300917091,0.99,36,36,58,58,17,575,16,0,1.0,0
3.0,2.0,26,true,154,154,1.0,0.9994432409937848,97,0.8538076881492137,0.97,86,85,105,105,120,1766,70,47,1.0,27
3.0,0.0,22,true,76,76,1.0,0.9975073938625887,98,0.8478150685406856,0.98,24,25,27,27,6,0,4,0,1.0,1
3.0,5.0,19,true,66,66,0.0,0.9974534529930332,100,0.8467312254960198,1.0,16,16,17,17,0,62,0,0,1.0,0
3.0,1.5,3,true,80,80,1.0,0.9983809289635626,98,0.8528211379423841,0.98,25,27,23,28,7,248,5,0,1.0,0
3.0,0.5,2,true,119,119,1.0,0.998334569212423,99,0.714575637580744,0.99,67,67,70,70,44,1209,40,3,1.0,14
3.0,0.2,10,true,72,72,1.0,0.9973280965039816,100,0.8469570873021329,1.0,23,23,23,23,3,162,3,0,1.0,0
3.0,0.7,22,true,119,119,1.0,0.9979776772696544,100,0.7141320437234313,1.0,65,68,70,70,45,1264,41,4,1.0,13
3.0,0.0,23,true,96,96,0.0,0.9994474173880988,98,0.8599898163042844,0.98,31,31,47,47,14,0,12,0,1.0,2
3.0,2.0,27,true,106,106,1.0,0.9994685227147794,95,0.8460001389774401,0.95,40,40,57,57,32,801,27,0,1.0,3
3.0,5.0,20,true,115,115,1.0,0.9999013815803484,97,0.8716458199472893,0.97,33,33,66,66,22,511,20,0,1.0,2
3.0,0.2,11,true,74,74,1.0,0.9969356957970479,100,0.8468228339576243,1.0,24,24,25,25,4,199,4,0,1.0,0
3.0,1.5,4,true,103,103,1.0,0.9996288603605712,97,0.8633352795439383,0.97,37,36,54,54,17,531,14,0,1.0,0
3.0,0.5,3,true,83,83,0.0,0.9983207520602568,100,0.8520773744977358,1.0,31,31,29,31,7,273,7,0,1.0,0
3.0,0.7,23,true,77,77,0.0,0.9977314087506081,99,0.8493939427834557,0.99,23,28,26,28,5,219,4,0,1.0,0
3.0,0.0,24,true,97,97,0.0,0.999547181077913,98,0.859797610232714,0.98,29,29,48,48,13,0,11,0,1.0,3
3.0,2.0,28,true,107,107,0.0,0.9994614884938374,97,0.8460918508052496,0.97,41,41,58,58,30,807,27,0,1.0,5
3.0,0.5,4,true,71,71,1.0,0.997423664203078,100,0.8476712526572732,1.0,18,18,22,22,3,119,3,0,1.0,0
3.0,5.0,21,true,103,103,1.0,0.9993329547682588,98,0.8486657380834046,0.98,40,42,54,54,31,786,29,0,1.0,7
3.0,0.2,12,true,105,105,0.0,0.999672058839429,100,0.8622882028550168,1.0,36,36,56,56,14,466,14,0,1.0,0
3.0,0.7,24,true,78,78,0.0,0.9974544935679127,99,0.8477835839398125,0.99,29,28,27,29,8,315,7,0,1.0,0
3.0,0.0,25,true,83,83,1.0,0.9976794409255586,100,0.832022121641008,1.0,31,31,32,32,7,0,7,0,1.0,3
3.0,0.5,5,true,76,76,1.0,0.9976666804843913,98,0.849379262735825,0.98,25,24,25,25,5,210,3,0,1.0,0
3.0,0.2,13,true,83,83,1.0,0.9977383824762768,97,0.8511654373728915,0.97,33,34,33,34,10,380,7,0,1.0,0
3.0,5.0,22,true,108,108,0.0,0.9994465574969634,99,0.7915433949545332,0.99,44,44,59,59,38,958,37,0,1.0,4
3.0,2.0,29,true,132,132,1.0,0.999968136950644,92,0.8669401090284974,0.92,40,40,83,83,31,785,23,0,1.0,3
3.0,0.7,25,true,117,117,0.0,0.9991811280416012,98,0.8162295303451464,0.98,56,58,68,68,33,1046,31,0,1.0,9
3.0,0.5,6,true,77,77,1.0,0.9976468547783303,99,0.8500153845519752,0.99,27,28,23,28,4,243,3,0,1.0,0
3.0,1.5,5,true,111,111,0.0,0.9985594174487937,98,0.7171061124669278,0.98,51,51,62,62,42,1082,40,0,1.0,9
3.0,0.0,26,true,102,102,0.0,0.9991368500230682,99,0.8044079453462155,0.99,40,40,53,53,19,0,18,0,1.0,7
3.0,0.2,14,true,75,75,1.0,0.9977038163213904,99,0.8482084226631564,0.99,22,23,26,26,3,174,3,0,1.0,1
3.0,2.0,30,true,101,101,0.0,0.9995754639119353,99,0.8623726224388557,0.99,33,34,52,52,18,508,17,0,1.0,2
3.0,5.0,23,true,105,105,0.0,0.9991481358835719,97,0.8347373229090291,0.97,46,43,56,56,37,876,34,0,1.0,7
3.0,0.0,27,true,80,80,1.0,0.9976528352114502,99,0.8459344016847543,0.99,28,30,31,31,6,0,6,0,1.0,0
3.0,0.5,7,true,79,79,0.0,0.9972930760823943,98,0.8489173635455106,0.98,27,28,29,30,8,334,6,0,1.0,0
3.0,0.7,26,true,112,112,1.0,0.9996907415717833,94,0.8606931227967182,0.94,42,41,63,63,27,793,21,0,1.0,3
3.0,1.5,6,true,108,108,1.0,0.9996422198200938,94,0.865625043477509,0.94,42,42,59,59,22,644,16,0,1.0,3
3.0,3.0,1,true,78,78,0.0,0.9978596829086815,99,0.851503402084882,0.99,27,27,20,27,8,279,7,0,1.0,0
3.0,0.2,15,true,108,108,1.0,0.9996304744985355,98,0.8626696058247384,0.98,40,40,59,59,17,613,15,0,1.0,3
3.0,5.0,24,true,114,114,0.0,0.9977339136368889,100,0.7221734616126041,1.0,65,65,63,65,67,1138,50,17,1.0,10
3.0,0.5,8,true,76,76,0.0,0.9973567991231898,97,0.8488883016285736,0.97,25,27,26,27,7,272,4,0,1.0,0
3.0,3.0,2,true,77,77,0.0,0.99798151610175,99,0.8496750111963233,0.99,27,27,28,28,8,267,8,0,1.0,0
3.0,0.7,27,true,103,103,1.0,0.9994439606033871,96,0.8611932354526215,0.96,36,37,54,54,19,594,15,0,1.0,0
3.0,0.0,28,true,97,97,1.0,0.998947017696146,99,0.822189402089209,0.99,38,40,48,48,15,0,14,0,1.0,7
3.0,0.2,16,true,83,83,0.0,0.9970973846900112,98,0.8492335968776705,0.98,34,34,34,34,9,370,7,0,1.0,0
3.0,1.5,7,true,110,110,1.0,0.9991618849011128,99,0.8152004835296255,0.99,47,47,61,61,35,943,34,0,1.0,6
3.0,5.0,25,true,99,99,1.0,0.9997461979075563,98,0.8653194654155127,0.98,25,25,50,50,10,322,9,0,1.0,0
3.0,0.7,28,true,82,82,0.0,0.9982930711097775,97,0.854177912306153,0.97,28,28,27,28,6,269,3,0,1.0,0
3.0,0.5,9,true,83,83,1.0,0.9977114773656309,99,0.8513552776422906,0.99,29,34,31,34,10,384,9,0,1.0,0
3.0,0.2,17,true,79,79,0.0,0.9975241697785373,97,0.8496350585296845,0.97,30,30,30,30,8,327,5,0,1.0,0
3.0,0.0,29,true,78,78,0.0,0.9977875309594243,98,0.8485326898074034,0.98,26,27,29,29,7,0,5,0,1.0,1
3.0,3.0,3,true,120,120,1.0,0.9999207555605303,95,0.8607900960834078,0.95,36,38,71,71,29,723,25,0,1.0,2
3.0,1.5,8,true,112,112,0.0,0.9996576231828861,96,0.8597679096100054,0.96,42,42,63,63,28,762,24,0,1.0,5
3.0,5.0,26,true,109,109,0.0,0.9981661602132545,100,0.6561316287390891,1.0,54,54,57,57,45,1089,45,0,1.0,6
5.0,2.0,29,false,0,3000,1.0,0.9999999999999999,86,0.9999999233705105,0.86,55,55,0,0,17,666,5,0,1.0,4
3.0,0.2,18,true,105,105,0.0,0.9996263144403268,100,0.861971088021334,1.0,36,37,56,56,15,536,15,0,1.0,0
3.0,0.0,30,true,95,95,0.0,0.9992832681724352,96,0.8590608835913452,0.96,30,30,46,46,12,0,8,0,1.0,2
3.0,0.5,10,true,100,100,0.0,0.9995340230416657,99,0.8614596158607978,0.99,35,35,51,51,12,442,11,0,1.0,0
5.0,0.7,22,false,0,3000,1.0,0.9999999999999999,87,0.9999999245166937,0.87,60,60,0,0,15,668,3,0,1.0,5
3.0,1.5,9,true,73,73,0.0,0.9971164438062732,100,0.8475688278685521,1.0,24,24,20,24,5,225,5,0,1.0,0
3.0,0.7,29,true,122,122,0.0,0.9976846033274246,100,0.7171850441565347,1.0,71,72,73,73,55,1295,44,11,1.0,14
3.0,3.0,4,true,102,102,0.0,0.9996292573966337,98,0.8604444595604916,0.98,35,35,53,53,17,491,15,0,1.0,1
7.0,3.0,12,false,0,3000,0.0,0.9999999999999999,79,0.9999998760001226,0.79,75,78,0,0,37,1045,16,0,1.0,7
7.0,1.5,23,false,0,3000,1.0,0.9999999999999999,88,0.9999999255912795,0.88,51,55,0,0,3,196,0,0,1.0,1
5.0,2.0,30,true,84,84,1.0,0.9987907942011646,97,0.8527244390940086,0.97,21,22,35,35,2,93,0,0,1.0,0
3.0,5.0,27,true,104,104,1.0,0.9995437633122175,98,0.8621685304127694,0.98,39,39,55,55,30,734,28,0,1.0,8
3.0,1.5,10,true,73,73,1.0,0.9965309923482394,100,0.8484064212731817,1.0,22,24,20,24,5,209,5,0,1.0,0
3.0,0.5,11,true,77,77,0.0,0.9974444325056663,97,0.8495364970377293,0.97,28,28,28,28,7,260,4,0,1.0,0
3.0,0.2,19,true,106,106,1.0,0.9997043371760018,97,0.8641164862108726,0.97,34,34,57,57,14,474,11,0,1.0,0
5.0,1.5,11,false,0,3000,0.0,0.9999999999999999,88,0.9999999284254005,0.88,51,51,0,0,14,598,2,0,1.0,1
5.0,0.7,23,true,89,89,0.0,0.9983845528596208,96,0.850997794129749,0.96,31,32,40,40,1,118,0,0,1.0,0
7.0,3.0,13,true,85,85,0.0,0.9987085276948187,97,0.8492750448791355,0.97,30,30,36,36,0,50,0,0,1.0,0
3.0,0.1,1,true,117,117,0.0,0.9994386863061652,97,0.8276348485683224,0.97,53,53,68,68,29,953,26,0,1.0,7
3.0,0.7,30,true,117,117,0.0,0.9999001338333144,98,0.869819881001823,0.98,36,37,68,68,16,526,14,0,1.0,0
3.0,3.0,5,true,109,109,0.0,0.9995015145388985,96,0.7904292773231151,0.96,46,46,60,60,39,949,35,0,1.0,5
3.0,5.0,28,true,70,70,0.0,0.9973623253150563,99,0.8476835296358838,0.99,21,21,18,21,3,137,2,0,1.0,0
3.0,1.5,11,true,78,78,1.0,0.9976362167240934,99,0.8496254317142496,0.99,28,28,29,29,8,283,7,0,1.0,1
3.0,0.5,12,true,72,72,0.0,0.9969923219107788,100,0.8475801543890613,1.0,21,21,21,21,4,174,4,0,1.0,0
7.0,1.0,5,false,0,3000,1.0,0.9999999999999999,83,0.9999999180355796,0.83,77,77,0,0,14,707,0,0,1.0,5
7.0,3.0,14,true,85,85,0.0,0.9986693148350124,98,0.8487412359359322,0.98,29,29,36,36,0,42,0,0,1.0,0
5.0,5.0,19,false,0,3000,0.0,0.9999999999999999,87,0.9999999082910686,0.87,52,52,0,0,37,938,24,0,1.0,6
5.0,0.7,24,true,89,89,1.0,0.9985036051113724,96,0.8521085763223093,0.96,31,31,40,40,3,158,0,0,1.0,1
3.0,0.2,20,true,122,122,1.0,0.9992702403567648,97,0.796011341998438,0.97,55,55,73,73,32,1054,29,0,1.0,13
3.0,0.1,2,true,103,103,1.0,0.9996445106929245,100,0.8623758185561377,1.0,35,35,54,54,13,443,13,0,1.0,1
3.0,3.0,6,true,115,115,0.0,0.9977688247300388,100,0.6966864469430685,1.0,66,66,63,66,56,1153,45,11,1.0,14
3.0,1.0,1,true,117,117,1.0,0.9994367488343086,99,0.8292233299881545,0.99,52,52,68,68,34,1008,33,0,1.0,8
3.0,5.0,29,true,108,108,0.0,0.9976481174277965,99,0.6750178379425713,0.99,57,57,58,59,49,1093,47,1,1.0,8
5.0,5.0,20,true,76,76,1.0,0.9981972388595213,98,0.8480817320889534,0.98,23,23,27,27,0,51,0,0,1.0,0
5.0,0.7,25,true,78,78,1.0,0.9986684418117597,100,0.8495933334473268,1.0,21,23,29,29,0,51,0,0,1.0,0
3.0,1.5,12,true,118,118,1.0,0.9978350474879669,99,0.6934595578800005,0.99,63,63,67,67,56,1246,50,5,1.0,11
7.0,1.0,6,true,103,103,0.0,0.999467874935949,92,0.856626747717002,0.92,39,40,54,54,0,76,0,0,1.0,0
3.0,0.5,13,true,108,108,1.0,0.9996516963126351,96,0.8638291925731868,0.96,38,39,59,59,17,607,13,0,1.0,0
5.0,0.0,25,false,0,3000,0.0,0.9999999999999999,89,0.9999999049107196,0.89,58,58,0,0,17,0,7,1,1.0,11
3.0,1.0,2,true,76,76,0.0,0.9963530256381972,100,0.847591515603561,1.0,27,27,25,27,8,287,8,0,1.0,1
5.0,0.5,5,false,0,3000,1.0,0.9999999999999999,89,0.9999999289418052,0.89,47,46,0,0,8,348,0,0,1.0,3
3.0,0.2,21,true,112,112,0.0,0.9997139012129859,100,0.8637703314815615,1.0,41,42,63,63,18,654,18,0,1.0,2
5.0,5.0,21,true,88,88,1.0,0.998589804781518,96,0.8523080718551191,0.96,28,29,39,39,3,143,1,0,1.0,1
3.0,5.0,30,true,105,105,0.0,0.9998127001900253,98,0.8672574929192136,0.98,28,28,56,56,17,440,15,0,1.0,3
3.0,0.1,3,true,110,110,0.0,0.9996756305007498,95,0.8650530055871614,0.95,39,39,61,61,19,662,14,0,1.0,0
3.0,0.5,14,true,69,69,1.0,0.9980107511915913,100,0.8479522519945969,1.0,16,17,20,20,0,71,0,0,1.0,0
3.0,3.0,7,true,107,107,0.0,0.9994023003858458,96,0.8152683958620871,0.96,43,43,58,58,38,944,34,0,1.0,4
7.0,0.2,26,false,0,3000,0.0,0.9999999999999999,85,0.9999999252371917,0.85,53,53,0,0,2,172,0,0,1.0,0
5.0,0.7,26,true,97,97,1.0,0.9990868127458182,92,0.8561689929630781,0.92,35,35,48,48,3,188,0,0,1.0,0
5.0,0.0,26,true,87,87,0.0,0.9985081250440686,97,0.8504201657446839,0.97,31,33,38,38,1,0,0,0,1.0,1
3.0,1.5,13,true,121,121,0.0,0.9999196375191001,95,0.872879224496424,0.95,36,36,72,72,24,657,20,0,1.0,3
7.0,1.0,7,true,132,132,1.0,0.9998560520859193,90,0.8682355512225499,0.9,53,54,83,83,4,266,0,0,1.0,1
3.0,1.0,3,true,100,100,0.0,0.9993545147387088,100,0.8594678565525965,1.0,35,35,51,51,13,462,13,0,1.0,1
5.0,0.5,6,true,93,93,0.0,0.9983558107916991,95,0.8523363022712828,0.95,39,39,44,44,5,242,0,0,1.0,3
3.0,0.5,15,true,72,72,0.0,0.9974996287978903,100,0.8476111506916439,1.0,19,19,23,23,4,160,4,0,1.0,0
3.0,0.1,4,true,79,79,0.0,0.9975224190956915,98,0.8492067421381226,0.98,30,30,30,30,9,314,7,0,1.0,0
3.0,3.0,8,true,109,109,1.0,0.99980768028651,98,0.8660597024051148,0.98,34,34,60,60,25,651,23,0,1.0,1
5.0,0.0,1,true,121,121,1.0,0.9994137482813865,92,0.8163727378450446,0.92,59,59,72,72,15,0,8,0,1.0,12
3.0,1.5,14,true,77,77,0.0,0.997481751676739,97,0.8492390073496753,0.97,26,28,27,28,10,312,7,0,1.0,0
5.0,0.0,27,true,86,86,0.0,0.9990325414350864,94,0.8523626217398627,0.94,26,26,37,37,0,0,0,0,1.0,0
3.0,0.2,22,true,120,120,0.0,0.9985666295689083,96,0.7660451509120162,0.96,65,65,71,71,33,1166,29,0,1.0,12
3.0,0.1,5,true,74,74,0.0,0.9974931600226562,98,0.8492340061256285,0.98,23,23,23,23,2,173,0,0,1.0,0
3.0,0.5,16,true,77,77,0.0,0.9976947814055122,100,0.8495215708447185,1.0,28,28,25,28,5,224,5,0,1.0,0
5.0,0.7,27,true,98,98,1.0,0.9993808753365776,94,0.8577066199879984,0.94,32,32,49,49,2,143,0,0,1.0,0
5.0,0.5,7,true,102,102,1.0,0.9988152991019774,94,0.8560282241966816,0.94,44,44,53,53,6,331,1,0,1.0,3
3.0,1.0,4,true,119,119,0.0,0.9998626541179572,95,0.8697922359678509,0.95,40,43,70,70,23,697,18,0,1.0,4
7.0,1.0,8,true,93,93,0.0,0.9988532754012321,93,0.8515163311996932,0.93,36,36,44,44,0,73,0,0,1.0,0
3.0,0.2,23,true,72,72,1.0,0.9977019062793167,100,0.8477131989477562,1.0,22,22,23,23,1,111,1,0,1.0,0
3.0,1.5,15,true,83,83,0.0,0.998178859285602,99,0.8531106597992286,0.99,32,32,34,34,8,326,7,0,1.0,0
5.0,0.0,28,true,86,86,0.0,0.9986651730378856,97,0.8523573503330143,0.97,28,30,37,37,0,0,0,0,1.0,0
3.0,3.0,9,true,104,104,0.0,0.9997871664903084,96,0.8670779969213003,0.96,30,31,55,55,17,468,13,0,1.0,1
5.0,0.0,2,true,114,114,0.0,0.9997190999938634,93,0.8481829433078771,0.93,42,42,65,65,6,0,1,0,1.0,4
7.0,0.1,10,false,0,3000,0.0,0.9999999999999999,89,0.9999999250205762,0.89,49,49,0,0,1,125,0,0,1.0,0
3.0,0.5,17,true,80,80,0.0,0.997428807280806,98,0.8493656416600716,0.98,29,29,28,29,5,254,3,0,1.0,0
5.0,0.7,28,true,80,80,0.0,0.9985683549701069,99,0.8497943551511988,0.99,26,26,31,31,0,53,0,0,1.0,0
5.0,0.5,8,true,88,88,1.0,0.9986429229303831,97,0.8500852289891765,0.97,32,32,39,39,1,110,0,0,1.0,1
3.0,0.2,24,true,77,77,0.0,0.9956976545105337,100,0.8483244711596997,1.0,26,26,28,28,5,222,5,0,1.0,0
3.0,0.1,6,true,107,107,1.0,0.9996916248135057,97,0.8646688002119642,0.97,34,37,58,58,17,554,14,0,1.0,1
5.0,0.0,29,true,103,103,0.0,0.9998223411653298,93,0.8631447361447528,0.93,27,27,54,54,0,0,0,0,1.0,0
3.0,1.0,5,true,106,106,0.0,0.9993135918199694,97,0.8308552842654191,0.97,42,43,57,57,30,883,27,0,1.0,4
3.0,1.5,16,true,114,114,0.0,0.99944641816452,94,0.7790606425110304,0.94,48,48,65,65,35,1034,29,0,1.0,5
7.0,0.1,11,true,99,99,0.0,0.9987199293724618,95,0.8522421748370036,0.95,42,42,50,50,1,148,0,0,1.0,0
5.0,0.5,9,true,83,83,1.0,0.9982312899119065,99,0.8492276973537473,0.99,29,29,34,34,1,101,0,0,1.0,0
3.0,0.5,18,true,74,74,0.0,0.997583511205695,100,0.848417733869085,1.0,23,25,23,25,3,172,3,0,1.0,0
3.0,1.5,17,true,85,85,0.0,0.9986028753785925,98,0.8532858441229806,0.98,30,29,36,36,10,314,8,0,1.0,1
3.0,3.0,10,true,125,125,0.0,0.9999563543378822,94,0.8721842742997946,0.94,35,35,76,76,29,686,23,0,1.0,3
3.0,0.1,7,true,108,108,0.0,0.9997186405126353,95,0.864572616928014,0.95,38,38,59,59,19,593,14,0,1.0,3
5.0,0.7,29,true,102,102,0.0,0.9988106205361309,93,0.8584843346820599,0.93,42,41,53,53,7,336,1,0,1.0,4
5.0,0.2,14,false,0,3000,0.0,0.9999999999999999,86,0.9999999267723211,0.86,56,56,0,0,14,609,1,0,1.0,5
3.0,1.0,6,true,115,115,1.0,0.9997188836404058,95,0.8574286826036712,0.95,47,46,66,66,28,861,23,0,1.0,4
5.0,0.0,30,true,94,94,1.0,0.9993485393326681,93,0.8551776580411902,0.93,31,31,45,45,2,0,0,0,1.0,2
7.0,0.1,12,true,95,95,1.0,0.9995509325334627,93,0.8553929486531623,0.93,29,29,46,46,0,36,0,0,1.0,0
5.0,0.0,3,true,130,130,1.0,0.9998172517016389,91,0.8383720748027931,0.91,53,53,81,81,13,0,6,0,1.0,9
3.0,0.2,25,true,108,108,1.0,0.9996560080153415,95,0.8633480606336547,0.95,40,40,59,59,16,603,11,0,1.0,3
3.0,0.1,8,true,73,73,0.0,0.997493733807002,100,0.8490275754417094,1.0,22,22,21,22,2,179,2,0,1.0,0
3.0,1.5,18,true,78,78,0.0,0.9981646142204232,99,0.85004394456006,0.99,22,25,24,25,6,202,5,0,1.0,1
3.0,0.5,19,true,107,107,0.0,0.9996916005158148,96,0.8636566123554742,0.96,36,37,58,58,12,452,8,0,1.0,0
3.0,1.0,7,true,69,69,1.0,0.9963116712343393,100,0.84691243560215,1.0,18,18,20,20,2,131,2,0,1.0,0
5.0,0.1,1,true,81,81,0.0,0.9985336458987197,98,0.8492049513923714,0.98,27,27,32,32,0,55,0,0,1.0,0
5.0,0.2,15,true,79,79,0.0,0.9983325990211278,97,0.8495720589920712,0.97,27,27,30,30,0,72,0,0,1.0,0
5.0,0.7,30,true,97,97,1.0,0.9985453178082545,95,0.8536095728269696,0.95,42,42,48,48,4,212,0,0,1.0,0
3.0,3.0,11,true,124,124,1.0,0.9975159543780974,98,0.8005293857574213,0.98,72,75,73,75,92,1304,51,39,1.0,15
3.0,0.1,9,true,85,85,0.0,0.9983139938825858,100,0.8501534607847152,1.0,29,30,36,36,9,347,9,0,1.0,1
3.0,1.0,8,true,79,79,1.0,0.9976922658823726,97,0.8499192718814762,0.97,30,30,28,30,7,278,4,0,1.0,1
7.0,0.5,19,false,0,3000,1.0,0.9999999999999999,89,0.999999917277497,0.89,73,73,0,0,4,282,0,0,1.0,2
5.0,0.0,4,true,127,127,0.0,0.9999367508116777,92,0.8526618686981217,0.92,42,42,78,78,7,0,1,0,1.0,5
3.0,0.2,26,true,106,106,1.0,0.9995705883149932,99,0.8571482555469288,0.99,40,41,57,57,21,678,20,0,1.0,3
5.0,0.2,16,true,75,75,1.0,0.9977828386944532,98,0.8477029202108262,0.98,25,25,26,26,0,60,0,0,1.0,0
5.0,0.1,2,true,92,92,0.0,0.9990976634709086,97,0.8539724113673276,0.97,31,31,43,43,1,102,0,0,1.0,1
3.0,1.5,19,true,112,112,0.0,0.9996691207135825,97,0.8614929101270175,0.97,41,41,63,63,26,748,23,0,1.0,6
5.0,1.0,1,true,85,85,0.0,0.9981295065096822,99,0.8498661303242594,0.99,31,33,36,36,1,137,0,0,1.0,0
3.0,0.5,20,true,116,116,1.0,0.9996306956929465,97,0.8460073400449253,0.97,46,46,67,67,29,856,26,0,1.0,4
3.0,0.1,10,true,76,76,0.0,0.9977096656499534,100,0.8490691361328154,1.0,24,24,25,25,3,198,3,0,1.0,0
3.0,1.0,9,true,76,76,1.0,0.9971188688426047,98,0.8481027750481422,0.98,27,27,25,27,7,296,5,0,1.0,0
5.0,0.0,5,true,79,79,1.0,0.9985632544263359,99,0.8492191385196091,0.99,24,24,30,30,0,0,0,0,1.0,0
3.0,1.5,20,true,78,78,0.0,0.9979382721844378,100,0.8511695901238031,1.0,25,25,21,25,7,273,7,0,1.0,0
7.0,0.5,20,true,92,92,1.0,0.9988109210978611,92,0.8512733435239414,0.92,36,36,43,43,0,70,0,0,1.0,0
5.0,0.2,17,true,84,84,1.0,0.9982096866158566,97,0.8496149301159728,0.97,30,30,35,35,1,93,0,0,1.0,1
5.0,1.0,2,true,85,85,1.0,0.9980134264784634,98,0.8495779780818983,0.98,30,32,36,36,1,116,0,0,1.0,0
3.0,0.2,27,true,108,108,1.0,0.9995796644500594,97,0.8586713823420763,0.97,42,41,59,59,16,599,13,0,1.0,0
5.0,0.1,3,true,114,114,1.0,0.999715058493814,91,0.8632679638298371,0.91,42,46,65,65,6,261,0,0,1.0,0
3.0,0.1,11,true,71,71,0.0,0.9974615349199483,99,0.848059535349047,0.99,22,22,22,22,3,167,2,0,1.0,0
3.0,0.5,21,true,92,92,1.0,0.9992991103207336,98,0.8584971584326315,0.98,30,30,43,43,11,390,9,0,1.0,0
3.0,3.0,12,true,108,108,0.0,0.9975126021224935,100,0.6682809792114219,1.0,58,58,59,59,47,1106,45,2,1.0,8
3.0,1.0,10,true,113,113,0.0,0.9996955689351836,95,0.85226516062458,0.95,41,41,64,64,26,786,21,0,1.0,4
5.0,0.0,6,true,96,96,1.0,0.9992288441962843,95,0.8559013730163151,0.95,34,34,47,47,2,0,0,0,1.0,2
5.0,0.2,18,true,92,92,0.0,0.9988195950833291,95,0.8533397451502256,0.95,33,33,43,43,2,151,0,0,1.0,0
5.0,1.0,3,true,84,84,1.0,0.9992856965904359,93,0.8536772428986393,0.93,22,22,35,35,0,50,0,0,1.0,0
3.0,1.5,21,true,112,112,1.0,0.997546000371006,100,0.7030667946663007,1.0,62,62,63,63,48,1183,47,1,1.0,11
3.0,0.2,28,true,103,103,1.0,0.9996208781671291,99,0.8613178385988015,0.99,34,34,54,54,15,511,14,0,1.0,2
3.0,0.1,12,true,122,122,1.0,0.9996290478166943,98,0.8387971155010869,0.98,53,53,73,73,30,1000,28,0,1.0,11
3.0,0.5,22,true,73,73,0.0,0.9977768813571308,100,0.8490342925643957,1.0,20,20,21,21,2,133,2,0,1.0,0
3.0,3.0,13,true,81,81,0.0,0.9983411027863781,99,0.8520686005108455,0.99,28,28,32,32,10,311,9,0,1.0,0
5.0,1.0,4,true,87,87,0.0,0.9987011957219396,94,0.852706836210405,0.94,28,30,38,38,1,125,0,0,1.0,0
3.0,1.5,22,true,78,78,0.0,0.9972177437401261,97,0.8488080705801995,0.97,28,28,29,29,8,295,5,0,1.0,0
5.0,0.0,7,true,91,91,0.0,0.9987431955200851,94,0.8525043793825454,0.94,34,34,42,42,1,0,0,0,1.0,1
3.0,1.0,11,true,113,113,1.0,0.9990126748009547,98,0.817155357666302,0.98,48,48,64,64,36,1027,34,0,1.0,7
3.0,0.2,29,true,102,102,1.0,0.9996029007460615,99,0.8622083210797336,0.99,34,35,53,53,11,414,10,0,1.0,0
5.0,0.2,19,true,119,119,0.0,0.999616110255265,90,0.8655565246527874,0.9,53,51,70,70,10,468,0,0,1.0,1
3.0,3.0,14,true,72,72,0.0,0.9975249159596509,100,0.8487059186329432,1.0,20,20,19,20,2,128,2,0,1.0,0
3.0,0.5,23,true,79,79,0.0,0.997320789963223,98,0.8483710411617338,0.98,29,30,28,30,7,255,5,0,1.0,0
3.0,0.1,13,true,111,111,1.0,0.9996948297351028,97,0.8632597492765439,0.97,40,40,62,62,23,678,20,0,1.0,2
5.0,0.0,8,true,95,95,0.0,0.9988989390762814,98,0.853129221099167,0.98,39,39,46,46,1,0,0,0,1.0,1
3.0,1.0,12,true,106,106,1.0,0.9997512619061947,97,0.8654110008562431,0.97,33,35,57,57,12,433,9,0,1.0,0
3.0,1.5,23,true,119,119,1.0,0.9998739882695027,95,0.8644456086494877,0.95,39,39,70,70,31,786,26,0,1.0,5
3.0,0.2,30,true,85,85,1.0,0.9976633427807886,99,0.8500801858998862,0.99,34,35,36,36,10,403,9,0,1.0,0
5.0,0.2,20,true,92,92,1.0,0.9983390323763544,96,0.8507805157278395,0.96,37,38,43,43,1,150,0,0,1.0,0
3.0,0.1,14,true,74,74,1.0,0.9974941753456689,100,0.8483409638430952,1.0,22,22,23,23,3,156,3,0,1.0,0
3.0,3.0,15,true,104,104,1.0,0.9986103921330216,100,0.7792512738590961,1.0,51,51,55,55,38,971,38,0,1.0,11
3.0,0.5,24,true,100,100,0.0,0.9996925941185512,99,0.8633053993117377,0.99,32,32,51,51,11,389,10,0,1.0,0
3.0,1.5,24,true,103,103,1.0,0.9996328494388615,98,0.8636355549871021,0.98,33,33,54,54,16,504,14,0,1.0,2
3.0,0.1,15,true,68,68,0.0,0.9977105085620466,99,0.8472370139259321,0.99,14,17,19,19,1,73,1,0,1.0,0
3.0,0.3,1,true,108,108,1.0,0.9997093709930366,96,0.8642771476403088,0.96,37,37,59,59,18,588,14,0,1.0,1
3.0,1.0,13,true,111,111,0.0,0.9990674611626967,99,0.8176823644710618,0.99,49,49,62,62,30,924,29,0,1.0,8
3.0,3.0,16,true,106,106,1.0,0.9995090714821138,96,0.8499683104958624,0.96,38,38,57,57,35,838,31,0,1.0,2
3.0,0.1,16,true,85,85,1.0,0.9975052335318595,98,0.8496866125736316,0.98,36,36,36,36,10,440,8,0,1.0,0
3.0,0.3,2,true,77,77,1.0,0.9979028079150474,100,0.8496291176819415,1.0,25,25,24,25,3,202,3,0,1.0,0
3.0,0.5,25,true,109,109,0.0,0.999721882409402,95,0.8656335982463151,0.95,36,37,60,60,13,485,8,0,1.0,0
3.0,1.5,25,true,121,121,0.0,0.9971681013144839,100,0.7824539358967557,1.0,72,72,72,72,82,1277,50,32,1.0,18
3.0,1.0,14,true,118,118,1.0,0.9996022778025376,95,0.7940467332726492,0.95,49,51,69,69,38,1025,33,0,1.0,9
3.0,0.3,3,true,79,79,0.0,0.9970436371648996,97,0.8494805758604486,0.97,30,29,30,30,8,325,5,0,1.0,0
3.0,0.1,17,true,103,103,0.0,0.9995515391312018,98,0.8625602943282363,0.98,35,35,54,54,12,455,10,0,1.0,1
3.0,3.0,17,true,128,128,1.0,0.9980585334310245,98,0.821171347936856,0.98,76,76,79,79,99,1334,59,38,1.0,20
3.0,0.5,26,true,116,116,1.0,0.9993532735400608,99,0.8243905569488793,0.99,53,53,67,67,31,997,30,0,1.0,12
3.0,1.5,26,true,105,105,1.0,0.9996195478253298,99,0.8625639838566069,0.99,37,38,56,56,19,550,18,0,1.0,3
3.0,1.0,15,true,107,107,1.0,0.9996214561874184,97,0.8592391176459603,0.97,40,40,58,58,21,663,18,0,1.0,1
3.0,0.1,18,true,80,80,0.0,0.9978478815382144,100,0.8494024748343345,1.0,27,27,28,29,4,234,4,0,1.0,0
3.0,0.3,4,true,85,85,1.0,0.9972396093191371,97,0.8502583221505631,0.97,35,35,36,36,10,420,7,0,1.0,0
3.0,0.5,27,true,77,77,1.0,0.9976585385956155,99,0.8494646759877715,0.99,24,26,26,26,6,268,5,0,1.0,0
3.0,1.5,27,true,81,81,0.0,0.998146200067524,99,0.8518547709276946,0.99,26,29,28,29,9,289,8,0,1.0,0
3.0,1.0,16,true,102,102,1.0,0.9995934719485707,98,0.8621483036769498,0.98,34,34,53,53,17,520,15,0,1.0,1
3.0,3.0,18,true,111,111,1.0,0.9978739793649108,99,0.6501556652874098,0.99,61,62,59,62,46,1139,44,1,1.0,6
3.0,0.1,19,true,108,108,1.0,0.999535340472765,96,0.8627141291032653,0.96,40,40,59,59,20,674,16,0,1.0,4
3.0,0.5,28,true,76,76,1.0,0.9975645109954641,97,0.8498161788766565,0.97,25,25,24,25,4,221,1,0,1.0,0
3.0,0.3,5,true,137,137,1.0,0.9999783611180049,91,0.8809835403582491,0.91,40,42,88,88,16,580,7,0,1.0,0
3.0,1.0,17,true,103,103,0.0,0.9996338545265904,98,0.8629271934499179,0.98,32,32,54,54,18,545,16,0,1.0,0
3.0,3.0,19,true,110,110,1.0,0.999496519485635,96,0.8385213902202896,0.96,44,44,61,61,37,876,33,0,1.0,5
3.0,0.1,20,true,111,111,1.0,0.9996977990393581,98,0.8630345156836536,0.98,41,41,62,62,19,665,17,0,1.0,1
3.0,0.5,29,true,101,101,0.0,0.9996039944342239,99,0.861435439962342,0.99,32,33,52,52,11,429,10,0,1.0,0
3.0,0.3,6,true,118,118,1.0,0.9996349847092305,99,0.8467796254285463,0.99,50,50,69,69,27,881,26,0,1.0,6
3.0,1.0,18,true,111,111,1.0,0.999152312676661,98,0.8141539621750236,0.98,51,51,62,62,34,987,32,0,1.0,10
3.0,0.5,30,true,77,77,0.0,0.9967797942615898,99,0.8482803383467741,0.99,25,28,28,28,5,247,4,0,1.0,0
3.0,3.0,20,true,106,106,0.0,0.9983673514611656,97,0.7204607660257019,0.97,51,51,57,57,45,1058,42,0,1.0,9
3.0,0.3,7,true,75,75,0.0,0.997941853456306,99,0.8500111282241288,0.99,21,21,23,24,3,164,2,0,1.0,0
3.0,1.0,19,true,71,71,0.0,0.9972247625219669,100,0.8469740918805493,1.0,20,20,22,22,2,137,2,0,1.0,0
3.0,0.3,8,true,84,84,1.0,0.9984481641487954,98,0.8527349902263471,0.98,30,32,30,32,8,303,6,0,1.0,1
3.0,3.0,21,true,120,120,1.0,0.9999140059314285,94,0.8688496900252577,0.94,35,37,71,71,30,725,24,0,1.0,5
3.0,1.0,20,true,78,78,1.0,0.9976721265922592,100,0.8492094662011376,1.0,29,29,27,29,7,282,7,0,1.0,0
3.0,1.5,28,true,113,113,1.0,0.9940797763450501,100,0.7014643736155308,1.0,60,60,64,64,43,1136,42,1,1.0,11
3.0,0.3,9,true,77,77,1.0,0.9974583210626534,98,0.8491847176215848,0.98,25,25,26,28,6,250,4,0,1.0,0
3.0,3.0,22,true,73,73,1.0,0.9979616906183543,100,0.849947691683071,1.0,19,19,17,19,2,137,2,0,1.0,0
3.0,1.5,29,true,75,75,1.0,0.9975257757007467,99,0.8479467326788526,0.99,23,23,21,23,8,259,7,0,1.0,0
3.0,0.3,10,true,77,77,1.0,0.9976782473778326,99,0.8496731359081893,0.99,25,25,24,25,5,227,4,0,1.0,0
3.0,3.0,23,true,113,113,0.0,0.9997886122712282,95,0.8563632446284181,0.95,37,39,64,64,26,684,21,0,1.0,3
3.0,1.5,30,true,90,90,1.0,0.9991175087931821,100,0.8565272043459826,1.0,30,30,41,41,11,381,11,0,1.0,2
3.0,3.0,24,true,110,110,1.0,0.9998661389781378,97,0.8700654138644285,0.97,30,31,61,61,17,495,14,0,1.0,3
3.0,2.0,1,true,117,117,1.0,0.9976004797283247,100,0.7271807181145278,1.0,66,66,68,68,69,1212,51,18,1.0,15
3.0,3.0,25,true,110,110,1.0,0.9988737609865176,98,0.758039432513371,0.98,47,49,61,61,43,1051,41,0,1.0,6
3.0,2.0,2,true,113,113,1.0,0.9984009597959816,98,0.72550419489334,0.98,58,58,64,64,44,1111,42,0,1.0,7
3.0,3.0,26,true,106,106,0.0,0.9990533524884494,99,0.772902507253077,0.99,46,47,57,57,40,991,39,0,1.0,6
3.0,2.0,3,true,92,92,1.0,0.9994236878676351,99,0.8594565434211151,0.99,22,28,43,43,10,303,10,0,1.0,0
3.0,3.0,27,true,108,108,1.0,0.9994515016957419,95,0.8196883488841177,0.95,41,44,59,59,37,901,32,0,1.0,7
3.0,2.0,4,true,109,109,0.0,0.9996813532416204,99,0.8574071513124686,0.99,38,39,60,60,25,707,24,0,1.0,4
3.0,3.0,28,true,90,90,0.0,0.9992250138873033,99,0.8577803398848133,0.99,28,28,41,41,10,305,9,0,1.0,1
5.0,3.0,1,false,0,3000,1.0,0.9999999999999999,84,0.9999999301683838,0.84,43,44,0,0,18,571,4,0,1.0,2
7.0,1.5,24,false,0,3000,1.0,0.9999999999999999,88,0.9999999296740296,0.88,34,34,0,0,0,36,0,0,1.0,0
5.0,1.5,12,false,0,3000,1.0,0.9999999999999999,88,0.9999999297192036,0.88,45,46,0,0,9,409,0,0,1.0,1
5.0,3.0,2,true,88,88,1.0,0.9982215485420619,95,0.851141208705743,0.95,33,33,39,39,3,187,0,0,1.0,0
7.0,3.0,15,false,0,3000,1.0,0.9999999999999999,88,0.9999999304799444,0.88,33,33,0,0,2,114,0,0,1.0,1
3.0,2.0,5,true,158,158,1.0,0.9993397744164103,99,0.8356518115872184,0.99,94,94,109,109,132,1973,83,48,1.0,29
3.0,3.0,29,true,160,160,0.0,0.9996225912803749,92,0.816928373128855,0.92,89,89,111,111,129,1907,79,42,1.0,18
5.0,1.5,13,true,87,87,0.0,0.9977851378724982,96,0.8511852308784423,0.96,36,35,36,36,4,213,0,0,1.0,0
7.0,3.0,16,true,91,91,0.0,0.9992097413395643,94,0.8532036558087555,0.94,29,29,42,42,0,41,0,0,1.0,0
7.0,0.2,27,false,0,3000,0.0,0.9999999999999999,86,0.9999999236645202,0.86,49,51,0,0,1,134,0,0,1.0,1
3.0,2.0,6,true,72,72,1.0,0.9975093363990388,99,0.8471567586503415,0.99,23,23,22,23,4,173,4,0,1.0,0
5.0,1.5,14,true,79,79,0.0,0.9981590822172598,98,0.8482623282744537,0.98,26,26,30,30,0,64,0,0,1.0,0
7.0,3.0,17,true,94,94,0.0,0.9987662525231912,96,0.8519425254835231,0.96,37,37,45,45,0,100,0,0,1.0,0
3.0,3.0,30,true,127,127,1.0,0.9983453812367877,100,0.7840595256091406,1.0,66,68,69,69,84,1218,53,31,1.0,17
3.0,2.0,7,true,108,108,0.0,0.9993376736861369,95,0.853836973682317,0.95,41,42,59,59,28,750,24,0,1.0,5
5.0,5.0,22,false,0,3000,1.0,0.9999999999999999,89,0.9999999334574191,0.89,34,34,0,0,10,318,1,0,1.0,1
5.0,1.5,15,true,87,87,0.0,0.9980470023593091,96,0.8505341477206984,0.96,32,34,38,38,3,172,0,0,1.0,1
7.0,3.0,18,true,91,91,0.0,0.9988539169166818,94,0.8508750859215155,0.94,33,34,42,42,0,62,0,0,1.0,0
5.0,1.5,16,true,80,80,1.0,0.9976638693001987,100,0.8474716492306575,1.0,28,29,31,31,0,74,0,0,1.0,0
7.0,3.0,19,true,86,86,0.0,0.9982054381945948,97,0.8489429229865046,0.97,34,34,37,37,0,70,0,0,1.0,0
3.0,2.0,8,true,108,108,0.0,0.9987088745632415,98,0.7871990963951745,0.98,49,49,59,59,42,1035,40,0,1.0,6
5.0,1.5,17,true,74,74,0.0,0.9982210207110509,99,0.8476536343663168,0.99,22,22,25,25,0,43,0,0,1.0,0
7.0,3.0,20,true,98,98,1.0,0.9996091808419165,91,0.8578302270141183,0.91,31,31,49,49,0,40,0,0,1.0,0
3.0,2.0,9,true,114,114,1.0,0.9991794672707117,97,0.7613855876536998,0.97,51,51,65,65,39,1041,36,0,1.0,8
7.0,1.0,9,false,0,3000,0.0,0.9999999999999999,86,0.9999999257934106,0.86,50,50,0,0,5,272,0,0,1.0,2
5.0,1.5,18,true,120,120,0.0,0.9998011117514336,90,0.8707872164586186,0.9,45,47,71,71,10,421,1,0,1.0,2
3.0,2.0,10,true,104,104,0.0,0.9996900708140753,97,0.8653810000722372,0.97,34,34,55,55,16,494,13,0,1.0,1
7.0,1.0,10,true,84,84,0.0,0.9983438749305878,97,0.8484218534778192,0.97,31,31,35,35,0,63,0,0,1.0,0
5.0,1.5,19,true,87,87,1.0,0.9983975827599991,96,0.8510713201187153,0.96,31,32,38,38,2,149,0,0,1.0,1
7.0,0.1,13,false,0,3000,0.0,0.9999999999999999,88,0.9999999254604724,0.88,52,51,0,0,4,221,0,0,1.0,2
5.0,1.5,20,true,86,86,1.0,0.9985652888456101,93,0.8515596817839094,0.93,29,29,37,37,2,120,0,0,1.0,0
5.0,0.5,10,false,0,3000,1.0,0.9999999999999999,89,0.9999999292197831,0.89,47,48,0,0,8,375,1,0,1.0,0
7.0,0.1,14,true,174,174,0.0,0.9999596816980914,90,0.8743975612569156,0.9,84,83,125,125,11,663,2,0,1.0,7
5.0,1.5,21,true,88,88,1.0,0.9986867328549214,98,0.851818448645335,0.98,32,32,39,39,1,125,0,0,1.0,0
7.0,0.5,21,false,0,3000,0.0,0.9999999999999999,86,0.999999920866258,0.86,62,66,0,0,3,337,0,0,1.0,0
5.0,0.5,11,true,90,90,1.0,0.9988387305078972,95,0.8525348173735838,0.95,32,33,41,41,1,111,0,0,1.0,0
5.0,1.5,22,true,87,87,0.0,0.9977558180479638,95,0.8503233363915925,0.95,31,35,38,38,4,202,0,0,1.0,0
5.0,0.1,4,false,0,3000,0.0,0.9999999999999999,88,0.9999999296644958,0.88,40,43,0,0,5,266,0,0,1.0,1
5.0,0.5,12,true,93,93,0.0,0.9983456208910746,98,0.8524917224697238,0.98,36,36,44,44,2,190,0,0,1.0,1
5.0,1.5,23,true,80,80,1.0,0.9977154685783046,98,0.8485695001409939,0.98,27,28,31,31,1,128,0,0,1.0,0
5.0,0.1,5,true,100,100,1.0,0.9988863570301872,91,0.8556447408535017,0.91,40,43,51,51,4,239,0,0,1.0,1
5.0,0.1,6,true,86,86,0.0,0.9986434264295418,93,0.8507570104395553,0.93,30,32,37,37,1,97,0,0,1.0,0
5.0,1.0,5,false,0,3000,0.0,0.9999999999999999,89,0.9999999294449996,0.89,38,43,0,0,6,308,0,0,1.0,2
5.0,0.0,9,false,0,3000,0.0,0.9999999999999999,89,0.9999999237706451,0.89,44,44,0,0,8,0,1,0,1.0,5
5.0,1.0,6,true,105,105,1.0,0.9987965221507408,91,0.8566922943429959,0.91,49,49,56,56,8,393,0,0,1.0,2
5.0,0.0,10,true,89,89,1.0,0.9988380517804769,100,0.8509859698913154,1.0,31,32,40,40,0,0,0,0,1.0,0
5.0,0.2,21,false,0,3000,0.0,0.9999999999999999,85,0.9999999269733081,0.85,55,55,0,0,13,599,0,0,1.0,5
5.0,1.0,7,true,90,90,0.0,0.997912729823451,96,0.8508371223106285,0.96,35,36,41,41,4,202,0,0,1.0,0
5.0,0.0,11,true,101,101,1.0,0.9990642293519919,95,0.8540985792424537,0.95,42,42,52,52,3,0,0,0,1.0,3
5.0,0.2,22,true,93,93,0.0,0.9991542906492075,97,0.8535190117714906,0.97,32,32,44,44,1,125,0,0,1.0,1
5.0,1.0,8,true,85,85,1.0,0.9986602864210685,99,0.8510027181693063,0.99,29,29,36,36,0,100,0,0,1.0,0
5.0,0.0,12,true,97,97,1.0,0.9991526435056837,94,0.8504289077440443,0.94,35,37,48,48,5,0,0,0,1.0,3
5.0,0.2,23,true,99,99,0.0,0.9989676419363279,97,0.8546385539416076,0.97,38,38,50,50,3,205,0,0,1.0,1
5.0,1.0,9,true,90,90,0.0,0.9981666312198858,95,0.8513729331974065,0.95,33,33,41,41,3,173,0,0,1.0,0
5.0,0.0,13,true,98,98,1.0,0.9995549947630193,97,0.8566940764178914,0.97,31,33,49,49,0,0,0,0,1.0,0
5.0,0.2,24,true,83,83,0.0,0.9978469524747452,100,0.8491259451876264,1.0,32,32,33,34,0,133,0,0,1.0,0
5.0,1.0,10,true,77,77,1.0,0.9985184276980467,98,0.8488987410213806,0.98,23,23,28,28,0,44,0,0,1.0,0
5.0,0.2,25,true,89,89,1.0,0.9988289088612308,94,0.8533789217888597,0.94,32,31,40,40,1,124,0,0,1.0,0
5.0,0.0,14,true,92,92,1.0,0.9991627093694935,94,0.8547070409402159,0.94,31,31,43,43,1,0,0,0,1.0,1
5.0,0.0,15,true,86,86,1.0,0.9989003689561369,98,0.8514561907490983,0.98,27,28,37,37,0,0,0,0,1.0,0
5.0,1.0,11,true,134,134,1.0,0.9999514480124683,91,0.8764920057224408,0.91,44,46,85,85,9,436,1,0,1.0,1
5.0,1.0,12,true,78,78,0.0,0.9977548241299339,97,0.8483719707669463,0.97,27,28,29,29,0,99,0,0,1.0,0
5.0,0.0,16,true,102,102,0.0,0.999248560654883,93,0.8481473145681044,0.93,40,42,53,53,7,0,1,0,1.0,4
5.0,1.0,13,true,90,90,0.0,0.9973477544944136,94,0.8514509933511367,0.94,36,36,41,41,5,295,0,0,1.0,1
5.0,1.0,14,true,87,87,1.0,0.997670188236491,93,0.8507672635422041,0.93,38,37,38,38,4,235,0,0,1.0,0
5.0,1.0,15,true,92,92,0.0,0.9990308203622498,92,0.853835704959998,0.92,31,31,43,43,2,126,0,0,1.0,0
5.0,1.0,16,true,79,79,1.0,0.9976358266963432,100,0.8476705668090735,1.0,29,29,30,30,0,90,0,0,1.0,0
7.0,0.2,28,false,0,3000,1.0,0.9999999999999999,86,0.9999999295861633,0.86,37,38,0,0,0,71,0,0,1.0,0
5.0,3.0,3,false,0,3000,1.0,0.9999999999999999,83,0.999999868460027,0.83,61,61,0,0,39,1052,22,0,1.0,4
7.0,1.5,25,false,0,3000,0.0,0.9999999999999999,83,0.999999927594488,0.83,43,43,0,0,0,83,0,0,1.0,0
5.0,5.0,23,false,0,3000,1.0,0.9999999999999999,77,0.9999998839239013,0.77,55,56,0,0,36,972,13,0,1.0,4
5.0,5.0,24,true,127,127,1.0,0.9986221036327747,97,0.7077670903265374,0.97,64,76,75,76,46,1124,43,0,1.0,8
5.0,5.0,25,true,75,75,1.0,0.9974867963317169,98,0.8475435309515169,0.98,26,26,26,26,1,93,0,0,1.0,0
7.0,1.0,11,false,0,3000,1.0,0.9999999999999999,82,0.9999999190232405,0.82,76,76,0,0,7,419,0,0,1.0,0
7.0,3.0,21,false,0,3000,0.0,0.9999999999999999,86,0.9999999262831885,0.86,56,57,0,0,12,484,1,0,1.0,3
7.0,0.1,15,false,0,3000,1.0,0.9999999999999999,89,0.9999999299780821,0.89,38,38,0,0,0,84,0,0,1.0,0
7.0,3.0,22,true,94,94,1.0,0.9985389063228867,93,0.8505460094274935,0.93,38,39,45,45,0,88,0,0,1.0,0
5.0,0.5,13,false,0,3000,0.0,0.9999999999999999,88,0.9999999258844409,0.88,58,58,0,0,13,607,1,0,1.0,4
7.0,3.0,23,true,92,92,1.0,0.9988283063669167,95,0.8523592368419166,0.95,35,35,43,43,0,88,0,0,1.0,0
5.0,0.5,14,true,88,88,0.0,0.9982273418518213,95,0.8520041966055126,0.95,31,31,39,39,3,174,0,0,1.0,0
7.0,3.0,24,true,87,87,1.0,0.9988954127838932,95,0.8514182222097929,0.95,30,29,38,38,0,46,0,0,1.0,0
7.0,0.5,22,false,0,3000,1.0,0.9999999999999999,86,0.9999999285039393,0.86,41,42,0,0,1,81,0,0,1.0,0
5.0,0.5,15,true,77,77,0.0,0.9977901283712534,97,0.8482430566920972,0.97,25,25,28,28,1,86,0,0,1.0,0
7.0,3.0,25,true,110,110,0.0,0.9994049170192761,93,0.8573698007705038,0.93,45,45,61,61,2,159,0,0,1.0,1
5.0,0.5,16,true,85,85,0.0,0.9982093773139838,99,0.8496387976277383,0.99,30,30,36,36,1,111,0,0,1.0,0
7.0,0.5,23,true,142,142,0.0,0.9999334049083244,90,0.8722062804967337,0.9,58,58,93,93,3,220,0,0,1.0,1
5.0,0.1,7,false,0,3000,1.0,0.9999999999999999,82,0.9999999159697585,0.82,70,70,0,0,19,905,4,0,1.0,13
5.0,1.5,24,false,0,3000,1.0,0.9999999999999999,89,0.9999999295349529,0.89,44,44,0,0,6,292,0,0,1.0,1
7.0,3.0,26,true,130,130,1.0,0.99995603369862,90,0.8738625058048508,0.9,37,40,81,81,2,154,0,0,1.0,2
5.0,0.5,17,true,91,91,1.0,0.9990332571401471,97,0.8524030228962821,0.97,31,33,42,42,0,90,0,0,1.0,0
7.0,0.5,24,true,109,109,0.0,0.9992950536368688,91,0.8570113493680974,0.91,46,46,60,60,1,114,0,0,1.0,0
5.0,0.1,8,true,99,99,1.0,0.9991152543843244,90,0.857167302036261,0.9,42,42,50,50,4,228,0,0,1.0,0
7.0,3.0,27,true,91,91,0.0,0.998830566756551,95,0.8512156337690249,0.95,34,34,42,42,0,67,0,0,1.0,0
5.0,0.5,18,true,76,76,1.0,0.9982839713190362,99,0.8481275045181403,0.99,24,24,27,27,0,58,0,0,1.0,0
5.0,0.1,9,true,89,89,1.0,0.9988754885921065,95,0.852357017528213,0.95,29,30,40,40,1,106,0,0,1.0,0
7.0,0.5,25,true,106,106,0.0,0.9994466407406003,93,0.8550778991811228,0.93,43,43,57,57,0,54,0,0,1.0,0
7.0,3.0,28,true,107,107,1.0,0.9992803003315914,94,0.8554160880478066,0.94,45,45,58,58,0,120,0,0,1.0,0
5.0,0.5,19,true,82,82,1.0,0.9983747430884842,99,0.8494734482876348,0.99,28,28,33,33,0,83,0,0,1.0,0
7.0,0.5,26,true,86,86,0.0,0.998784765169211,96,0.8505678614523293,0.96,31,31,37,37,0,51,0,0,1.0,0
5.0,0.1,10,true,87,87,1.0,0.9987027359254513,95,0.8516933447284097,0.95,30,30,38,38,1,86,0,0,1.0,0
7.0,3.0,29,true,84,84,0.0,0.9984249672526757,99,0.8481213138350232,0.99,31,31,35,35,0,49,0,0,1.0,0
7.0,0.5,27,true,89,89,0.0,0.9984968856967547,97,0.8500246878734206,0.97,34,36,40,40,0,74,0,0,1.0,0
5.0,0.1,11,true,92,92,1.0,0.9992299627635229,95,0.8537442886407456,0.95,32,32,43,43,0,67,0,0,1.0,0
7.0,3.0,30,true,89,89,0.0,0.9984078764936448,95,0.8500796071711498,0.95,33,35,40,40,0,95,0,0,1.0,0
5.0,0.5,20,true,171,171,1.0,0.9990729398127945,94,0.843240080736737,0.94,111,112,122,122,68,1509,36,26,1.0,19
7.0,0.5,28,true,90,90,1.0,0.9986952955382601,96,0.8508418183403909,0.96,33,35,41,41,0,87,0,0,1.0,0
5.0,0.5,21,true,85,85,1.0,0.998285474604784,100,0.8498594426637937,1.0,29,31,36,36,0,93,0,0,1.0,0
7.0,5.0,1,true,99,99,0.0,0.998982189508081,92,0.8526532023727207,0.92,42,42,50,50,0,59,0,0,1.0,0
7.0,0.5,29,true,97,97,0.0,0.9990448518006576,95,0.8534750717707915,0.95,39,38,48,48,0,84,0,0,1.0,0
7.0,5.0,2,true,112,112,1.0,0.9995644206172833,91,0.8625206933024396,0.91,42,42,63,63,4,185,0,0,1.0,0
5.0,0.2,26,false,0,3000,0.0,0.9999999999999999,89,0.9999999232832466,0.89,62,62,0,0,12,607,2,0,1.0,5
7.0,5.0,3,true,90,90,0.0,0.9987987378831619,94,0.8520041764164981,0.94,31,32,41,41,0,87,0,0,1.0,0
5.0,0.0,17,false,0,3000,1.0,0.9999999999999999,89,0.9999999046682272,0.89,51,51,0,0,13,0,4,0,1.0,9
7.0,5.0,4,true,85,85,0.0,0.9981135663218397,98,0.8480959166068986,0.98,31,32,36,36,0,60,0,0,1.0,0
5.0,0.0,18,true,101,101,1.0,0.9994532025648464,94,0.8568771213795267,0.94,38,38,52,52,3,0,0,0,1.0,3
5.0,0.0,19,true,85,85,1.0,0.9986477478879265,95,0.8508863573358718,0.95,29,29,36,36,1,0,0,0,1.0,0
5.0,0.0,20,true,83,83,0.0,0.9981785584641822,99,0.8486088196402074,0.99,28,30,34,34,0,0,0,0,1.0,0
7.0,0.2,29,false,0,3000,1.0,0.9999999999999999,89,0.9999999255402412,0.89,49,48,0,0,0,79,0,0,1.0,0
7.0,0.2,30,true,90,90,0.0,0.9988820676655016,97,0.8507086987430844,0.97,35,35,41,41,0,58,0,0,1.0,0
5.0,1.0,17,false,0,3000,0.0,0.9999999999999999,87,0.9999999164570672,0.87,66,68,0,0,16,721,4,0,1.0,4
7.0,0.3,1,true,124,124,0.0,0.9993969604799537,91,0.8619862033032213,0.91,53,53,75,75,6,302,0,0,1.0,5
5.0,1.0,18,true,83,83,0.0,0.9980674512423959,98,0.8490027256330008,0.98,31,31,34,34,0,90,0,0,1.0,0
7.0,0.3,2,true,125,125,0.0,0.9997191946371597,93,0.8649448738168343,0.93,50,50,76,76,1,194,0,0,1.0,0
5.0,1.0,19,true,101,101,0.0,0.9989455281667989,94,0.8571972129607255,0.94,46,45,52,52,5,277,0,0,1.0,0
5.0,3.0,4,false,0,3000,0.0,0.9999999999999999,82,0.9999999295592393,0.82,52,52,0,0,26,775,8,0,1.0,2
7.0,0.3,3,true,121,121,1.0,0.9996702905993315,94,0.8607937488285514,0.94,49,53,72,72,1,160,0,0,1.0,0
7.0,0.3,4,true,112,112,0.0,0.9990296517394784,91,0.8557176714520555,0.91,50,51,63,63,3,207,0,0,1.0,1
5.0,3.0,5,true,203,203,1.0,0.9981666814419762,94,0.7148236487403529,0.94,150,150,154,154,170,2575,92,72,1.0,39
7.0,1.5,26,false,0,3000,0.0,0.9999999999999999,85,0.9999999253020286,0.85,55,55,0,0,6,301,0,0,1.0,0
7.0,1.0,12,false,0,3000,1.0,0.9999999999999999,85,0.9999999149663065,0.85,80,83,0,0,9,558,0,0,1.0,3
7.0,1.5,27,true,130,130,0.0,0.9999780094176736,90,0.8752266046284033,0.9,36,36,81,81,0,45,0,0,1.0,0
7.0,1.0,13,true,104,104,1.0,0.9985832347872728,98,0.8513106520416525,0.98,47,47,55,55,1,143,0,0,1.0,0
7.0,1.5,28,true,154,154,0.0,0.9999594017474158,90,0.8755927388478274,0.9,61,63,105,105,4,278,0,0,1.0,0
5.0,5.0,26,false,0,3000,0.0,0.9999999999999999,81,0.9999999274541213,0.81,47,49,0,0,27,721,8,0,1.0,3
7.0,1.0,14,true,132,132,0.0,0.9999194866351359,91,0.8702619829026428,0.91,50,50,83,83,2,166,0,0,1.0,0
7.0,1.0,15,true,109,109,0.0,0.9988549856386132,94,0.8544331815834868,0.94,50,50,60,60,3,195,0,0,1.0,1
7.0,0.1,16,false,0,3000,1.0,0.9999999999999999,84,0.9999999278804149,0.84,40,40,0,0,0,65,0,0,1.0,0
5.0,1.5,25,false,0,3000,0.0,0.9999999999999999,87,0.999999927843774,0.87,50,51,0,0,13,521,1,0,1.0,2
5.0,1.5,26,true,81,81,1.0,0.9979572578177057,99,0.8486021971630527,0.99,28,28,32,32,0,80,0,0,1.0,0
5.0,1.5,27,true,85,85,1.0,0.998093851703,95,0.8505080200349712,0.95,29,32,36,36,4,184,0,0,1.0,0
5.0,0.1,12,false,0,3000,0.0,0.9999999999999999,88,0.9999999273678515,0.88,52,52,0,0,10,467,0,0,1.0,1
5.0,0.5,22,false,0,3000,0.0,0.9999999999999999,89,0.99999992506092,0.89,60,60,0,0,12,579,1,0,1.0,2
7.0,0.5,30,false,0,3000,0.0,0.9999999999999999,89,0.999999927445871,0.89,41,41,0,0,0,78,0,0,1.0,0
5.0,0.1,13,true,99,99,1.0,0.9990673737713393,95,0.8545363008079064,0.95,38,40,50,50,2,159,0,0,1.0,0
5.0,0.5,23,true,79,79,1.0,0.9979583945210605,98,0.8489041417044997,0.98,25,25,30,30,1,97,0,0,1.0,0
5.0,0.2,27,false,0,3000,0.0,0.9999999999999999,87,0.9999999241043871,0.87,62,62,0,0,13,620,1,0,1.0,6
5.0,0.1,14,true,96,96,0.0,0.9991531946441887,94,0.8547960912443855,0.94,33,33,47,47,1,142,0,0,1.0,1
5.0,0.5,24,true,101,101,0.0,0.999020343557573,92,0.8559194268184211,0.92,42,42,52,52,6,317,1,0,1.0,2
5.0,0.1,15,true,84,84,0.0,0.9989127358211879,98,0.8514570382023966,0.98,25,25,35,35,0,43,0,0,1.0,0
5.0,0.2,28,true,94,94,1.0,0.998567456619363,94,0.853878686562843,0.94,34,35,45,45,3,196,0,0,1.0,1
5.0,0.5,25,true,120,120,1.0,0.9991394372666806,91,0.8593095108736807,0.91,58,58,71,71,10,574,1,0,1.0,3
5.0,0.1,16,true,78,78,1.0,0.9985873796344775,97,0.8487203961322144,0.97,23,23,29,29,0,38,0,0,1.0,0
5.0,0.2,29,true,106,106,0.0,0.9990296369348668,92,0.8573332592655108,0.92,45,47,57,57,7,398,0,0,1.0,3
5.0,0.5,26,true,101,101,0.0,0.9994110667712266,92,0.8579197273477399,0.92,36,36,52,52,3,169,0,0,1.0,2
5.0,0.1,17,true,93,93,1.0,0.9989728384472693,95,0.8536001613857077,0.95,33,33,44,44,2,145,0,0,1.0,1
5.0,0.2,30,true,83,83,1.0,0.9986216283207677,99,0.8495964080493821,0.99,28,28,34,34,0,69,0,0,1.0,0
5.0,0.5,27,true,93,93,0.0,0.9976399100711881,97,0.8509384222004477,0.97,43,43,44,44,3,231,0,0,1.0,0
5.0,0.1,18,true,97,97,1.0,0.9980899616539078,92,0.8538916361341929,0.92,45,47,48,48,7,380,0,0,1.0,0
5.0,0.3,1,true,89,89,0.0,0.9991480755759338,97,0.8531559965470015,0.97,29,29,40,40,0,65,0,0,1.0,0
7.0,5.0,5,false,0,3000,1.0,0.9999999999999999,89,0.9999999300711128,0.89,37,37,0,0,3,175,0,0,1.0,0
5.0,0.1,19,true,89,89,0.0,0.9988453408598584,95,0.8526119304195278,0.95,30,31,40,40,1,130,0,0,1.0,0
5.0,0.5,28,true,119,119,1.0,0.9997628813549505,92,0.8673202878926658,0.92,43,48,70,70,8,382,2,0,1.0,0
5.0,0.3,2,true,102,102,0.0,0.9992317988504291,91,0.8567070727426436,0.91,36,41,53,53,3,184,0,0,1.0,0
7.0,5.0,6,true,89,89,1.0,0.999051706344002,93,0.8516565160907442,0.93,32,32,40,40,0,44,0,0,1.0,0
5.0,0.5,29,true,73,73,0.0,0.9978681511058904,100,0.8466372477165744,1.0,20,20,24,24,0,35,0,0,1.0,0
5.0,0.1,20,true,86,86,0.0,0.9985883754289498,95,0.851018149125014,0.95,32,32,37,37,1,109,0,0,1.0,0
5.0,0.3,3,true,90,90,1.0,0.9988846584220313,97,0.8526396896809082,0.97,29,29,41,41,1,108,0,0,1.0,1
5.0,0.1,21,true,84,84,1.0,0.9988603434509337,97,0.8509013366269983,0.97,26,26,35,35,0,49,0,0,1.0,0
5.0,0.3,4,true,84,84,1.0,0.9983539960461314,97,0.8496884070913914,0.97,30,31,35,35,1,107,0,0,1.0,0
5.0,0.3,5,true,78,78,1.0,0.9976893459379361,99,0.8469490338001606,0.99,28,28,29,29,0,69,0,0,1.0,0
5.0,0.1,22,true,104,104,0.0,0.998700485717421,92,0.855362073255703,0.92,50,50,55,55,8,362,0,0,1.0,2
5.0,0.3,6,true,93,93,0.0,0.9985070391930296,95,0.8527912295120009,0.95,33,35,44,44,3,197,0,0,1.0,0
5.0,1.0,20,false,0,3000,0.0,0.9999999999999999,88,0.9999999248891445,0.88,57,59,0,0,17,688,5,0,1.0,6
5.0,0.1,23,true,90,90,0.0,0.997448346825691,98,0.8503322563406996,0.98,39,39,41,41,2,174,0,0,1.0,1
5.0,1.0,21,true,87,87,1.0,0.998986855055972,97,0.8526038355106896,0.97,28,28,38,38,0,65,0,0,1.0,0
5.0,0.1,24,true,81,81,0.0,0.9988490125700799,98,0.8504729416973238,0.98,24,24,32,32,0,65,0,0,1.0,0
5.0,0.3,7,true,96,96,0.0,0.9983069978484592,94,0.8524957532109868,0.94,42,42,47,47,3,234,0,0,1.0,0
5.0,0.3,8,true,83,83,0.0,0.9981173281243362,98,0.8494551474106525,0.98,30,30,34,34,0,96,0,0,1.0,0
5.0,1.0,22,true,107,107,0.0,0.9991750274606832,94,0.8589042300048534,0.94,48,48,58,58,6,337,0,0,1.0,2
7.0,0.3,5,false,0,3000,1.0,0.9999999999999999,81,0.999999861832714,0.81,101,101,0,0,24,1087,9,1,1.0,13
5.0,0.3,9,true,95,95,1.0,0.99764126053094,92,0.8523222886903546,0.92,45,45,46,46,7,336,0,0,1.0,1
5.0,3.0,6,false,0,3000,1.0,0.9999999999999999,85,0.9999999306655963,0.85,47,47,0,0,23,691,9,0,1.0,2
5.0,0.3,10,true,95,95,0.0,0.9987844275187621,97,0.852643222426661,0.97,37,39,46,46,2,154,0,0,1.0,0
5.0,0.3,11,true,103,103,1.0,0.9986954904168508,93,0.8546926553345401,0.93,45,45,54,54,6,331,0,0,1.0,1
5.0,0.3,12,true,82,82,0.0,0.9982271779864946,99,0.8486535176496814,0.99,30,29,33,33,0,89,0,0,1.0,0
5.0,0.3,13,true,100,100,1.0,0.999647881227843,91,0.8597128934296062,0.91,32,31,51,51,1,97,0,0,1.0,1
5.0,5.0,27,false,0,3000,0.0,0.9999999999999999,80,0.9999999279226394,0.8,47,47,0,0,31,775,11,0,1.0,2
5.0,0.3,14,true,95,95,1.0,0.99855463314066,96,0.8533142049957568,0.96,33,33,46,46,4,235,0,0,1.0,0
7.0,1.5,29,false,0,3000,0.0,0.9999999999999999,85,0.999999924063817,0.85,57,59,0,0,7,336,0,0,1.0,1
7.0,1.0,16,false,0,3000,1.0,0.9999999999999999,81,0.9999999205660005,0.81,64,68,0,0,7,464,0,0,1.0,3
5.0,5.0,28,true,138,138,1.0,0.9983297825899244,98,0.7666420865708001,0.98,84,84,89,89,78,1171,50,26,1.0,9
7.0,1.0,17,true,125,125,1.0,0.9994078350450019,91,0.86108760684405,0.91,57,57,76,76,3,260,0,0,1.0,1
7.0,0.1,17,false,0,3000,0.0,0.9999999999999999,87,0.9999999290498293,0.87,37,37,0,0,0,58,0,0,1.0,0
5.0,1.5,28,false,0,3000,1.0,0.9999999999999999,86,0.9999999278794119,0.86,51,51,0,0,12,508,1,0,1.0,1
7.0,0.7,1,false,0,3000,0.0,0.9999999999999999,82,0.9999999206521406,0.82,69,73,0,0,12,640,0,0,1.0,7
5.0,1.5,29,true,77,77,0.0,0.9982304150500453,98,0.847899553664313,0.98,24,24,28,28,0,60,0,0,1.0,0
7.0,0.7,2,true,91,91,0.0,0.9991186920898185,93,0.8526312004524925,0.93,31,31,42,42,0,44,0,0,1.0,0
7.0,5.0,7,false,0,3000,1.0,0.9999999999999999,70,0.9999998931189871,0.7,64,64,0,0,37,1007,6,1,1.0,1
5.0,0.5,30,false,0,3000,0.0,0.9999999999999999,88,0.9999999289958382,0.88,49,49,0,0,8,387,0,0,1.0,0
5.0,1.0,23,false,0,3000,0.0,0.9999999999999999,86,0.9999999203089909,0.86,58,58,0,0,17,678,3,0,1.0,7
7.0,0.3,6,false,0,3000,0.0,0.9999999999999999,85,0.9999999157286955,0.85,83,83,0,0,10,661,0,0,1.0,3
5.0,1.0,24,true,80,80,1.0,0.998086732288415,97,0.8484802772317894,0.97,28,28,31,31,0,70,0,0,1.0,0
7.0,0.3,7,true,96,96,1.0,0.9989837737354565,99,0.8521436834679866,0.99,38,39,47,47,0,82,0,0,1.0,0
5.0,1.0,25,true,83,83,0.0,0.9982924795466824,96,0.8495398482138116,0.96,30,30,34,34,0,87,0,0,1.0,0
5.0,3.0,7,false,0,3000,1.0,0.9999999999999999,83,0.9999999058212994,0.83,52,58,0,0,32,904,16,0,1.0,3
7.0,0.3,8,true,88,88,0.0,0.9988872256088789,94,0.8507765920254676,0.94,31,31,39,39,0,51,0,0,1.0,0
5.0,0.1,25,false,0,3000,1.0,0.9999999999999999,86,0.9999999241033138,0.86,60,62,0,0,14,645,1,0,1.0,6
5.0,1.0,26,true,89,89,1.0,0.9978013669407089,97,0.8503847412193951,0.97,37,38,40,40,3,225,0,0,1.0,1
5.0,0.1,26,true,90,90,0.0,0.9985585771041134,97,0.8510627898078522,0.97,33,33,41,41,2,151,0,0,1.0,0
7.0,0.3,9,true,126,126,1.0,0.999640642302849,91,0.8612053066248854,0.91,59,59,77,77,3,230,0,0,1.0,2
5.0,1.0,27,true,99,99,0.0,0.9986622329849101,95,0.8549269391453859,0.95,43,43,50,50,5,336,0,0,1.0,2
5.0,0.1,27,true,88,88,0.0,0.9983949921895078,97,0.8508721242505615,0.97,33,34,39,39,2,159,0,0,1.0,0
7.0,0.3,10,true,108,108,0.0,0.9996741504327954,91,0.860076499037672,0.91,39,40,59,59,0,80,0,0,1.0,0
5.0,1.0,28,true,78,78,1.0,0.9979918175186151,98,0.8485424570836708,0.98,26,26,29,29,0,79,0,0,1.0,0
5.0,0.1,28,true,84,84,1.0,0.9977762176680308,98,0.8484939891357162,0.98,32,32,35,35,1,135,0,0,1.0,0
5.0,1.0,29,true,81,81,1.0,0.9975433592882008,99,0.8486766400645926,0.99,30,30,32,32,1,126,0,0,1.0,0
7.0,0.3,11,true,105,105,0.0,0.9990598268881078,93,0.8545875380164842,0.93,47,47,56,56,1,160,0,0,1.0,0
5.0,0.1,29,true,79,79,0.0,0.9985475547685819,98,0.8495733066114298,0.98,24,24,30,30,0,56,0,0,1.0,0
5.0,5.0,29,false,0,3000,1.0,0.9999999999999999,82,0.9999999053766034,0.82,46,50,0,0,38,889,20,0,1.0,5
5.0,1.0,30,true,93,93,1.0,0.9982127304211004,96,0.8514211496768601,0.96,38,38,44,44,3,243,0,0,1.0,0
7.0,0.3,12,true,111,111,1.0,0.999768365614529,91,0.8619184609637309,0.91,40,40,62,62,0,78,0,0,1.0,0
5.0,0.3,15,false,0,3000,0.0,0.9999999999999999,83,0.9999999129614253,0.83,69,71,0,0,20,896,5,0,1.0,9
5.0,0.1,30,true,94,94,1.0,0.9991885469072049,96,0.8551331426687874,0.96,31,32,45,45,2,150,0,0,1.0,0
5.0,0.3,16,true,88,88,0.0,0.9985731361621152,97,0.8515946207256986,0.97,34,34,39,39,2,141,0,0,1.0,1
5.0,0.2,1,true,85,85,0.0,0.9989712696532075,98,0.8514796667220845,0.98,25,25,36,36,0,64,0,0,1.0,0
7.0,1.5,30,false,0,3000,0.0,0.9999999999999999,83,0.9999999238977509,0.83,60,60,0,0,7,323,0,0,1.0,3
5.0,0.3,17,true,87,87,0.0,0.9987853679810469,96,0.8516028641510419,0.96,30,30,38,38,1,106,0,0,1.0,0
5.0,0.2,2,true,76,76,0.0,0.997923819788761,99,0.847824789648752,0.99,21,22,27,27,0,55,0,0,1.0,0
7.0,2.0,1,true,104,104,0.0,0.9993536234965744,93,0.8558736826089492,0.93,42,44,55,55,0,104,0,0,1.0,0
7.0,1.0,18,false,0,3000,0.0,0.9999999999999999,84,0.9999999195501909,0.84,71,72,0,0,9,503,0,0,1.0,4
5.0,0.3,18,true,78,78,1.0,0.9983439712721155,97,0.8488226294663598,0.97,24,24,29,29,0,49,0,0,1.0,0
7.0,0.1,18,false,0,3000,1.0,0.9999999999999999,89,0.9999999296921915,0.89,33,33,0,0,0,58,0,0,1.0,0
7.0,2.0,2,true,90,90,0.0,0.9980926961351115,99,0.8491272819973555,0.99,38,38,41,41,0,94,0,0,1.0,0
5.0,0.2,3,true,120,120,1.0,0.9997034522088158,90,0.8638335689234438,0.9,50,50,71,71,6,350,0,0,1.0,3
5.0,0.3,19,true,100,100,1.0,0.9990721846673354,93,0.8564293979611327,0.93,39,39,51,51,5,269,0,0,1.0,1
7.0,0.1,19,true,99,99,0.0,0.9990784649010878,97,0.8526525242414933,0.97,39,39,50,50,0,86,0,0,1.0,0
7.0,1.0,19,true,122,122,0.0,0.9997031399311396,91,0.8632498057284221,0.91,50,50,73,73,3,207,0,0,1.0,2
7.0,2.0,3,true,95,95,0.0,0.9989361131621882,95,0.8519336268179413,0.95,36,36,46,46,0,63,0,0,1.0,0
5.0,0.2,4,true,98,98,1.0,0.9992027429464673,97,0.854648237420871,0.97,36,37,49,49,1,168,0,0,1.0,0
5.0,0.3,20,true,126,126,0.0,0.9994719252942044,93,0.8641386157132663,0.93,60,60,77,77,10,565,4,0,1.0,2
7.0,2.0,4,true,92,92,0.0,0.9985616574123474,96,0.8508250715444442,0.96,36,37,43,43,0,97,0,0,1.0,0
5.0,0.2,5,true,96,96,0.0,0.9992225917843999,95,0.8551311910206856,0.95,34,34,47,47,2,149,0,0,1.0,2
5.0,0.3,21,true,89,89,0.0,0.9986970379596255,97,0.8518153409711361,0.97,32,32,40,40,1,124,0,0,1.0,0
7.0,2.0,5,true,93,93,0.0,0.9988700673830994,92,0.8523974038019767,0.92,37,37,44,44,0,95,0,0,1.0,0
5.0,1.5,30,false,0,3000,1.0,0.9999999999999999,83,0.9999999290292666,0.83,48,48,0,0,12,466,0,0,1.0,2
5.0,0.3,22,true,100,100,0.0,0.999074171200483,93,0.856154790055786,0.93,38,39,51,51,4,207,0,0,1.0,2
5.0,0.2,6,true,124,124,0.0,0.9997155231234358,90,0.8671883200988015,0.9,56,56,75,75,11,495,1,0,1.0,2
5.0,0.3,23,true,87,87,0.0,0.9988452287441426,94,0.8530421387512742,0.94,26,29,38,38,3,150,0,0,1.0,1
5.0,0.2,7,true,93,93,0.0,0.997725711662476,93,0.851244412122129,0.93,43,43,44,44,5,281,0,0,1.0,1
7.0,0.7,3,false,0,3000,1.0,0.9999999999999999,88,0.9999999271241214,0.88,43,46,0,0,1,146,0,0,1.0,1
5.0,0.2,8,true,154,154,0.0,0.9985746839300345,95,0.7650733813109071,0.95,93,93,105,105,36,1341,27,4,1.0,13
7.0,0.7,4,true,105,105,1.0,0.9996805594357602,93,0.8587103240907372,0.93,35,35,56,56,0,52,0,0,1.0,0
5.0,0.2,9,true,78,78,0.0,0.9982966606005564,98,0.8488150636383872,0.98,24,25,29,29,0,55,0,0,1.0,0
7.0,0.7,5,true,118,118,1.0,0.9994070716525592,92,0.8588445908474174,0.92,55,55,69,69,2,183,0,0,1.0,2
5.0,0.2,10,true,77,77,0.0,0.9983260609638727,98,0.8484881614959771,0.98,22,23,28,28,0,46,0,0,1.0,0
7.0,0.7,6,true,97,97,0.0,0.9987831109553517,94,0.8520705378423497,0.94,40,40,48,48,1,118,0,0,1.0,0
7.0,0.7,7,true,114,114,0.0,0.9991598930154901,92,0.8574590156497371,0.92,54,54,65,65,2,219,0,0,1.0,1
7.0,0.7,8,true,121,121,1.0,0.9995745586769758,91,0.8622124107380156,0.91,52,50,72,72,1,162,0,0,1.0,0
7.0,5.0,8,false,0,3000,0.0,0.9999999999999999,87,0.9999999277126228,0.87,53,54,0,0,13,429,2,0,1.0,2
7.0,5.0,9,true,104,104,0.0,0.9997940411742071,91,0.862085143431793,0.91,31,31,55,55,0,51,0,0,1.0,0
5.0,0.7,1,false,0,3000,1.0,0.9999999999999999,89,0.9999999216938206,0.89,69,69,0,0,17,771,6,0,1.0,5
5.0,0.7,2,true,81,81,0.0,0.9987865452965794,98,0.8508886718339411,0.98,24,24,32,32,0,52,0,0,1.0,0
5.0,0.7,3,true,84,84,1.0,0.9982184209733918,98,0.8497411030591271,0.98,31,31,35,35,0,114,0,0,1.0,0
5.0,0.7,4,true,87,87,0.0,0.9983257187095173,98,0.8508313008279875,0.98,31,34,38,38,1,123,0,0,1.0,0
5.0,3.0,8,false,0,3000,1.0,0.9999999999999999,87,0.9999999324695777,0.87,34,34,0,0,10,305,1,0,1.0,0
5.0,3.0,9,true,80,80,1.0,0.9978956730008649,100,0.8480562435630595,1.0,27,28,31,31,0,82,0,0,1.0,0
5.0,3.0,10,true,104,104,0.0,0.9995072605311983,90,0.86284405959149,0.9,33,38,55,55,6,254,0,0,1.0,1
5.0,3.0,11,true,86,86,1.0,0.9982561208325452,95,0.8509518945082115,0.95,29,31,37,37,3,155,0,0,1.0,0
5.0,3.0,12,true,80,80,1.0,0.9978314205974911,97,0.8488508800840784,0.97,27,28,31,31,0,71,0,0,1.0,0
5.0,3.0,13,true,75,75,0.0,0.9974546960390712,99,0.8469508035918685,0.99,25,25,26,26,0,62,0,0,1.0,0
5.0,1.5,1,false,0,3000,0.0,0.9999999999999999,80,0.9999999121945006,0.8,61,61,0,0,30,945,10,0,1.0,6
5.0,3.0,14,true,82,82,0.0,0.99817382379782,98,0.849286932199092,0.98,29,29,33,33,0,90,0,0,1.0,0
7.0,0.3,13,false,0,3000,0.0,0.9999999999999999,87,0.99999992639696,0.87,42,42,0,0,0,94,0,0,1.0,0
5.0,1.5,2,true,86,86,0.0,0.999225855538913,94,0.8530041164305698,0.94,26,26,37,37,0,44,0,0,1.0,0
5.0,3.0,15,true,78,78,0.0,0.9980878750331271,99,0.8483566900937728,0.99,24,25,29,29,0,58,0,0,1.0,0
5.0,5.0,30,false,0,3000,1.0,0.9999999999999999,79,0.9999998981833372,0.79,56,56,0,0,40,970,18,1,1.0,6
5.0,1.5,3,true,104,104,0.0,0.9990076841407187,90,0.8578190688100789,0.9,46,47,55,55,9,411,0,0,1.0,6
5.0,1.5,4,true,89,89,1.0,0.9982981880925709,97,0.850774664597476,0.97,34,34,40,40,3,176,0,0,1.0,0
5.0,1.5,5,true,83,83,1.0,0.9987225971807164,97,0.8506028434544624,0.97,25,27,34,34,0,59,0,0,1.0,0
7.0,1.0,20,false,0,3000,1.0,0.9999999999999999,89,0.9999999235396902,0.89,56,56,0,0,2,225,0,0,1.0,0
7.0,2.0,6,false,0,3000,1.0,0.9999999999999999,87,0.9999999295479516,0.87,38,38,0,0,0,68,0,0,1.0,0
7.0,0.1,20,false,0,3000,0.0,0.9999999999999999,84,0.9999999265493535,0.84,41,43,0,0,0,95,0,0,1.0,0
7.0,2.0,7,true,118,118,0.0,0.999876377378216,91,0.866201653133753,0.91,41,41,69,69,0,80,0,0,1.0,0
7.0,2.0,8,true,86,86,0.0,0.9980468509930424,99,0.8488129479333322,0.99,34,34,37,37,0,97,0,0,1.0,0
5.0,2.0,1,false,0,3000,0.0,0.9999999999999999,86,0.9999999294237313,0.86,47,47,0,0,15,558,3,0,1.0,1
7.0,2.0,9,true,113,113,1.0,0.9989830864564392,92,0.8561585346237939,0.92,52,51,64,64,2,243,0,0,1.0,0
5.0,0.3,24,false,0,3000,1.0,0.9999999999999999,87,0.9999999238590361,0.87,62,62,0,0,10,552,0,0,1.0,3
5.0,2.0,2,true,91,91,1.0,0.9993092194141238,95,0.8555940720567998,0.95,26,27,42,42,2,101,0,0,1.0,1
5.0,2.0,3,true,85,85,0.0,0.9981137732950366,96,0.8516947462662934,0.96,31,32,34,34,3,200,0,0,1.0,0
5.0,2.0,4,true,110,110,0.0,0.9997358913906585,91,0.8656654742381859,0.91,38,39,61,61,7,304,1,0,1.0,1
5.0,2.0,5,true,89,89,1.0,0.9979266119451232,97,0.8499628108177997,0.97,34,34,40,40,2,148,0,0,1.0,0
5.0,2.0,6,true,78,78,1.0,0.9980380729125805,100,0.8475903473349555,1.0,23,25,29,29,0,57,0,0,1.0,0
5.0,2.0,7,true,84,84,1.0,0.9981835169539975,96,0.8507934984358959,0.96,28,28,35,35,3,136,0,0,1.0,1
7.0,5.0,10,false,0,3000,1.0,0.9999999999999999,82,0.9999999252584598,0.82,60,60,0,0,22,654,5,0,1.0,2
7.0,5.0,11,true,100,100,1.0,0.9994434385549493,92,0.8569124803121351,0.92,35,37,51,51,0,72,0,0,1.0,0
7.0,0.7,9,false,0,3000,1.0,0.9999999999999999,89,0.9999999259957748,0.89,53,53,0,0,3,221,0,0,1.0,2
7.0,5.0,12,true,121,121,0.0,0.9999419134748527,90,0.8717635679317433,0.9,33,33,72,72,1,85,0,0,1.0,0
7.0,5.0,13,true,90,90,1.0,0.9985667631819756,95,0.8506087118884181,0.95,34,34,41,41,0,95,0,0,1.0,0
7.0,5.0,14,true,85,85,1.0,0.9979469488405929,95,0.8488705454904153,0.95,32,33,36,36,0,78,0,0,1.0,0
5.0,0.7,5,false,0,3000,1.0,0.9999999999999999,80,0.9999998962669293,0.8,73,75,0,0,29,1086,10,0,1.0,10
5.0,0.7,6,true,95,95,0.0,0.9985872350497147,95,0.8530386065852299,0.95,40,40,46,46,4,221,0,0,1.0,0
5.0,0.7,7,true,83,83,1.0,0.99871016409483,100,0.849737463315762,1.0,26,26,34,34,0,66,0,0,1.0,0
5.0,0.7,8,true,108,108,0.0,0.9993859390084842,90,0.8601820587457119,0.9,46,46,59,59,6,300,0,0,1.0,1
5.0,0.7,9,true,92,92,1.0,0.9987042561518331,95,0.8513612653751467,0.95,35,35,43,43,2,151,0,0,1.0,0
5.0,0.7,10,true,95,95,0.0,0.9985607454491947,95,0.8523161230477809,0.95,40,40,46,46,3,168,0,0,1.0,2
5.0,0.7,11,true,85,85,0.0,0.9986607517390308,97,0.8503786767469377,0.97,30,30,36,36,0,93,0,0,1.0,0
7.0,0.3,14,false,0,3000,0.0,0.9999999999999999,86,0.9999999259480274,0.86,43,48,0,0,0,75,0,0,1.0,0
5.0,0.7,12,true,81,81,0.0,0.9983247068452363,96,0.8491707655483761,0.96,26,26,32,32,1,81,0,0,1.0,0
7.0,0.3,15,true,89,89,1.0,0.9991253601177139,93,0.8521686510989634,0.93,32,32,40,40,0,37,0,0,1.0,0
5.0,0.7,13,true,87,87,1.0,0.9981454127896395,97,0.8498652563991718,0.97,35,33,38,38,2,136,0,0,1.0,0
5.0,3.0,16,false,0,3000,0.0,0.9999999999999999,83,0.9999999193460124,0.83,55,57,0,0,32,852,17,0,1.0,2
5.0,0.7,14,true,94,94,0.0,0.9992970542650997,95,0.8553321306042959,0.95,30,30,45,45,1,118,0,0,1.0,0
7.0,0.3,16,true,121,121,1.0,0.9998827927092775,90,0.8677948120759278,0.9,40,41,72,72,1,110,0,0,1.0,1
7.0,0.0,1,false,0,3000,1.0,0.9999999999999999,87,0.9999999281075181,0.87,39,40,0,0,2,0,0,0,1.0,2
7.0,0.3,17,true,96,96,0.0,0.9992452231523309,91,0.853322063151171,0.91,34,35,47,47,0,46,0,0,1.0,0
5.0,1.5,6,false,0,3000,0.0,0.9999999999999999,88,0.9999999304281619,0.88,45,45,0,0,11,439,0,0,1.0,2
5.0,0.7,15,true,91,91,1.0,0.99867605631568,96,0.8531392591820257,0.96,38,38,42,42,2,182,0,0,1.0,0
7.0,2.0,10,false,0,3000,1.0,0.9999999999999999,89,0.999999931098186,0.89,31,32,0,0,0,52,0,0,1.0,0
5.0,0.7,16,true,77,77,1.0,0.9982880012833355,99,0.8482258456840022,0.99,25,25,28,28,0,50,0,0,1.0,0
5.0,1.5,7,true,86,86,1.0,0.9993890546296953,94,0.8540938874552333,0.94,23,23,37,37,0,41,0,0,1.0,0
7.0,2.0,11,true,94,94,0.0,0.9989484629754694,91,0.8537684738033408,0.91,35,35,45,45,1,107,0,0,1.0,0
5.0,1.5,8,true,81,81,1.0,0.9977183855970688,98,0.8492764497021733,0.98,25,27,32,32,1,97,0,0,1.0,0
5.0,0.7,17,true,93,93,1.0,0.9981363432886892,95,0.8522664172516637,0.95,37,39,44,44,3,209,0,0,1.0,1
7.0,0.3,18,true,156,156,1.0,0.9999396147807734,90,0.8742377852951345,0.9,74,74,107,107,6,373,0,0,1.0,3
7.0,0.1,21,false,0,3000,0.0,0.9999999999999999,88,0.9999999231419405,0.88,58,57,0,0,2,236,0,0,1.0,0
7.0,2.0,12,true,97,97,1.0,0.9989146978496285,97,0.8523253572119608,0.97,39,39,48,48,0,94,0,0,1.0,0
7.0,1.0,21,false,0,3000,0.0,0.9999999999999999,88,0.9999999283839486,0.88,42,42,0,0,0,73,0,0,1.0,0
5.0,1.5,9,true,79,79,1.0,0.9981370850525826,98,0.8486248506749323,0.98,26,26,30,30,0,59,0,0,1.0,0
5.0,0.7,18,true,85,85,1.0,0.9989208428736381,96,0.8513069687985585,0.96,27,27,36,36,0,66,0,0,1.0,0
7.0,0.3,19,true,111,111,0.0,0.9997160861040554,91,0.8612468710963803,0.91,40,41,62,62,0,106,0,0,1.0,0
7.0,0.1,22,true,134,134,1.0,0.9997310233570853,90,0.8649875515204687,0.9,61,61,85,85,2,233,0,0,1.0,2
7.0,2.0,13,true,112,112,1.0,0.9994851346561979,91,0.8586404643846985,0.91,47,47,63,63,0,120,0,0,1.0,0
7.0,1.0,22,true,115,115,0.0,0.9998958847576224,90,0.8662462091450548,0.9,34,34,66,66,0,48,0,0,1.0,0
5.0,0.3,25,false,0,3000,0.0,0.9999999999999999,89,0.9999999250597652,0.89,57,58,0,0,14,613,3,0,1.0,3
7.0,0.3,20,true,111,111,0.0,0.9997246521874399,91,0.8611905427269787,0.91,39,39,62,62,0,77,0,0,1.0,0
5.0,0.7,19,true,152,152,1.0,0.9993366782076688,94,0.7980378241877741,0.94,83,83,103,103,30,1194,22,2,1.0,13
7.0,2.0,14,true,87,87,0.0,0.9981526773685322,99,0.8488516126257276,0.99,35,35,38,38,0,82,0,0,1.0,0
7.0,1.0,23,true,105,105,0.0,0.9996376399619211,93,0.8591468846642151,0.93,35,35,56,56,0,74,0,0,1.0,0
5.0,0.7,20,true,84,84,1.0,0.9979392757645961,95,0.8509450044882478,0.95,30,30,35,35,3,162,0,0,1.0,0
7.0,2.0,15,true,94,94,1.0,0.9980103029661325,93,0.852331620401552,0.93,39,39,45,45,1,135,0,0,1.0,0
7.0,0.3,21,true,110,110,0.0,0.9992610797883666,93,0.8561041215191374,0.93,45,49,61,61,3,197,0,0,1.0,2
7.0,1.0,24,true,87,87,1.0,0.9991353446125432,95,0.851307125310391,0.95,29,29,38,38,0,33,0,0,1.0,0
7.0,0.3,22,true,96,96,0.0,0.9986083332747779,98,0.8515167190567761,0.98,41,41,47,47,0,105,0,0,1.0,0
7.0,0.3,23,true,98,98,1.0,0.9989108315965963,93,0.8536965548589717,0.93,40,40,49,49,1,129,0,0,1.0,0
5.0,2.0,8,false,0,3000,1.0,0.9999999999999999,82,0.999999928527341,0.82,51,51,0,0,18,658,2,0,1.0,4
5.0,2.0,9,true,87,87,0.0,0.998237283790715,96,0.8506226158627309,0.96,34,34,38,38,2,146,0,0,1.0,0
5.0,2.0,10,true,90,90,0.0,0.9989901002738197,93,0.8550838703409039,0.93,28,29,41,41,3,149,0,0,1.0,0
5.0,2.0,11,true,88,88,0.0,0.99811623661699,95,0.8511205506184166,0.95,33,34,39,39,3,197,0,0,1.0,0
7.0,0.7,10,false,0,3000,1.0,0.9999999999999999,86,0.9999999309277682,0.86,29,30,0,0,0,42,0,0,1.0,0
7.0,0.7,11,true,103,103,1.0,0.9989254877350692,94,0.8526159013839899,0.94,44,44,54,54,0,131,0,0,1.0,0
7.0,0.7,12,true,104,104,1.0,0.9997433027310535,93,0.8603391558895107,0.93,32,34,55,55,0,53,0,0,1.0,0
7.0,0.7,13,true,114,114,1.0,0.9999276578403865,91,0.8673687147203273,0.91,32,32,65,65,0,31,0,0,1.0,0
7.0,5.0,15,false,0,3000,1.0,0.9999999999999999,87,0.9999999278194823,0.87,53,53,0,0,5,224,0,0,1.0,0
5.0,3.0,17,false,0,3000,0.0,0.9999999999999999,89,0.9999999325454794,0.89,38,38,0,0,12,418,2,0,1.0,0
5.0,0.3,26,false,0,3000,0.0,0.9999999999999999,89,0.999999926140077,0.89,59,58,0,0,12,555,1,0,1.0,2
5.0,0.3,27,true,75,75,1.0,0.9982524377329527,100,0.8474916956056144,1.0,23,23,26,26,0,36,0,0,1.0,0
7.0,0.0,2,false,0,3000,0.0,0.9999999999999999,89,0.9999999227598423,0.89,51,51,0,0,4,0,0,0,1.0,4
5.0,0.3,28,true,117,117,0.0,0.9993690415811913,91,0.8613028387416275,0.91,54,54,68,68,9,505,1,0,1.0,2
5.0,0.3,29,true,88,88,1.0,0.9987988416762754,96,0.8523331795576148,0.96,32,32,39,39,1,105,0,0,1.0,0
7.0,0.0,3,true,105,105,1.0,0.9991178258573088,98,0.8533426493559422,0.98,47,47,56,56,1,0,0,0,1.0,1
7.0,0.1,23,false,0,3000,0.0,0.9999999999999999,86,0.9999999261583931,0.86,44,44,0,0,1,131,0,0,1.0,0
5.0,0.3,30,true,83,83,0.0,0.9988355655362586,98,0.8500500965498642,0.98,24,24,34,34,0,53,0,0,1.0,0
7.0,0.1,24,true,100,100,1.0,0.9992939529487385,95,0.8539171701717382,0.95,38,38,51,51,0,93,0,0,1.0,0
5.0,2.0,12,false,0,3000,0.0,0.9999999999999999,87,0.9999999305414554,0.87,42,44,0,0,11,411,0,0,1.0,2
5.0,2.0,13,true,92,92,1.0,0.9989517299763341,94,0.8551334248402879,0.94,31,31,43,43,3,187,0,0,1.0,0
5.0,2.0,14,true,143,143,1.0,0.9998089293805079,90,0.8533249884622387,0.9,60,61,94,94,28,866,19,0,1.0,4
5.0,2.0,15,true,92,92,0.0,0.998149341759645,95,0.8522899243234917,0.95,39,39,43,43,5,262,0,0,1.0,0
7.0,2.0,16,false,0,3000,1.0,0.9999999999999999,80,0.9999999234506685,0.8,65,65,0,0,12,541,0,0,1.0,1
5.0,2.0,16,true,89,89,0.0,0.998459883514841,97,0.8501511833616892,0.97,34,34,40,40,1,107,0,0,1.0,0
7.0,1.0,25,false,0,3000,1.0,0.9999999999999999,89,0.9999999278560999,0.89,43,43,0,0,1,127,0,0,1.0,0
7.0,2.0,17,true,116,116,1.0,0.999544918220291,94,0.8589653608629312,0.94,47,47,67,67,2,167,0,0,1.0,0
7.0,0.3,24,false,0,3000,0.0,0.9999999999999999,87,0.9999999239862001,0.87,61,58,0,0,5,293,0,0,1.0,2
7.0,0.7,14,false,0,3000,1.0,0.9999999999999999,88,0.9999999246257495,0.88,54,54,0,0,2,164,0,0,1.0,1
7.0,5.0,16,false,0,3000,1.0,0.9999999999999999,89,0.9999999301660266,0.89,39,39,0,0,3,162,0,0,1.0,1
7.0,5.0,17,true,88,88,0.0,0.9983840222706628,94,0.8501205488274336,0.94,33,33,39,39,0,83,0,0,1.0,0
5.0,3.0,18,false,0,3000,1.0,0.9999999999999999,89,0.9999999327584601,0.89,32,32,0,0,7,253,0,0,1.0,1
7.0,0.1,25,false,0,3000,0.0,0.9999999999999999,80,0.9999999266557648,0.8,42,43,0,0,0,76,0,0,1.0,0
5.0,3.0,19,true,89,89,1.0,0.9983634468448817,93,0.8533759346044891,0.93,36,36,40,40,5,239,0,0,1.0,1
5.0,3.0,20,true,102,102,0.0,0.9993865498744268,91,0.8619643813456446,0.91,37,36,53,53,7,259,0,0,1.0,1
5.0,3.0,21,true,77,77,0.0,0.9981442042239987,99,0.8475500381374722,0.99,24,25,28,28,0,45,0,0,1.0,0
7.0,0.0,4,false,0,3000,1.0,0.9999999999999999,88,0.9999999102461122,0.88,57,58,0,0,6,0,2,0,1.0,5
7.0,0.0,5,true,119,119,1.0,0.9996751185218329,92,0.8609905340424958,0.92,51,51,70,70,1,0,0,0,1.0,1
5.0,2.0,17,false,0,3000,0.0,0.9999999999999999,89,0.9999999292063323,0.89,47,50,0,0,16,541,5,0,1.0,2
7.0,1.0,26,false,0,3000,0.0,0.9999999999999999,89,0.9999999130111585,0.89,91,91,0,0,12,816,3,0,1.0,9
7.0,2.0,18,false,0,3000,0.0,0.9999999999999999,86,0.9999999223300907,0.86,67,67,0,0,10,487,0,0,1.0,3
5.0,2.0,18,true,143,143,0.0,0.9969935772469591,98,0.77629686010222,0.98,89,90,94,94,77,1326,46,30,1.0,12
7.0,1.0,27,true,111,111,0.0,0.9996281252902177,92,0.8608626473706898,0.92,41,41,62,62,2,155,0,0,1.0,0
7.0,2.0,19,true,85,85,0.0,0.9985928193676942,95,0.8494695406496107,0.95,30,30,36,36,0,47,0,0,1.0,0
7.0,2.0,20,true,100,100,0.0,0.9991159635483708,93,0.8544775123525425,0.93,39,40,51,51,1,101,0,0,1.0,0
7.0,2.0,21,true,94,94,1.0,0.9990017644206027,96,0.8526845263385522,0.96,35,37,45,45,0,83,0,0,1.0,0
7.0,2.0,22,true,112,112,0.0,0.9997172022180284,94,0.8603111623411037,0.94,43,43,63,63,0,77,0,0,1.0,0
7.0,2.0,23,true,103,103,1.0,0.9989544176224642,95,0.8539417962514494,0.95,46,45,54,54,1,151,0,0,1.0,0
7.0,5.0,18,false,0,3000,0.0,0.9999999999999999,86,0.9999999277280621,0.86,46,48,0,0,7,276,1,0,1.0,0
7.0,2.0,24,true,102,102,1.0,0.9997356466975943,91,0.859582215555733,0.91,32,32,53,53,0,39,0,0,1.0,0
7.0,0.3,25,false,0,3000,0.0,0.9999999999999999,89,0.9999999242124245,0.89,55,55,0,0,2,202,0,0,1.0,1
7.0,0.7,15,false,0,3000,1.0,0.9999999999999999,84,0.9999999192608254,0.84,67,67,0,0,5,337,0,0,1.0,2
7.0,0.3,26,true,92,92,0.0,0.9986356477219411,98,0.8507826309876417,0.98,36,37,43,43,0,86,0,0,1.0,0
7.0,0.1,26,false,0,3000,0.0,0.9999999999999999,87,0.9999999283621118,0.87,42,40,0,0,0,65,0,0,1.0,0
5.0,3.0,22,false,0,3000,1.0,0.9999999999999999,74,0.9999999201311841,0.74,51,51,0,0,32,861,7,0,1.0,2
7.0,0.0,6,false,0,3000,1.0,0.9999999999999999,79,0.9999999147063073,0.79,62,64,0,0,7,0,1,0,1.0,5
5.0,2.0,19,false,0,3000,1.0,0.9999999999999999,80,0.9999999284161243,0.8,51,51,0,0,21,690,3,0,1.0,3
7.0,1.0,28,false,0,3000,0.0,0.9999999999999999,84,0.9999999194436635,0.84,74,74,0,0,8,449,0,0,1.0,2
7.0,1.0,29,true,90,90,0.0,0.9992352809890981,94,0.8524250905408942,0.94,30,30,41,41,0,46,0,0,1.0,0
7.0,1.0,30,true,89,89,1.0,0.9987735506013347,95,0.8512934131436889,0.95,33,33,40,40,0,69,0,0,1.0,0
7.0,1.5,1,true,120,120,0.0,0.9997300386429638,91,0.8633235993898057,0.91,48,48,71,71,3,204,0,0,1.0,0
7.0,2.0,25,false,0,3000,0.0,0.9999999999999999,89,0.9999999288599166,0.89,38,38,0,0,0,66,0,0,1.0,0
7.0,5.0,19,false,0,3000,0.0,0.9999999999999999,89,0.9999999297006993,0.89,45,47,0,0,8,292,0,0,1.0,0
7.0,0.3,27,false,0,3000,0.0,0.9999999999999999,86,0.9999999238607243,0.86,53,53,0,0,2,192,0,0,1.0,2
7.0,0.3,28,true,129,129,1.0,0.999648569386231,92,0.8609372553772097,0.92,58,58,80,80,2,192,0,0,1.0,2
7.0,0.7,16,false,0,3000,1.0,0.9999999999999999,88,0.999999925062497,0.88,51,51,0,0,1,144,0,0,1.0,1
7.0,0.3,29,true,95,95,0.0,0.9990772315591446,93,0.8538799569033441,0.93,37,37,46,46,0,92,0,0,1.0,0
7.0,0.7,17,true,128,128,1.0,0.9999222863317603,90,0.8688450792816429,0.9,44,44,79,79,1,97,0,0,1.0,1
7.0,0.3,30,true,101,101,0.0,0.9992340266478662,92,0.856148881731323,0.92,38,39,52,52,1,120,0,0,1.0,0
7.0,0.7,18,true,118,118,1.0,0.9998091670668349,92,0.8634595328419125,0.92,43,43,69,69,1,133,0,0,1.0,0
7.0,0.5,1,true,110,110,0.0,0.9996395775806103,90,0.8603200260605902,0.9,38,39,61,61,1,106,0,0,1.0,0
7.0,0.7,19,true,101,101,0.0,0.999500157857748,93,0.85658817094402,0.93,37,37,52,52,0,65,0,0,1.0,0
7.0,0.5,2,true,129,129,0.0,0.9997916608753908,90,0.8644441453306214,0.9,56,56,80,80,2,178,0,0,1.0,1
7.0,0.7,20,true,116,116,1.0,0.9994890866484911,92,0.8582553791956385,0.92,51,51,67,67,3,216,0,0,1.0,2
7.0,0.5,3,true,99,99,0.0,0.9988288411075843,94,0.8517400726069134,0.94,43,43,50,50,0,115,0,0,1.0,0
5.0,3.0,23,false,0,3000,1.0,0.9999999999999999,78,0.9999999005308005,0.78,55,58,0,0,34,974,12,0,1.0,6
7.0,0.1,27,false,0,3000,1.0,0.9999999999999999,88,0.9999999248312608,0.88,48,50,0,0,1,151,0,0,1.0,0
5.0,3.0,24,true,87,87,0.0,0.9985363944356854,92,0.8527249486471274,0.92,31,31,38,38,3,160,0,0,1.0,0
7.0,0.1,28,true,129,129,0.0,0.9998771572568245,91,0.865764556459182,0.91,52,52,80,80,0,92,0,0,1.0,0
7.0,0.1,29,true,92,92,0.0,0.9991657650088759,93,0.8525151230580382,0.93,31,31,43,43,0,50,0,0,1.0,0
7.0,0.0,7,false,0,3000,1.0,0.9999999999999999,80,0.9999999161502755,0.8,53,53,0,0,6,0,0,0,1.0,4
7.0,1.5,2,false,0,3000,0.0,0.9999999999999999,88,0.9999999268154109,0.88,44,44,0,0,1,126,0,0,1.0,1
5.0,2.0,20,false,0,3000,1.0,0.9999999999999999,86,0.9999999288719575,0.86,48,49,0,0,17,578,6,0,1.0,3
7.0,1.5,3,true,137,137,1.0,0.9998412582528233,90,0.8686717441893026,0.9,57,57,88,88,5,337,0,0,1.0,1
5.0,2.0,21,true,88,88,1.0,0.9990621137956432,97,0.8530937425596518,0.97,29,29,39,39,1,100,0,0,1.0,0
5.0,2.0,22,true,77,77,1.0,0.9978894395190973,98,0.8485843986755665,0.98,26,26,28,28,0,72,0,0,1.0,0
7.0,5.0,20,false,0,3000,1.0,0.9999999999999999,77,0.9999999042671205,0.77,66,66,0,0,32,888,9,0,1.0,3
5.0,2.0,23,true,77,77,0.0,0.9980654093146194,97,0.8486296192990416,0.97,24,24,28,28,0,58,0,0,1.0,0
7.0,5.0,21,true,107,107,1.0,0.999619077159262,90,0.859802615085701,0.9,38,38,58,58,0,63,0,0,1.0,0
7.0,2.0,26,false,0,3000,1.0,0.9999999999999999,87,0.9999999253772932,0.87,53,54,0,0,5,293,0,0,1.0,2
7.0,2.0,27,true,85,85,0.0,0.9978609571877068,97,0.847449275093866,0.97,34,34,36,36,0,55,0,0,1.0,0
7.0,2.0,28,true,96,96,1.0,0.9981564953158523,93,0.8506477266693578,0.93,41,41,47,47,1,139,0,0,1.0,0
7.0,0.7,21,false,0,3000,0.0,0.9999999999999999,84,0.99999992785097,0.84,43,43,0,0,1,112,0,0,1.0,0
7.0,0.7,22,true,104,104,0.0,0.9994089306110476,95,0.8559484800999452,0.95,41,41,55,55,0,106,0,0,1.0,0
7.0,0.5,4,false,0,3000,1.0,0.9999999999999999,86,0.9999999282370222,0.86,41,41,0,0,0,51,0,0,1.0,0
5.0,3.0,25,false,0,3000,1.0,0.9999999999999999,86,0.9999999315708977,0.86,42,42,0,0,10,373,0,0,1.0,3
5.0,3.0,26,true,76,76,1.0,0.9974920778018772,95,0.8472701764433623,0.95,26,26,27,27,1,89,0,0,1.0,0
5.0,3.0,27,true,84,84,0.0,0.9979930192981195,92,0.8518921146135602,0.92,30,31,35,35,5,190,0,0,1.0,0
7.0,5.0,22,false,0,3000,1.0,0.9999999999999999,80,0.9999999259559115,0.8,58,60,0,0,18,531,2,0,1.0,2
7.0,5.0,23,true,98,98,0.0,0.99954131291037,96,0.8566098727997389,0.96,31,32,49,49,0,43,0,0,1.0,0
7.0,5.0,24,true,95,95,0.0,0.9990656742352041,95,0.853092704424564,0.95,35,35,46,46,0,83,0,0,1.0,0
7.0,5.0,25,true,89,89,1.0,0.9986998712115981,93,0.8511943195301531,0.93,33,33,40,40,0,62,0,0,1.0,0
7.0,0.1,30,false,0,3000,1.0,0.9999999999999999,83,0.9999999244749217,0.83,54,54,0,0,2,206,0,0,1.0,0
7.0,5.0,26,true,111,111,1.0,0.9997649447024216,91,0.8623246542300955,0.91,37,38,62,62,0,79,0,0,1.0,0
7.0,0.2,1,true,104,104,0.0,0.99979110533773,91,0.8607957273519944,0.91,30,30,55,55,0,43,0,0,1.0,0
7.0,5.0,27,true,86,86,0.0,0.9986338196042217,97,0.849762439931992,0.97,31,31,37,37,0,55,0,0,1.0,0
7.0,5.0,28,true,88,88,1.0,0.9980663374118138,98,0.8489310103555069,0.98,36,36,39,39,0,81,0,0,1.0,0
7.0,0.2,2,true,106,106,1.0,0.999641997916682,92,0.8587237082486373,0.92,39,39,57,57,1,102,0,0,1.0,1
7.0,0.0,8,false,0,3000,1.0,0.9999999999999999,76,0.9999999099014802,0.76,60,60,0,0,7,0,1,0,1.0,6
7.0,0.0,9,true,94,94,0.0,0.9995032187153439,96,0.8542992941638133,0.96,29,29,45,45,0,0,0,0,1.0,0
7.0,1.5,4,false,0,3000,1.0,0.9999999999999999,88,0.9999999274214175,0.88,47,47,0,0,3,226,0,0,1.0,2
5.0,2.0,24,false,0,3000,0.0,0.9999999999999999,88,0.9999999305759139,0.88,44,44,0,0,8,316,0,0,1.0,1
7.0,2.0,29,false,0,3000,1.0,0.9999999999999999,89,0.9999999242934876,0.89,60,60,0,0,7,338,0,0,1.0,5
7.0,2.0,30,true,88,88,0.0,0.9990314480781717,94,0.8518278935733291,0.94,31,31,39,39,0,53,0,0,1.0,0
7.0,3.0,1,true,95,95,1.0,0.9987405979418534,93,0.8520163704522434,0.93,37,39,46,46,0,94,0,0,1.0,0
7.0,0.7,23,false,0,3000,1.0,0.9999999999999999,88,0.9999999225132341,0.88,68,67,0,0,7,379,0,0,1.0,1
7.0,0.5,5,false,0,3000,1.0,0.9999999999999999,89,0.9999999218487167,0.89,60,62,0,0,4,284,0,0,1.0,2
7.0,0.5,6,true,87,87,1.0,0.9989125993450146,97,0.8505239143497032,0.97,30,30,38,38,0,36,0,0,1.0,0
5.0,3.0,28,false,0,3000,0.0,0.9999999999999999,80,0.9999999274683484,0.8,49,49,0,0,24,676,5,0,1.0,6
7.0,0.2,3,false,0,3000,1.0,0.9999999999999999,86,0.9999999186293307,0.86,75,75,0,0,8,479,1,0,1.0,4
7.0,0.2,4,true,98,98,0.0,0.9993272117185391,94,0.8550081476250398,0.94,35,35,49,49,0,67,0,0,1.0,0
7.0,0.2,5,true,100,100,0.0,0.9990173161775816,95,0.8525626501571898,0.95,43,43,51,51,0,117,0,0,1.0,0
7.0,0.2,6,true,105,105,1.0,0.9994250304138714,91,0.8576163870546147,0.91,41,40,56,56,1,103,0,0,1.0,1
7.0,5.0,29,false,0,3000,1.0,0.9999999999999999,76,0.9999999271065686,0.76,59,59,0,0,19,595,4,0,1.0,1
7.0,5.0,30,true,79,79,1.0,0.9982975901005873,98,0.8472066290763378,0.98,25,25,30,30,0,23,0,0,1.0,0
5.0,2.0,25,false,0,3000,1.0,0.9999999999999999,88,0.9999999293723764,0.88,46,46,0,0,11,445,0,0,1.0,0
5.0,2.0,26,true,98,98,0.0,0.9991135248185842,91,0.8592248101837627,0.91,37,38,49,49,7,278,0,0,1.0,1
7.0,0.0,10,false,0,3000,0.0,0.9999999999999999,87,0.9999999178295408,0.87,55,54,0,0,1,0,0,0,1.0,1
7.0,0.0,11,true,107,107,0.0,0.9996762198580371,92,0.8592910102297416,0.92,37,39,58,58,0,0,0,0,1.0,0
7.0,1.5,5,false,0,3000,0.0,0.9999999999999999,76,0.9999999000904151,0.76,86,91,0,0,24,941,3,0,1.0,8
7.0,3.0,2,false,0,3000,0.0,0.9999999999999999,89,0.9999999278200661,0.89,46,46,0,0,2,176,0,0,1.0,0
7.0,3.0,3,true,121,121,0.0,0.999839814631418,91,0.8665680940418444,0.91,43,45,72,72,2,172,0,0,1.0,0
7.0,0.7,24,false,0,3000,0.0,0.9999999999999999,84,0.9999999045793915,0.84,96,96,0,0,16,925,1,0,1.0,7
7.0,0.7,25,true,112,112,1.0,0.9987159923111528,95,0.8545371302120592,0.95,55,55,63,63,4,278,0,0,1.0,0
7.0,0.5,7,false,0,3000,1.0,0.9999999999999999,89,0.9999999261251151,0.89,48,48,0,0,2,147,0,0,1.0,2
7.0,0.5,8,true,84,84,1.0,0.9983155889296951,97,0.8490862495148086,0.97,30,30,35,35,0,63,0,0,1.0,0
5.0,3.0,29,false,0,3000,0.0,0.9999999999999999,81,0.9999999273538595,0.81,48,49,0,0,24,732,6,0,1.0,5
5.0,3.0,30,true,105,105,1.0,0.9996393561130157,92,0.8637087747076044,0.92,33,33,56,56,7,274,1,0,1.0,0
7.0,0.0,12,false,0,3000,0.0,0.9999999999999999,88,0.9999999266967312,0.88,44,44,0,0,1,0,0,0,1.0,1
7.0,0.0,13,true,134,134,1.0,0.9998590872746128,90,0.867715644043471,0.9,53,53,85,85,4,0,0,0,1.0,3
7.0,0.0,14,true,99,99,1.0,0.998936905706463,96,0.8526648906062867,0.96,42,42,50,50,0,0,0,0,1.0,0
7.0,0.2,7,false,0,3000,1.0,0.9999999999999999,87,0.9999999312713609,0.87,32,32,0,0,0,38,0,0,1.0,0
7.0,3.0,4,false,0,3000,1.0,0.9999999999999999,84,0.999999924212331,0.84,62,64,0,0,16,575,2,0,1.0,2
5.0,2.0,27,false,0,3000,0.0,0.9999999999999999,85,0.9999999306580544,0.85,46,46,0,0,13,455,0,0,1.0,3
7.0,1.5,6,false,0,3000,0.0,0.9999999999999999,82,0.9999999062845649,0.82,87,90,0,0,22,967,5,0,1.0,13
7.0,3.0,5,true,99,99,0.0,0.9989427594386805,92,0.8551514022146681,0.92,40,40,50,50,1,129,0,0,1.0,0
7.0,1.5,7,true,117,117,0.0,0.9996952560181601,91,0.8619461034420757,0.91,46,47,68,68,2,156,0,0,1.0,0
7.0,3.0,6,true,98,98,0.0,0.9990834120934906,92,0.8537931891805814,0.92,39,39,49,49,0,81,0,0,1.0,0
7.0,1.5,8,true,93,93,1.0,0.9994432098609048,94,0.8539277602987353,0.94,28,28,44,44,0,26,0,0,1.0,0
7.0,1.5,9,true,92,92,0.0,0.9994360712823451,92,0.8540486936206311,0.92,29,29,43,43,0,35,0,0,1.0,0
7.0,3.0,7,true,120,120,1.0,0.9997512765302915,91,0.8637978648726944,0.91,46,46,71,71,1,148,0,0,1.0,0
7.0,1.5,10,true,106,106,1.0,0.9993464306748235,92,0.8555633364032376,0.92,45,45,57,57,1,101,0,0,1.0,0
7.0,1.5,11,true,90,90,0.0,0.9989905522961243,97,0.8517046465144559,0.97,30,32,41,41,0,62,0,0,1.0,0
7.0,3.0,8,true,104,104,0.0,0.9990457862672895,93,0.8547001936729138,0.93,46,46,55,55,1,155,0,0,1.0,1
7.0,1.5,12,true,103,103,1.0,0.9997057388277804,91,0.8598134612253154,0.91,34,34,54,54,0,46,0,0,1.0,0
7.0,0.7,26,false,0,3000,1.0,0.9999999999999999,87,0.9999999266978891,0.87,50,47,0,0,1,113,0,0,1.0,0
7.0,0.7,27,true,89,89,0.0,0.9986723001236125,95,0.8505412303617349,0.95,34,34,40,40,0,61,0,0,1.0,0
7.0,0.7,28,true,102,102,0.0,0.9998001913114214,90,0.8614909373917374,0.9,27,28,53,53,0,40,0,0,1.0,0
7.0,0.2,8,false,0,3000,1.0,0.9999999999999999,89,0.9999999292526097,0.89,36,39,0,0,1,99,0,0,1.0,0
7.0,0.5,9,false,0,3000,0.0,0.9999999999999999,87,0.999999925970833,0.87,44,46,0,0,2,146,0,0,1.0,2
5.0,5.0,1,false,0,3000,1.0,0.9999999999999999,86,0.9999999323643095,0.86,41,41,0,0,16,440,3,0,1.0,2
7.0,0.0,15,false,0,3000,1.0,0.9999999999999999,85,0.9999999071265633,0.85,59,60,0,0,6,0,2,0,1.0,5
7.0,0.0,16,true,88,88,1.0,0.9987942915056881,97,0.8509494816641677,0.97,32,33,39,39,0,0,0,0,1.0,0
7.0,1.5,13,false,0,3000,1.0,0.9999999999999999,85,0.9999999275375653,0.85,42,42,0,0,1,111,0,0,1.0,1
7.0,1.5,14,true,109,109,1.0,0.9996957722837307,92,0.8595209588255402,0.92,39,39,60,60,0,62,0,0,1.0,0
5.0,2.0,28,false,0,3000,1.0,0.9999999999999999,86,0.999999930660999,0.86,44,41,0,0,9,305,0,0,1.0,2
7.0,1.5,15,true,91,91,0.0,0.9990216715794403,94,0.8519509318012791,0.94,31,31,42,42,0,50,0,0,1.0,0
7.0,3.0,9,false,0,3000,1.0,0.9999999999999999,85,0.9999999256099024,0.85,51,51,0,0,3,195,0,0,1.0,1
7.0,3.0,10,true,89,89,0.0,0.9989597953866278,94,0.8509546131045197,0.94,31,33,40,40,0,51,0,0,1.0,0
7.0,3.0,11,true,116,116,1.0,0.999394542460649,90,0.8613201522650622,0.9,51,52,67,67,6,325,0,0,1.0,1
7.0,0.5,10,false,0,3000,1.0,0.9999999999999999,88,0.9999999226588036,0.88,57,58,0,0,5,290,0,0,1.0,3
7.0,0.7,29,false,0,3000,0.0,0.9999999999999999,84,0.9999999275063032,0.84,41,43,0,0,1,129,0,0,1.0,1
7.0,0.7,30,true,98,98,0.0,0.9994569635776517,92,0.8563016286387295,0.92,32,34,49,49,0,67,0,0,1.0,0
5.0,5.0,2,false,0,3000,0.0,0.9999999999999999,73,0.9999999085672316,0.73,50,50,0,0,37,872,10,0,1.0,4
7.0,0.2,9,false,0,3000,0.0,0.9999999999999999,85,0.9999999249036322,0.85,50,50,0,0,2,192,0,0,1.0,2
7.0,1.5,16,false,0,3000,1.0,0.9999999999999999,86,0.9999999248291971,0.86,59,59,0,0,10,468,0,0,1.0,3
7.0,0.0,17,false,0,3000,1.0,0.9999999999999999,86,0.9999999224300468,0.86,51,51,0,0,5,0,0,0,1.0,4
7.0,0.0,18,true,99,99,0.0,0.9990060328242104,92,0.8530904084028678,0.92,39,42,50,50,0,0,0,0,1.0,0
7.0,0.5,11,false,0,3000,1.0,0.9999999999999999,88,0.9999999224041191,0.88,61,61,0,0,2,233,0,0,1.0,1
5.0,5.0,3,false,0,3000,1.0,0.9999999999999999,82,0.9999999125796608,0.82,55,53,0,0,37,923,19,0,1.0,5
5.0,5.0,4,true,79,79,0.0,0.9978271275015982,97,0.8489979601650535,0.97,26,27,28,28,1,106,0,0,1.0,0
5.0,5.0,5,true,79,79,0.0,0.9977510560753737,95,0.8487920377476553,0.95,27,27,30,30,3,120,0,0,1.0,1
7.0,1.0,1,false,0,3000,1.0,0.9999999999999999,85,0.9999999229731596,0.85,60,60,0,0,4,260,0,0,1.0,1
7.0,0.0,19,false,0,3000,0.0,0.9999999999999999,88,0.9999998939644281,0.88,65,68,0,0,11,0,3,1,1.0,7
7.0,0.2,10,false,0,3000,0.0,0.9999999999999999,89,0.9999999282072336,0.89,42,44,0,0,2,159,0,0,1.0,0
7.0,1.5,17,false,0,3000,1.0,0.9999999999999999,83,0.9999999216386098,0.83,64,64,0,0,9,391,0,0,1.0,4
7.0,0.5,12,false,0,3000,1.0,0.9999999999999999,88,0.9999999234357866,0.88,60,60,0,0,3,255,0,0,1.0,0
7.0,0.5,13,true,96,96,0.0,0.9992272420579889,93,0.8533309412315232,0.93,37,37,47,47,0,66,0,0,1.0,0
7.0,1.5,18,true,109,109,0.0,0.9991886850006239,93,0.8537414748890132,0.93,46,48,60,60,0,94,0,0,1.0,0
7.0,0.5,14,true,95,95,0.0,0.9984168471823623,97,0.8506139099988036,0.97,41,41,46,46,0,106,0,0,1.0,0
7.0,1.5,19,true,100,100,0.0,0.9992719439739643,95,0.853726066018847,0.95,38,38,51,51,0,80,0,0,1.0,0
7.0,1.0,2,false,0,3000,1.0,0.9999999999999999,88,0.9999999210726713,0.88,64,66,0,0,6,368,0,0,1.0,4
7.0,1.0,3,true,85,85,0.0,0.9989018190997188,97,0.8500676491860085,0.97,28,28,36,36,0,36,0,0,1.0,0
5.0,5.0,6,false,0,3000,0.0,0.9999999999999999,87,0.9999999326508772,0.87,36,37,0,0,12,337,2,0,1.0,2
5.0,5.0,7,true,80,80,1.0,0.9974949006326603,97,0.8485317481100287,0.97,29,30,30,31,0,103,0,0,1.0,0
5.0,5.0,8,true,74,74,1.0,0.9968975223300249,98,0.8468155168995314,0.98,23,24,25,25,1,81,0,0,1.0,0
7.0,0.0,20,false,0,3000,0.0,0.9999999999999999,85,0.9999999182914049,0.85,58,58,0,0,4,0,0,0,1.0,3
7.0,0.2,11,false,0,3000,0.0,0.9999999999999999,82,0.9999999241018765,0.82,51,51,0,0,2,202,0,0,1.0,0
7.0,0.2,12,true,88,88,1.0,0.9993004797034851,97,0.8515952587202892,0.97,25,26,39,39,0,31,0,0,1.0,0
7.0,0.2,13,true,117,117,1.0,0.9992524890660885,93,0.8571833336725801,0.93,55,55,68,68,2,213,0,0,1.0,1
7.0,1.5,20,false,0,3000,0.0,0.9999999999999999,88,0.9999999235603911,0.88,58,61,0,0,5,299,0,0,1.0,2
7.0,1.5,21,true,111,111,0.0,0.9998590520315992,90,0.8652655147172058,0.9,33,33,62,62,0,60,0,0,1.0,0
7.0,1.5,22,true,116,116,0.0,0.9998234361422972,91,0.8643915581948164,0.91,40,41,67,67,1,118,0,0,1.0,0
5.0,5.0,9,false,0,3000,1.0,0.9999999999999999,89,0.999999932138885,0.89,38,38,0,0,10,343,2,0,1.0,0
5.0,5.0,10,true,78,78,0.0,0.9975708778188297,100,0.847714302079051,1.0,27,29,28,29,0,80,0,0,1.0,0
5.0,5.0,11,true,77,77,1.0,0.9975365897880281,99,0.8474759704832019,0.99,24,26,28,28,0,78,0,0,1.0,0
7.0,0.0,21,false,0,3000,0.0,0.9999999999999999,85,0.9999999204278218,0.85,53,54,0,0,5,0,1,0,1.0,3
7.0,0.2,14,false,0,3000,0.0,0.9999999999999999,86,0.9999999252178975,0.86,49,49,0,0,0,90,0,0,1.0,0
7.0,0.2,15,true,92,92,0.0,0.9993264215640529,95,0.8524959161043112,0.95,30,30,43,43,0,42,0,0,1.0,0
7.0,0.2,16,true,104,104,1.0,0.9991635671786722,94,0.8547930552518775,0.94,43,42,55,55,1,142,0,0,1.0,0
5.0,5.0,12,false,0,3000,1.0,0.9999999999999999,86,0.9999999324373063,0.86,41,46,0,0,16,443,2,0,1.0,2
5.0,5.0,13,true,76,76,1.0,0.9972173937791644,99,0.8465149927921477,0.99,27,27,27,27,0,94,0,0,1.0,0
5.0,5.0,14,true,133,133,1.0,0.999308595316322,91,0.6827037225037388,0.91,64,64,84,84,47,1115,37,1,1.0,9
7.0,0.0,22,false,0,3000,0.0,0.9999999999999999,84,0.9999999151257276,0.84,55,55,0,0,2,0,1,0,1.0,2
7.0,0.0,23,true,96,96,0.0,0.9990594775231715,96,0.8518945213839185,0.96,38,38,47,47,0,0,0,0,1.0,0
7.0,0.0,24,true,95,95,0.0,0.9994118715203367,94,0.8542012305612032,0.94,33,33,46,46,0,0,0,0,1.0,0
7.0,0.2,17,false,0,3000,0.0,0.9999999999999999,86,0.9999999281256323,0.86,44,44,0,0,0,88,0,0,1.0,0
7.0,0.2,18,true,83,83,1.0,0.9988852924368592,94,0.8495800570144945,0.94,28,28,34,34,0,42,0,0,1.0,0
5.0,5.0,15,false,0,3000,1.0,0.9999999999999999,83,0.9999998548902078,0.83,54,56,0,0,40,1034,23,0,1.0,5
7.0,0.0,25,false,0,3000,0.0,0.9999999999999999,87,0.9999999273345208,0.87,46,46,0,0,2,0,0,0,1.0,2
7.0,0.2,19,false,0,3000,1.0,0.9999999999999999,84,0.9999999168029008,0.84,79,77,0,0,12,656,0,0,1.0,5
7.0,0.0,26,true,109,109,0.0,0.9997989636487383,90,0.8626285930607845,0.9,34,35,60,60,0,0,0,0,1.0,0
5.0,5.0,16,false,0,3000,0.0,0.9999999999999999,87,0.999999802186031,0.87,72,85,0,0,57,1297,33,11,1.0,12
5.0,5.0,17,true,77,77,0.0,0.9978683067331582,99,0.8480910095703539,0.99,24,25,28,28,0,81,0,0,1.0,0
7.0,0.0,27,false,0,3000,0.0,0.9999999999999999,86,0.9999999274698667,0.86,39,39,0,0,0,0,0,0,1.0,0
7.0,0.2,20,false,0,3000,1.0,0.9999999999999999,88,0.9999999200806152,0.88,69,70,0,0,3,252,0,0,1.0,0
7.0,0.0,28,false,0,3000,0.0,0.9999999999999999,86,0.9999999244577267,0.86,43,43,0,0,0,0,0,0,1.0,0
7.0,0.2,21,false,0,3000,0.0,0.9999999999999999,87,0.9999999252316101,0.87,51,51,0,0,3,199,0,0,1.0,1
7.0,0.2,22,true,91,91,0.0,0.9983772685488713,98,0.8502698949173423,0.98,37,37,42,42,0,86,0,0,1.0,0
7.0,0.2,23,true,115,115,0.0,0.9994678893466742,94,0.8580210210054797,0.94,47,47,66,66,1,157,0,0,1.0,1
7.0,0.0,29,false,0,3000,1.0,0.9999999999999999,87,0.9999999246741141,0.87,51,50,0,0,1,0,0,0,1.0,0
7.0,0.0,30,true,102,102,0.0,0.9992424847437212,95,0.8539705972229068,0.95,40,41,53,53,1,0,0,0,1.0,1
7.0,0.2,24,false,0,3000,0.0,0.9999999999999999,89,0.99999992940225,0.89,37,37,0,0,0,61,0,0,1.0,0
7.0,0.2,25,true,102,102,0.0,0.9993807133792104,91,0.8555818932617415,0.91,40,40,53,53,0,59,0,0,1.0,0
7.0,0.1,1,false,0,3000,1.0,0.9999999999999999,88,0.9999999224308165,0.88,60,60,0,0,3,242,0,0,1.0,1
7.0,0.1,2,false,0,3000,0.0,0.9999999999999999,88,0.9999999206493871,0.88,60,63,0,0,2,194,0,0,1.0,2
7.0,0.1,3,true,133,133,0.0,0.9999227717137336,92,0.8677383226314339,0.92,48,50,84,84,0,127,0,0,1.0,0
7.0,0.1,4,false,0,3000,0.0,0.9999999999999999,84,0.9999999286024123,0.84,42,41,0,0,1,113,0,0,1.0,1
7.0,0.1,5,true,90,90,1.0,0.9984396986164272,97,0.8498473558901068,0.97,36,36,41,41,0,83,0,0,1.0,0
7.0,0.1,6,true,86,86,0.0,0.9984561698894328,97,0.8490460032851148,0.97,31,32,37,37,0,62,0,0,1.0,0
