Phi,theta_crystal,sigma_0,k,trial,converged,convergence_tick,first_tick_behavioral,first_tick_belief,first_tick_crystal,first_tick_all_met,final_fraction_A,final_mean_confidence,final_num_crystallised,final_mean_norm_strength,final_frac_dominant_norm,total_ticks
0.0,3.0,0.8,2.0,1,true,83,32,31,34,34,0.0,0.9979012033767733,99,0.8450392543925883,0.99,83
0.0,3.0,0.8,2.0,2,true,98,30,29,49,49,1.0,0.9996226907335113,95,0.8612759995780571,0.95,98
0.0,3.0,0.8,2.0,3,true,111,50,50,62,62,0.0,0.9992890717981234,97,0.7649108593991,0.97,111
0.0,3.0,0.8,2.0,4,true,70,20,19,21,21,0.0,0.9978222672823398,99,0.8476974092623673,0.99,70
0.0,3.0,0.8,2.0,5,true,99,39,39,50,50,1.0,0.9993191095831011,99,0.8346070965083884,0.99,99
0.0,3.0,0.8,2.0,6,true,74,23,23,25,25,0.0,0.9978700927033457,100,0.8474666255652314,1.0,74
0.0,3.0,0.8,2.0,7,true,72,21,21,23,23,1.0,0.9977415633163546,100,0.8485751888030948,1.0,72
0.0,3.0,0.8,2.0,8,true,78,27,27,29,29,0.0,0.9977532812915868,97,0.8498030555784808,0.97,78
0.0,3.0,0.8,2.0,9,true,70,18,19,21,21,1.0,0.9979263585113988,100,0.8474995307402554,1.0,70
0.0,3.0,0.8,2.0,10,true,70,20,20,21,21,0.0,0.9974192855958368,99,0.8474093412332558,0.99,70
0.0,3.0,0.8,2.0,11,true,74,25,25,25,25,0.0,0.9977952651792323,99,0.848225797838148,0.99,74
0.0,3.0,0.8,2.0,12,true,91,30,30,42,42,0.0,0.9991211384953813,99,0.8514924088005079,0.99,91
0.0,3.0,0.8,2.0,13,true,73,24,24,23,24,1.0,0.9976608004365762,99,0.8493183861386755,0.99,73
0.0,3.0,0.8,2.0,14,true,102,36,36,53,53,1.0,0.9994606829418119,96,0.8230848358069996,0.96,102
0.0,3.0,0.8,2.0,15,true,109,54,54,60,60,0.0,0.9983901175440961,100,0.7336968822092166,1.0,109
0.0,3.0,0.8,2.0,16,true,99,37,37,50,50,1.0,0.9992120649079794,95,0.8181247761954251,0.95,99
0.0,3.0,0.8,2.0,17,true,105,46,46,56,56,1.0,0.9988779064337429,98,0.7833616877416684,0.98,105
0.0,3.0,0.8,2.0,18,true,83,30,30,34,34,0.0,0.9982429009341414,96,0.8514894548114142,0.96,83
0.0,3.0,0.8,2.0,19,true,71,19,21,22,22,0.0,0.9975169006407322,99,0.8475059991903224,0.99,71
0.0,3.0,0.8,2.0,20,true,101,33,34,52,52,0.0,0.9995823603669446,96,0.8482323274585286,0.96,101
0.0,1.5,0.8,2.0,1,true,88,28,34,39,39,0.0,0.9987260021486507,100,0.8351194432915336,1.0,88
0.0,1.5,0.8,2.0,2,true,89,27,27,40,40,0.0,0.9989027411607957,100,0.8493055464122456,1.0,89
0.0,1.5,0.8,2.0,3,true,85,25,26,36,36,1.0,0.9991391342961389,100,0.8575215148990029,1.0,85
0.0,1.5,0.8,2.0,4,true,82,21,23,33,33,0.0,0.9990708198053333,100,0.8570252490796119,1.0,82
0.0,1.5,0.8,2.0,5,true,92,36,38,43,43,0.0,0.9983288413496055,100,0.8025400308968612,1.0,92
0.0,1.5,0.8,2.0,6,true,94,42,42,45,45,1.0,0.9982159775142005,100,0.719054226494474,1.0,94
0.0,1.5,0.8,2.0,7,true,80,21,21,31,31,0.0,0.9991546267127757,100,0.8570403866322728,1.0,80
0.0,1.5,0.8,2.0,8,true,84,22,22,35,35,0.0,0.9992489667456006,100,0.8582240121200723,1.0,84
0.0,1.5,0.8,2.0,9,true,109,55,60,57,60,1.0,0.9969935634494944,100,0.7167142917797844,1.0,109
0.0,1.5,0.8,2.0,10,true,103,54,54,54,54,0.0,0.9965954589302121,100,0.7078555283297938,1.0,103
0.0,1.5,0.8,2.0,11,true,100,49,51,49,51,1.0,0.9972657656785935,100,0.6749973599818614,1.0,100
0.0,1.5,0.8,2.0,12,true,90,37,37,41,41,0.0,0.9980627382883847,100,0.8008256086466922,1.0,90
0.0,1.5,0.8,2.0,13,true,87,29,29,38,38,0.0,0.9987746416575756,100,0.8441074518456035,1.0,87
0.0,1.5,0.8,2.0,14,true,87,25,25,38,38,0.0,0.9991012524534988,100,0.8592774876017611,1.0,87
0.0,1.5,0.8,2.0,15,true,83,25,25,34,34,1.0,0.9989281574051599,100,0.8519433157336769,1.0,83
0.0,1.5,0.8,2.0,16,true,84,21,21,35,35,0.0,0.9993556122358686,100,0.8587442283096292,1.0,84
0.0,1.5,0.8,2.0,17,true,93,35,35,44,44,1.0,0.9988336518711377,100,0.7952054935726669,1.0,93
0.0,1.5,0.8,2.0,18,true,88,34,34,39,39,0.0,0.9985737178533087,100,0.8090405974200909,1.0,88
0.0,1.5,0.8,2.0,19,true,68,17,17,14,17,0.0,0.9976837795189563,100,0.8495212909273099,1.0,68
0.0,1.5,0.8,2.0,20,true,98,47,49,46,49,1.0,0.9975892242527737,100,0.6828300847227115,1.0,98
0.0,5.0,0.8,2.0,1,false,0,45,45,0,0,1.0,0.9999999999999999,88,0.9999999198998762,0.88,3000
0.0,5.0,0.8,2.0,2,true,116,48,48,67,67,1.0,0.9995307759930385,93,0.8267215263500544,0.93,116
0.0,5.0,0.8,2.0,3,true,80,22,23,31,31,0.0,0.9986230256001886,98,0.8496460556718584,0.98,80
0.0,5.0,0.8,2.0,4,true,79,25,25,30,30,0.0,0.9986492093620585,98,0.8492268591824229,0.98,79
0.0,5.0,0.8,2.0,5,true,100,38,38,51,51,0.0,0.9992922702746669,95,0.855835987381757,0.95,100
0.0,5.0,0.8,2.0,6,false,0,39,39,0,0,1.0,0.9999999999999999,88,0.9999999272039845,0.88,3000
0.0,5.0,0.8,2.0,7,true,109,42,42,60,60,0.0,0.9995706643558124,94,0.8557323507028884,0.94,109
0.0,5.0,0.8,2.0,8,true,99,38,36,50,50,0.0,0.9993704886507889,95,0.8556861014576213,0.95,99
0.0,5.0,0.8,2.0,9,true,136,54,54,87,87,1.0,0.9999235168626207,90,0.8410928278582681,0.9,136
0.0,5.0,0.8,2.0,10,true,97,33,33,48,48,0.0,0.999398268818957,94,0.8563363011389681,0.94,97
0.0,5.0,0.8,2.0,11,true,83,27,28,34,34,0.0,0.9986756024659209,97,0.850838895164987,0.97,83
0.0,5.0,0.8,2.0,12,true,78,20,22,29,29,0.0,0.9985138193870007,98,0.8495545031187713,0.98,78
0.0,5.0,0.8,2.0,13,true,123,62,62,74,74,0.0,0.9991236729563582,96,0.7981252569033349,0.96,123
0.0,5.0,0.8,2.0,14,false,0,32,32,0,0,0.0,0.9999999999999999,87,0.999999931318597,0.87,3000
0.0,5.0,0.8,2.0,15,true,89,32,36,40,40,0.0,0.9985046084690944,96,0.8513007559344726,0.96,89
0.0,5.0,0.8,2.0,16,true,104,42,42,55,55,1.0,0.9994061815079541,92,0.8579115649410483,0.92,104
0.0,5.0,0.8,2.0,17,true,99,34,39,50,50,1.0,0.9993051364935368,95,0.8552248919138166,0.95,99
0.0,5.0,0.8,2.0,18,true,137,43,43,88,88,0.0,0.9999746582565927,90,0.8660774119561268,0.9,137
0.0,5.0,0.8,2.0,19,true,142,51,51,93,93,1.0,0.9999685142269702,90,0.8485007669452634,0.9,142
0.0,5.0,0.8,2.0,20,true,130,37,38,81,81,1.0,0.999970780718277,90,0.8728854046965588,0.9,130
0.0,3.0,0.5,2.0,1,true,104,47,49,55,55,0.0,0.9984433091223771,98,0.5902674959654989,0.98,104
0.0,3.0,0.5,2.0,2,true,96,37,37,47,47,0.99,0.961133638799546,98,0.6111940666530763,0.98,96
0.0,3.0,0.5,2.0,3,true,100,51,50,48,51,1.0,0.9979258437656361,100,0.6142243038513944,1.0,100
0.0,3.0,0.5,2.0,4,true,111,56,56,62,62,1.0,0.9983428762451048,98,0.5828350500663327,0.98,111
0.0,3.0,0.5,2.0,5,true,91,27,27,23,27,1.0,0.9982695714632547,99,0.6483823553818012,0.99,91
0.0,3.0,0.5,2.0,6,true,118,65,65,65,65,0.0,0.9951803274742892,99,0.569900113827475,0.99,118
0.0,3.0,0.5,2.0,7,true,84,29,33,33,33,1.0,0.9939799670822593,99,0.6269015070983024,0.99,84
0.0,3.0,0.5,2.0,8,true,114,56,56,52,56,1.0,0.9979083929214204,99,0.5811548534303785,0.99,114
0.0,3.0,0.5,2.0,9,true,87,38,38,34,38,1.0,0.9956409838722141,98,0.6310886714375681,0.98,87
0.0,3.0,0.5,2.0,10,true,84,33,33,28,33,0.0,0.9981846057335569,97,0.6366946765387899,0.97,84
0.0,3.0,0.5,2.0,11,true,95,40,40,46,46,1.0,0.9909744288699602,97,0.624864657585464,0.97,95
0.0,3.0,0.5,2.0,12,true,76,27,27,26,27,0.0,0.9966498287374205,97,0.6239332743615383,0.97,76
0.0,3.0,0.5,2.0,13,true,88,39,39,34,39,0.0,0.9977951334228433,97,0.639041312916376,0.97,88
0.0,3.0,0.5,2.0,14,true,83,30,34,29,34,0.0,0.9970780704901995,95,0.6317403777430648,0.95,83
0.0,3.0,0.5,2.0,15,true,100,35,39,51,51,1.0,0.9993122209049461,94,0.651412714779995,0.94,100
0.0,3.0,0.5,2.0,16,true,80,28,28,25,28,0.0,0.9978243405967152,98,0.6321755330418127,0.98,80
0.0,3.0,0.5,2.0,17,true,100,41,43,51,51,0.0,0.9982566590122495,98,0.6168733942886937,0.98,100
0.0,3.0,0.5,2.0,18,true,111,52,52,62,62,1.0,0.998309780422998,96,0.5677228420335806,0.96,111
0.0,3.0,0.5,2.0,19,true,74,25,24,23,25,0.0,0.9976288269180493,97,0.625221217443448,0.97,74
0.0,3.0,0.5,2.0,20,true,101,43,43,51,52,1.0,0.9981947184736556,98,0.6297548541615838,0.98,101
0.0,3.0,1.0,2.0,1,true,82,26,26,33,33,1.0,0.9985957894560394,99,1.0,0.99,82
0.0,3.0,1.0,2.0,2,true,104,33,34,55,55,0.0,0.9996899474276084,95,0.9799123653395049,0.95,104
0.0,3.0,1.0,2.0,3,true,74,22,24,25,25,0.0,0.9976390077338418,99,1.0,0.99,74
0.0,3.0,1.0,2.0,4,true,104,36,36,55,55,0.0,0.9995481672524261,96,0.964436890002395,0.96,104
0.0,3.0,1.0,2.0,5,true,71,20,20,22,22,1.0,0.9973712681510137,99,1.0,0.99,71
0.0,3.0,1.0,2.0,6,true,77,23,24,28,28,0.0,0.9982171223737559,97,1.0,0.97,77
0.0,3.0,1.0,2.0,7,true,94,28,29,45,45,1.0,0.9994354173393273,98,0.9948432958858676,0.98,94
0.0,3.0,1.0,2.0,8,true,107,44,45,58,58,1.0,0.9992820270375765,98,0.939914855467977,0.98,107
0.0,3.0,1.0,2.0,9,true,102,39,39,53,53,0.0,0.999540362258028,97,0.9897352679854993,0.97,102
0.0,3.0,1.0,2.0,10,true,111,39,39,62,62,0.0,0.9997338060490053,91,0.9273823153496898,0.91,111
0.0,3.0,1.0,2.0,11,true,74,22,22,25,25,0.0,0.9980530719553383,96,1.0,0.96,74
0.0,3.0,1.0,2.0,12,true,78,27,27,29,29,0.0,0.99784803203261,96,1.0,0.96,78
0.0,3.0,1.0,2.0,13,true,96,29,30,47,47,0.0,0.9994727556304807,95,0.9947598475079705,0.95,96
0.0,3.0,1.0,2.0,14,true,74,23,23,25,25,0.0,0.9977824074344784,99,1.0,0.99,74
0.0,3.0,1.0,2.0,15,true,79,25,25,30,30,1.0,0.9985331357257422,98,1.0,0.98,79
0.0,3.0,1.0,2.0,16,true,76,23,25,27,27,1.0,0.9978956327969759,96,1.0,0.96,76
0.0,3.0,1.0,2.0,17,true,93,26,27,44,44,1.0,0.9995068532043561,97,1.0,0.97,93
0.0,3.0,1.0,2.0,18,true,107,43,43,58,58,1.0,0.9993791565930159,98,0.9105506799708977,0.98,107
0.0,3.0,1.0,2.0,19,true,80,27,27,31,31,1.0,0.998119816378824,98,1.0,0.98,80
0.0,3.0,1.0,2.0,20,true,73,20,20,24,24,1.0,0.9978801204394745,100,1.0,1.0,73
0.0,3.0,0.8,1.0,1,true,73,21,22,23,24,1.0,0.9973279272234677,99,0.8464493572057932,0.99,73
0.0,3.0,0.8,1.0,2,true,102,45,45,53,53,1.0,0.9989008342945237,98,0.8065770243391829,0.98,102
0.0,3.0,0.8,1.0,3,true,75,23,23,25,26,1.0,0.9975246212443846,97,0.8491636181062473,0.97,75
0.0,3.0,0.8,1.0,4,true,84,32,32,35,35,0.0,0.9979651689377981,99,0.8453841473223217,0.99,84
0.0,3.0,0.8,1.0,5,true,76,25,24,27,27,0.0,0.9977891495852879,99,0.8476637259620239,0.99,76
0.0,3.0,0.8,1.0,6,true,78,27,27,29,29,0.0,0.9973632526557733,100,0.8472762274009379,1.0,78
0.0,3.0,0.8,1.0,7,true,115,63,63,66,66,1.0,0.9982167513562294,100,0.7332413373727746,1.0,115
0.0,3.0,0.8,1.0,8,true,74,21,22,25,25,0.0,0.997776266816579,100,0.8482274118811077,1.0,74
0.0,3.0,0.8,1.0,9,true,77,26,26,28,28,1.0,0.9977627540471303,99,0.847692854316335,0.99,77
0.0,3.0,0.8,1.0,10,true,71,21,21,22,22,1.0,0.9973683975711332,99,0.8471214944410549,0.99,71
0.0,3.0,0.8,1.0,11,true,101,40,40,52,52,0.0,0.9991675898383328,99,0.8246823603546095,0.99,101
0.0,3.0,0.8,1.0,12,true,95,32,32,46,46,0.0,0.9994382179956051,97,0.8591175239824875,0.97,95
0.0,3.0,0.8,1.0,13,true,76,22,23,27,27,0.0,0.9976057443641649,98,0.8490189401798424,0.98,76
0.0,3.0,0.8,1.0,14,true,76,22,25,27,27,1.0,0.998140931727771,98,0.8486341532010723,0.98,76
0.0,3.0,0.8,1.0,15,true,99,33,33,50,50,0.0,0.9994281902775702,99,0.8472950864127312,0.99,99
0.0,3.0,0.8,1.0,16,true,82,29,29,33,33,0.0,0.9976201085230033,98,0.8514746094549575,0.98,82
0.0,3.0,0.8,1.0,17,true,123,72,72,74,74,0.0,0.9978474057351563,97,0.780747664531791,0.97,123
0.0,3.0,0.8,1.0,18,true,74,24,24,25,25,1.0,0.9975301046870461,98,0.8484307996633096,0.98,74
0.0,3.0,0.8,1.0,19,true,99,33,35,50,50,1.0,0.9994862208190116,94,0.8560179117086473,0.94,99
0.0,3.0,0.8,1.0,20,true,96,31,31,47,47,0.0,0.999417486884912,97,0.8552944789497955,0.97,96
0.0,3.0,0.8,4.0,1,true,82,31,33,33,33,0.0,0.9968575928449593,99,0.8494141038328256,0.99,82
0.0,3.0,0.8,4.0,2,true,105,39,39,56,56,0.0,0.999380729512839,96,0.8230401602020513,0.96,105
0.0,3.0,0.8,4.0,3,true,114,61,61,65,65,0.0,0.998166628214759,98,0.7307761690130243,0.98,114
0.0,3.0,0.8,4.0,4,true,81,27,28,32,32,1.0,0.997993647402891,98,0.8502831687094499,0.98,81
0.0,3.0,0.8,4.0,5,true,73,24,24,24,24,1.0,0.997240182719617,98,0.8481220302088551,0.98,73
0.0,3.0,0.8,4.0,6,true,98,41,41,49,49,1.0,0.9988709166506652,94,0.8220364186594694,0.94,98
0.0,3.0,0.8,4.0,7,true,95,31,32,46,46,1.0,0.9993232763639164,94,0.8467854732906663,0.94,95
0.0,3.0,0.8,4.0,8,true,86,33,33,31,33,0.0,0.9978209754715021,95,0.8538505677252334,0.95,86
0.0,3.0,0.8,4.0,9,true,86,34,34,37,37,1.0,0.9975490147254686,95,0.8427113403598856,0.95,86
0.0,3.0,0.8,4.0,10,true,99,36,35,50,50,1.0,0.999408066392962,95,0.8526275006036935,0.95,99
0.0,3.0,0.8,4.0,11,true,93,38,38,44,44,0.0,0.9975378369101479,97,0.8424775771373513,0.97,93
0.0,3.0,0.8,4.0,12,true,76,27,27,26,27,1.0,0.9967286050302693,96,0.8497413431930241,0.96,76
0.0,3.0,0.8,4.0,13,true,71,22,22,20,22,1.0,0.9975967286125045,100,0.8479631961856664,1.0,71
0.0,3.0,0.8,4.0,14,true,90,37,37,41,41,1.0,0.9982736539102147,98,0.8361409829134944,0.98,90
0.0,3.0,0.8,4.0,15,true,80,31,31,31,31,0.0,0.9955496974876341,97,0.8500420824964046,0.97,80
0.0,3.0,0.8,4.0,16,true,95,32,32,46,46,0.0,0.9990374361658053,95,0.8508513561669466,0.95,95
0.0,3.0,0.8,4.0,17,true,82,29,30,33,33,0.0,0.9979521430332666,95,0.8527947787554403,0.95,82
0.0,3.0,0.8,4.0,18,true,84,30,29,35,35,1.0,0.9983634495444114,96,0.8529342983288725,0.96,84
0.0,3.0,0.8,4.0,19,true,106,50,50,57,57,0.0,0.9983976263738419,98,0.7664597041366653,0.98,106
0.0,3.0,0.8,4.0,20,true,80,29,29,31,31,0.0,0.997625949349262,93,0.8464344463877759,0.93,80
0.0,1.5,1.0,4.0,1,true,83,22,22,34,34,1.0,0.9991156234877462,100,1.0,1.0,83
0.0,1.5,1.0,4.0,2,true,90,27,27,41,41,1.0,0.999174325783138,100,0.969546095574527,1.0,90
0.0,1.5,1.0,4.0,3,true,83,20,20,34,34,1.0,0.9993283898976205,100,1.0,1.0,83
0.0,1.5,1.0,4.0,4,true,95,38,38,46,46,0.0,0.998891536077559,100,0.8948506085454568,1.0,95
0.0,1.5,1.0,4.0,5,true,83,22,22,34,34,1.0,0.9992205401951654,100,1.0,1.0,83
0.0,1.5,1.0,4.0,6,true,100,50,50,51,51,1.0,0.9973699975641136,100,0.7990634299335692,1.0,100
0.0,1.5,1.0,4.0,7,true,86,23,23,37,37,0.0,0.9993493294919549,100,1.0,1.0,86
0.0,1.5,1.0,4.0,8,true,90,30,30,41,41,1.0,0.9990596071049528,100,0.9798357476732441,1.0,90
0.0,1.5,1.0,4.0,9,true,104,54,55,52,55,0.0,0.9973539485120021,100,0.7592156734602326,1.0,104
0.0,1.5,1.0,4.0,10,true,81,20,20,32,32,0.0,0.9991702027098005,100,1.0,1.0,81
0.0,1.5,1.0,4.0,11,true,89,29,30,40,40,1.0,0.9989176786143292,100,0.9637454104985,1.0,89
0.0,1.5,1.0,4.0,12,true,81,20,20,32,32,0.0,0.9992729458345119,100,1.0,1.0,81
0.0,1.5,1.0,4.0,13,true,92,33,33,43,43,0.0,0.9989340227343015,100,0.9194851381815412,1.0,92
0.0,1.5,1.0,4.0,14,true,91,34,34,42,42,1.0,0.998797211876191,100,0.9279465098213994,1.0,91
0.0,1.5,1.0,4.0,15,true,94,38,38,45,45,0.0,0.9985414757740517,100,0.8582007397648365,1.0,94
0.0,1.5,1.0,4.0,16,true,92,33,33,43,43,0.0,0.999018183445323,100,0.9489328660543218,1.0,92
0.0,1.5,1.0,4.0,17,true,84,21,22,35,35,1.0,0.999266147115402,100,1.0,1.0,84
0.0,1.5,1.0,4.0,18,true,82,19,20,33,33,1.0,0.9993146168986056,100,1.0,1.0,82
0.0,1.5,1.0,4.0,19,true,94,35,37,45,45,1.0,0.9985601109654095,100,0.8482700399192279,1.0,94
0.0,1.5,1.0,4.0,20,true,90,29,29,41,41,0.0,0.99920467611135,100,0.9747040782836297,1.0,90
0.0,5.0,0.5,1.0,1,false,0,51,53,0,0,0.0,0.9999999999999999,89,0.9999997998912974,0.89,3000
0.0,5.0,0.5,1.0,2,true,89,33,33,40,40,0.0,0.9987166143081793,99,0.6290458829048838,0.99,89
0.0,5.0,0.5,1.0,3,true,81,26,26,32,32,1.0,0.9984437721004612,99,0.6227279263903488,0.99,81
0.0,5.0,0.5,1.0,4,true,92,31,32,43,43,1.0,0.9987604306082531,93,0.6307703978590513,0.93,92
0.0,5.0,0.5,1.0,5,true,88,34,33,39,39,1.0,0.9984738865303009,98,0.6262679475026889,0.98,88
0.0,5.0,0.5,1.0,6,true,127,49,52,78,78,0.0,0.9998477487736835,90,0.6503153123876756,0.9,127
0.0,5.0,0.5,1.0,7,true,98,38,38,49,49,0.0,0.9991190301486342,94,0.639115521144493,0.94,98
0.0,5.0,0.5,1.0,8,true,92,30,30,43,43,1.0,0.9991862909420469,94,0.6396950080436723,0.94,92
0.0,5.0,0.5,1.0,9,true,83,29,29,34,34,0.0,0.998495182459456,97,0.6244185931762222,0.97,83
0.0,5.0,0.5,1.0,10,true,89,35,35,40,40,1.0,0.9984166317073566,97,0.6243040875354297,0.97,89
0.0,5.0,0.5,1.0,11,true,100,42,42,51,51,1.0,0.9990109900800013,94,0.6322398801567717,0.94,100
0.0,5.0,0.5,1.0,12,true,84,27,27,35,35,1.0,0.9989434892422717,97,0.6275262742246056,0.97,84
0.0,5.0,0.5,1.0,13,true,87,31,32,38,38,1.0,0.9985364314823464,97,0.6281461936286791,0.97,87
0.0,5.0,0.5,1.0,14,true,121,51,51,72,72,1.0,0.9996763292369677,92,0.6435851528200757,0.92,121
0.0,5.0,0.5,1.0,15,false,0,51,51,0,0,0.0,0.9999999999999999,89,0.9999998047139239,0.89,3000
0.0,5.0,0.5,1.0,16,true,84,28,28,35,35,0.0,0.9986212464844796,97,0.6267793457902455,0.97,84
0.0,5.0,0.5,1.0,17,true,82,28,28,33,33,1.0,0.9985222022716016,99,0.623701774537379,0.99,82
0.0,5.0,0.5,1.0,18,true,88,34,34,39,39,0.0,0.9985071084095004,95,0.6304045082833554,0.95,88
0.0,5.0,0.5,1.0,19,true,90,34,34,41,41,1.0,0.9985812239989539,98,0.6306379905437757,0.98,90
0.0,5.0,0.5,1.0,20,true,96,40,40,47,47,1.0,0.9988533389442802,95,0.6343620224333811,0.95,96
0.5,3.0,0.8,2.0,1,true,114,49,47,65,65,1.0,0.9995775337796126,99,0.8497851634921781,0.99,114
0.5,3.0,0.8,2.0,2,true,77,28,28,27,28,1.0,0.9973631145549493,100,0.849342348384925,1.0,77
0.5,3.0,0.8,2.0,3,true,79,28,28,30,30,0.0,0.9973306694257903,97,0.8489765514022475,0.97,79
0.5,3.0,0.8,2.0,4,true,74,23,23,22,23,1.0,0.9975559100697075,100,0.8488642878860175,1.0,74
0.5,3.0,0.8,2.0,5,true,78,24,24,26,27,1.0,0.9976739426569785,100,0.849458045160619,1.0,78
0.5,3.0,0.8,2.0,6,true,74,25,25,23,25,0.0,0.9967435004302597,100,0.8473797756117262,1.0,74
0.5,3.0,0.8,2.0,7,true,127,43,43,78,78,1.0,0.9999278808122973,95,0.8687021503114528,0.95,127
0.5,3.0,0.8,2.0,8,true,73,24,24,22,24,1.0,0.9974263367628082,100,0.8475758364711266,1.0,73
0.5,3.0,0.8,2.0,9,true,109,41,41,60,60,0.0,0.9995698411010693,100,0.8617259073915549,1.0,109
0.5,3.0,0.8,2.0,10,true,69,18,20,20,20,1.0,0.9970655346364132,100,0.8467128687652538,1.0,69
0.5,3.0,0.8,2.0,11,true,72,21,23,23,23,0.0,0.9973034937080846,100,0.8479979393101632,1.0,72
0.5,3.0,0.8,2.0,12,true,70,19,21,21,21,0.0,0.9975832211079779,100,0.8474988472845736,1.0,70
0.5,3.0,0.8,2.0,13,true,70,20,20,21,21,1.0,0.9973680047362962,100,0.8470464056848556,1.0,70
0.5,3.0,0.8,2.0,14,true,75,22,22,23,23,1.0,0.9976063085184573,99,0.8497595010878859,0.99,75
0.5,3.0,0.8,2.0,15,true,99,32,32,50,50,1.0,0.999582994018262,96,0.8624594160258144,0.96,99
0.5,3.0,0.8,2.0,16,true,80,31,31,30,31,1.0,0.9975607214929039,99,0.8492353052763676,0.99,80
0.5,3.0,0.8,2.0,17,true,76,22,23,27,27,1.0,0.997532661658854,98,0.8485166360872901,0.98,76
0.5,3.0,0.8,2.0,18,true,82,33,33,31,33,1.0,0.9977318439572685,97,0.8504794315752984,0.97,82
0.5,3.0,0.8,2.0,19,true,70,19,20,21,21,0.0,0.9969483367047492,99,0.8474635778485197,0.99,70
0.5,3.0,0.8,2.0,20,true,75,26,26,26,26,1.0,0.9970763502280674,99,0.8470807386602088,0.99,75
0.5,1.5,0.8,2.0,1,true,116,66,67,62,67,1.0,0.9977666855884246,100,0.7995236883525952,1.0,116
0.5,1.5,0.8,2.0,2,true,88,26,26,39,39,0.0,0.999172511254232,100,0.8594162349145524,1.0,88
0.5,1.5,0.8,2.0,3,true,89,29,29,40,40,0.0,0.998988416602395,100,0.8586838073690582,1.0,89
0.5,1.5,0.8,2.0,4,true,91,30,30,42,42,0.0,0.9988205446677381,100,0.8450300977008393,1.0,91
0.5,1.5,0.8,2.0,5,true,87,23,25,38,38,1.0,0.9991853947572892,100,0.8596589936537012,1.0,87
0.5,1.5,0.8,2.0,6,true,91,33,33,42,42,0.0,0.998818734818551,100,0.8403831714788258,1.0,91
0.5,1.5,0.8,2.0,7,true,107,58,58,53,58,0.0,0.9969483557973448,100,0.705179553344118,1.0,107
0.5,1.5,0.8,2.0,8,true,88,30,30,39,39,1.0,0.9989569075953432,100,0.8540226028870308,1.0,88
0.5,1.5,0.8,2.0,9,true,87,27,27,38,38,1.0,0.9990845582123381,100,0.8534189183270954,1.0,87
0.5,1.5,0.8,2.0,10,true,107,55,53,50,55,0.0,0.9982898169110244,100,0.687580343282113,1.0,107
0.5,1.5,0.8,2.0,11,true,90,31,33,41,41,0.0,0.9987462832628696,100,0.839804067047816,1.0,90
0.5,1.5,0.8,2.0,12,true,139,82,82,90,90,0.0,0.9987733567548875,100,0.8248041689617645,1.0,139
0.5,1.5,0.8,2.0,13,true,92,38,38,43,43,0.0,0.9985272294607118,100,0.8194044142183801,1.0,92
0.5,1.5,0.8,2.0,14,true,94,40,41,45,45,1.0,0.9984195975578564,100,0.7844446811912342,1.0,94
0.5,1.5,0.8,2.0,15,true,92,37,37,43,43,1.0,0.9987382167483128,100,0.8115209104033023,1.0,92
0.5,1.5,0.8,2.0,16,true,93,37,37,44,44,1.0,0.9981921502132292,100,0.7962684790220557,1.0,93
0.5,1.5,0.8,2.0,17,true,87,25,25,38,38,0.0,0.9993920523316118,100,0.8598656586139883,1.0,87
0.5,1.5,0.8,2.0,18,true,89,30,30,40,40,1.0,0.9989691001669772,100,0.8575662665993502,1.0,89
0.5,1.5,0.8,2.0,19,true,102,50,50,50,50,0.0,0.9965634343763358,100,0.663145630212276,1.0,102
0.5,1.5,0.8,2.0,20,true,93,42,42,44,44,0.0,0.998158380583874,100,0.7919001082907597,1.0,93
0.5,5.0,0.8,2.0,1,true,84,33,34,35,35,0.0,0.9980659158886175,94,0.8504870247017033,0.94,84
0.5,5.0,0.8,2.0,2,true,104,45,45,55,55,0.0,0.9990610353530879,92,0.8576584504779323,0.92,104
0.5,5.0,0.8,2.0,3,true,92,38,38,43,43,0.0,0.9981456692316278,96,0.8516709512153171,0.96,92
0.5,5.0,0.8,2.0,4,true,87,30,30,38,38,1.0,0.9990597463572773,96,0.8524641517466405,0.96,87
0.5,5.0,0.8,2.0,5,true,92,32,32,43,43,0.0,0.9991296015408391,96,0.8542973947822028,0.96,92
0.5,5.0,0.8,2.0,6,false,0,63,63,0,0,1.0,0.9999999999999999,88,0.99999992322033,0.88,3000
0.5,5.0,0.8,2.0,7,true,106,44,45,57,57,0.0,0.9990323269350854,95,0.8547297675239353,0.95,106
0.5,5.0,0.8,2.0,8,true,95,42,42,46,46,1.0,0.9985891761122729,97,0.8525380640063567,0.97,95
0.5,5.0,0.8,2.0,9,true,90,36,37,41,41,1.0,0.9979069096129202,98,0.8500433193897542,0.98,90
0.5,5.0,0.8,2.0,10,true,76,25,25,27,27,1.0,0.998030275862149,100,0.8478372247723444,1.0,76
0.5,5.0,0.8,2.0,11,true,89,32,32,40,40,0.0,0.9987956158224955,96,0.8519972215670713,0.96,89
0.5,5.0,0.8,2.0,12,true,97,33,33,48,48,0.0,0.999475036560171,93,0.856936562551447,0.93,97
0.5,5.0,0.8,2.0,13,true,86,28,28,37,37,1.0,0.9986696564247475,97,0.8510520436054727,0.97,86
0.5,5.0,0.8,2.0,14,true,74,24,24,25,25,0.0,0.9978450449480225,100,0.8467343400441021,1.0,74
0.5,5.0,0.8,2.0,15,true,88,34,33,39,39,1.0,0.9983618723697373,97,0.8517347399893817,0.97,88
0.5,5.0,0.8,2.0,16,true,94,40,37,45,45,0.0,0.9985617025473914,94,0.8525436352397466,0.94,94
0.5,5.0,0.8,2.0,17,true,93,39,39,44,44,0.0,0.9986381674195826,96,0.8534428656458234,0.96,93
0.5,5.0,0.8,2.0,18,true,163,87,89,114,114,0.0,0.9997203089767426,93,0.7653253956879513,0.93,163
0.5,5.0,0.8,2.0,19,true,94,37,37,45,45,1.0,0.9989444433183573,93,0.8555123900917645,0.93,94
0.5,5.0,0.8,2.0,20,true,96,35,41,47,47,0.0,0.9987069720400571,94,0.8540860262609125,0.94,96
0.5,3.0,0.5,2.0,1,true,79,30,29,24,30,0.0,0.9976743530466355,99,0.6305604973963889,0.99,79
0.5,3.0,0.5,2.0,2,true,89,35,35,33,35,1.0,0.9981890377967184,98,0.6354386791324798,0.98,89
0.5,3.0,0.5,2.0,3,true,102,49,49,53,53,0.0,0.9978430425666945,98,0.5875495494507775,0.98,102
0.5,3.0,0.5,2.0,4,true,81,32,32,30,32,1.0,0.997546234765775,96,0.630207760674625,0.96,81
0.5,3.0,0.5,2.0,5,true,110,55,56,61,61,0.0,0.9987484671363859,97,0.5736434687499266,0.97,110
0.5,3.0,0.5,2.0,6,true,144,95,95,92,95,0.0,0.9954625667781665,99,0.6029174682236235,0.99,144
0.5,3.0,0.5,2.0,7,true,171,119,120,120,122,0.0,0.9977492896564475,100,0.5684336543162837,1.0,171
0.5,3.0,0.5,2.0,8,true,107,54,54,52,54,0.0,0.9578821414305619,100,0.5788845788376709,1.0,107
0.5,3.0,0.5,2.0,9,true,107,51,54,55,56,1.0,0.9976976509677032,99,0.5633784030041731,0.99,107
0.5,3.0,0.5,2.0,10,true,87,35,36,36,36,0.0,0.997979811354519,98,0.6239978996893776,0.98,87
0.5,3.0,0.5,2.0,11,true,99,45,45,50,50,1.0,0.9985088425058508,97,0.6106551406965448,0.97,99
0.5,3.0,0.5,2.0,12,true,117,66,66,67,68,1.0,0.9976674343084122,98,0.5590213841502893,0.98,117
0.5,3.0,0.5,2.0,13,true,103,36,36,54,54,0.0,0.9995790357108192,93,0.6529158082278845,0.93,103
0.5,3.0,0.5,2.0,14,true,102,41,41,53,53,1.0,0.9990035758202171,96,0.6298009508080223,0.96,102
0.5,3.0,0.5,2.0,15,true,92,33,33,32,33,0.0,0.996515968316545,98,0.6288920392091882,0.98,92
0.5,3.0,0.5,2.0,16,true,88,34,34,39,39,0.0,0.9978201275113094,94,0.6249056776966485,0.94,88
0.5,3.0,0.5,2.0,17,true,118,48,50,69,69,1.0,0.9995526012221526,94,0.5907065004404907,0.94,118
0.5,3.0,0.5,2.0,18,true,104,38,38,55,55,1.0,0.9991523099362217,96,0.6437938688590324,0.96,104
0.5,3.0,0.5,2.0,19,true,73,21,21,19,21,0.0,0.9974760821873871,98,0.6257314415902345,0.98,73
0.5,3.0,0.5,2.0,20,true,94,38,41,36,41,1.0,0.9976402467425781,99,0.6401593100961781,0.99,94
0.5,3.0,1.0,2.0,1,true,66,16,16,17,17,1.0,0.9973281182841143,100,1.0,1.0,66
0.5,3.0,1.0,2.0,2,true,116,34,34,67,67,0.0,0.9999136039352355,98,1.0,0.98,116
0.5,3.0,1.0,2.0,3,true,67,17,17,18,18,1.0,0.9969742877596114,99,1.0,0.99,67
0.5,3.0,1.0,2.0,4,true,75,26,26,25,26,1.0,0.9970157077224706,95,1.0,0.95,75
0.5,3.0,1.0,2.0,5,true,134,81,81,85,85,0.0,0.9982612148268397,99,0.8010571833423376,0.99,134
0.5,3.0,1.0,2.0,6,true,119,35,35,70,70,0.0,0.9999310988337817,98,1.0,0.98,119
0.5,3.0,1.0,2.0,7,true,101,31,31,52,52,1.0,0.9996675577621308,98,1.0,0.98,101
0.5,3.0,1.0,2.0,8,true,68,16,17,19,19,0.0,0.9974223549195536,100,1.0,1.0,68
0.5,3.0,1.0,2.0,9,true,122,41,41,73,73,0.0,0.9998981888968439,96,1.0,0.96,122
0.5,3.0,1.0,2.0,10,true,116,44,41,67,67,0.0,0.9997643307575337,98,0.9950954064772343,0.98,116
0.5,3.0,1.0,2.0,11,true,76,27,27,26,27,0.0,0.9975057108006014,100,1.0,1.0,76
0.5,3.0,1.0,2.0,12,true,76,24,24,26,27,1.0,0.9978157644369868,100,1.0,1.0,76
0.5,3.0,1.0,2.0,13,true,117,39,40,68,68,1.0,0.9998724335975002,99,1.0,0.99,117
0.5,3.0,1.0,2.0,14,true,76,23,23,27,27,0.0,0.9981189895581782,100,1.0,1.0,76
0.5,3.0,1.0,2.0,15,true,73,24,24,24,24,1.0,0.9972510337838696,98,1.0,0.98,73
0.5,3.0,1.0,2.0,16,true,77,27,27,28,28,0.0,0.997292858181126,96,1.0,0.96,77
0.5,3.0,1.0,2.0,17,true,70,20,20,21,21,1.0,0.9971323814435655,100,1.0,1.0,70
0.5,3.0,1.0,2.0,18,true,69,18,18,20,20,0.0,0.997631715254748,100,1.0,1.0,69
0.5,3.0,1.0,2.0,19,true,120,47,47,71,71,1.0,0.9997631854206154,94,0.9750886006674881,0.94,120
0.5,3.0,1.0,2.0,20,true,79,29,28,30,30,0.0,0.9979054964897353,98,1.0,0.98,79
0.5,3.0,0.8,1.0,1,true,107,39,39,58,58,1.0,0.9995686668012894,98,0.8629758483417385,0.98,107
0.5,3.0,0.8,1.0,2,true,75,22,22,25,26,0.0,0.9975130656895685,100,0.848210591309666,1.0,75
0.5,3.0,0.8,1.0,3,true,67,16,18,18,18,0.0,0.9974530520733313,100,0.8467154580969638,1.0,67
0.5,3.0,0.8,1.0,4,true,77,28,28,27,28,0.0,0.9974012556560024,98,0.8488814256252597,0.98,77
0.5,3.0,0.8,1.0,5,true,69,19,19,20,20,1.0,0.9966854791662828,99,0.8473267310742035,0.99,69
0.5,3.0,0.8,1.0,6,true,74,20,20,25,25,0.0,0.9974988820947343,100,0.8481588118466779,1.0,74
0.5,3.0,0.8,1.0,7,true,98,34,34,49,49,0.0,0.9993966096410218,100,0.8585508537702603,1.0,98
0.5,3.0,0.8,1.0,8,true,79,24,24,28,30,0.0,0.997739971602618,99,0.8502583528745415,0.99,79
0.5,3.0,0.8,1.0,9,true,110,41,41,61,61,0.0,0.9996887622918271,98,0.8596869918221167,0.98,110
0.5,3.0,0.8,1.0,10,true,74,24,24,25,25,1.0,0.9966904021076224,99,0.8470531874592346,0.99,74
0.5,3.0,0.8,1.0,11,true,69,18,18,20,20,1.0,0.9972546443602717,100,0.8471667819146579,1.0,69
0.5,3.0,0.8,1.0,12,true,113,43,43,64,64,1.0,0.999742490364899,95,0.8665611794664081,0.95,113
0.5,3.0,0.8,1.0,13,true,66,17,17,17,17,0.0,0.9969146280480732,100,0.8458212027461702,1.0,66
0.5,3.0,0.8,1.0,14,true,83,31,31,33,34,0.0,0.9977266287410668,97,0.8519437414228522,0.97,83
0.5,3.0,0.8,1.0,15,true,81,32,32,31,32,0.0,0.9972868076127814,98,0.850791045885514,0.98,81
0.5,3.0,0.8,1.0,16,true,78,29,29,29,29,0.0,0.9971510569264802,98,0.8494242246294781,0.98,78
0.5,3.0,0.8,1.0,17,true,102,37,37,53,53,1.0,0.9994810157735268,100,0.8619208153928481,1.0,102
0.5,3.0,0.8,1.0,18,true,79,27,30,29,30,0.0,0.9967577322476688,97,0.8510140157127275,0.97,79
0.5,3.0,0.8,1.0,19,true,68,17,17,19,19,1.0,0.9975471517112915,100,0.8470387728022589,1.0,68
0.5,3.0,0.8,1.0,20,true,70,20,20,21,21,1.0,0.9973701809581503,100,0.8469868206621061,1.0,70
0.5,3.0,0.8,4.0,1,false,0,43,43,0,0,1.0,0.9999999999999999,87,0.9999999308735659,0.87,3000
0.5,3.0,0.8,4.0,2,true,77,25,24,22,25,0.0,0.9980408214531888,98,0.851992702092554,0.98,77
0.5,3.0,0.8,4.0,3,true,72,23,23,23,23,0.0,0.9972253623356554,97,0.8490330420619411,0.97,72
0.5,3.0,0.8,4.0,4,true,131,49,49,82,82,1.0,0.9999171931206436,90,0.8537780087059681,0.9,131
0.5,3.0,0.8,4.0,5,true,85,36,36,34,36,1.0,0.9975393567241639,92,0.8527681434256518,0.92,85
0.5,3.0,0.8,4.0,6,true,78,27,27,22,27,1.0,0.9969057130631892,98,0.8521019077429102,0.98,78
0.5,3.0,0.8,4.0,7,true,86,34,34,37,37,0.0,0.9974912322803658,95,0.853220716700692,0.95,86
0.5,3.0,0.8,4.0,8,true,74,21,21,19,21,0.0,0.9980455949019813,98,0.8515134699281133,0.98,74
0.5,3.0,0.8,4.0,9,true,78,29,29,26,29,1.0,0.9973794042454187,94,0.8514223913261778,0.94,78
0.5,3.0,0.8,4.0,10,true,81,28,29,28,29,0.0,0.9978738511559877,93,0.8524641858704352,0.93,81
0.5,3.0,0.8,4.0,11,false,0,40,40,0,0,1.0,0.9999999999999999,88,0.9999999311482358,0.88,3000
0.5,3.0,0.8,4.0,12,true,120,54,54,71,71,1.0,0.9995467483626725,91,0.8405190290823514,0.91,120
0.5,3.0,0.8,4.0,13,false,0,35,35,0,0,0.0,0.9999999999999999,89,0.9999999331826549,0.89,3000
0.5,3.0,0.8,4.0,14,true,81,32,32,31,32,1.0,0.9973799674868695,92,0.850966202077503,0.92,81
0.5,3.0,0.8,4.0,15,true,110,51,51,61,61,1.0,0.998807130345517,98,0.8346628870140079,0.98,110
0.5,3.0,0.8,4.0,16,true,74,23,25,22,25,0.0,0.9974757487450191,97,0.8498788026059094,0.97,74
0.5,3.0,0.8,4.0,17,true,84,35,35,32,35,0.0,0.9970945447439407,95,0.8528877465184367,0.95,84
0.5,3.0,0.8,4.0,18,true,79,30,30,27,30,0.0,0.9975482660779275,93,0.8512983989133234,0.93,79
0.5,3.0,0.8,4.0,19,true,80,29,31,29,31,0.0,0.9978888232172052,90,0.8522195702202274,0.9,80
0.5,3.0,0.8,4.0,20,true,74,25,25,22,25,0.0,0.9973570293484058,97,0.8497330182758119,0.97,74
0.5,1.5,1.0,4.0,1,true,88,27,27,39,39,0.0,0.9992923493975671,100,1.0,1.0,88
0.5,1.5,1.0,4.0,2,true,94,31,33,45,45,1.0,0.9991668669148903,100,0.9947659637848772,1.0,94
0.5,1.5,1.0,4.0,3,true,88,26,26,39,39,0.0,0.9992613529208019,100,1.0,1.0,88
0.5,1.5,1.0,4.0,4,true,84,22,22,35,35,1.0,0.9993939304238265,100,1.0,1.0,84
0.5,1.5,1.0,4.0,5,true,94,38,38,45,45,0.0,0.9987358970232235,100,0.8485235246287095,1.0,94
0.5,1.5,1.0,4.0,6,true,98,45,44,49,49,0.0,0.9983351449410047,100,0.8227831576625431,1.0,98
0.5,1.5,1.0,4.0,7,true,96,44,44,47,47,1.0,0.9977688182316027,100,0.7995311378700052,1.0,96
0.5,1.5,1.0,4.0,8,true,93,35,35,44,44,0.0,0.9986693309556336,100,0.8779799267139168,1.0,93
0.5,1.5,1.0,4.0,9,true,98,48,47,49,49,1.0,0.9977727128917959,100,0.7617069120398214,1.0,98
0.5,1.5,1.0,4.0,10,true,88,27,27,39,39,0.0,0.9992758211789854,100,1.0,1.0,88
0.5,1.5,1.0,4.0,11,true,124,68,68,75,75,1.0,0.9988062720121307,100,0.8114056563364129,1.0,124
0.5,1.5,1.0,4.0,12,true,93,36,37,44,44,0.0,0.9987819147864223,100,0.9185353546204825,1.0,93
0.5,1.5,1.0,4.0,13,true,91,29,30,42,42,1.0,0.999149858231573,100,1.0,1.0,91
0.5,1.5,1.0,4.0,14,true,99,47,47,50,50,1.0,0.9980551215337711,100,0.822438073412285,1.0,99
0.5,1.5,1.0,4.0,15,true,104,55,55,53,55,1.0,0.9973352794812409,100,0.7317118170783496,1.0,104
0.5,1.5,1.0,4.0,16,true,96,38,42,47,47,1.0,0.9984521776489069,100,0.8582933639541348,1.0,96
0.5,1.5,1.0,4.0,17,true,96,43,44,47,47,1.0,0.9980830789472165,100,0.8070007259146394,1.0,96
0.5,1.5,1.0,4.0,18,true,88,26,26,39,39,1.0,0.9992188808641188,100,1.0,1.0,88
0.5,1.5,1.0,4.0,19,true,89,29,29,40,40,0.0,0.9991747128745277,100,1.0,1.0,89
0.5,1.5,1.0,4.0,20,true,93,32,32,44,44,1.0,0.9989797783542608,100,0.9597954593250415,1.0,93
0.5,5.0,0.5,1.0,1,true,95,34,36,46,46,1.0,0.9991632822427166,93,0.63676749193503,0.93,95
0.5,5.0,0.5,1.0,2,true,82,28,28,33,33,1.0,0.9982814839001527,99,0.6267290027868295,0.99,82
0.5,5.0,0.5,1.0,3,true,106,49,49,57,57,1.0,0.998803256074271,93,0.6252349621493709,0.93,106
0.5,5.0,0.5,1.0,4,true,84,26,28,35,35,1.0,0.9983624307494304,98,0.6273390331421898,0.98,84
0.5,5.0,0.5,1.0,5,true,88,30,31,39,39,1.0,0.9989562949232962,97,0.6311311463411166,0.97,88
0.5,5.0,0.5,1.0,6,true,109,38,42,60,60,1.0,0.9996036678183657,94,0.6487814677716033,0.94,109
0.5,5.0,0.5,1.0,7,true,119,60,60,70,70,0.0,0.9986850391764017,98,0.5911184284548555,0.98,119
0.5,5.0,0.5,1.0,8,true,97,38,38,48,48,1.0,0.9989851951145036,94,0.6368993883950368,0.94,97
0.5,5.0,0.5,1.0,9,true,81,27,28,32,32,0.0,0.9977727177618256,98,0.6233234725809221,0.98,81
0.5,5.0,0.5,1.0,10,true,102,36,36,53,53,0.0,0.9995267166577453,92,0.6499211483155157,0.92,102
0.5,5.0,0.5,1.0,11,true,101,41,41,52,52,0.0,0.99919015946522,95,0.6407483946124533,0.95,101
0.5,5.0,0.5,1.0,12,true,80,27,28,31,31,0.0,0.9984096932428618,98,0.6222788513868791,0.98,80
0.5,5.0,0.5,1.0,13,true,95,35,35,46,46,0.0,0.9990322487735778,94,0.6373060981333813,0.94,95
0.5,5.0,0.5,1.0,14,true,90,34,34,41,41,0.0,0.9987717020429145,97,0.6283301822459717,0.97,90
0.5,5.0,0.5,1.0,15,true,85,33,33,36,36,0.0,0.9983796837521176,98,0.6254694121146043,0.98,85
0.5,5.0,0.5,1.0,16,true,82,27,29,33,33,0.0,0.9980753198792192,99,0.6231278499981575,0.99,82
0.5,5.0,0.5,1.0,17,true,87,32,32,38,38,0.0,0.9985418383228327,99,0.6281851134066487,0.99,87
0.5,5.0,0.5,1.0,18,true,87,33,35,38,38,1.0,0.9982022611420771,97,0.6271202856817797,0.97,87
0.5,5.0,0.5,1.0,19,true,118,59,59,69,69,1.0,0.9991199013589471,94,0.6124308595337362,0.94,118
0.5,5.0,0.5,1.0,20,true,121,64,64,72,72,1.0,0.9991029236223394,93,0.6216275095555861,0.93,121
1.0,3.0,0.8,2.0,1,true,96,33,33,47,47,0.0,0.9994703879713401,99,0.8600808176661838,0.99,96
1.0,3.0,0.8,2.0,2,true,99,32,33,50,50,1.0,0.999527891682327,98,0.8608460093522288,0.98,99
1.0,3.0,0.8,2.0,3,true,104,35,35,55,55,0.0,0.9995268106928896,99,0.8623744256321535,0.99,104
1.0,3.0,0.8,2.0,4,true,105,36,38,56,56,0.0,0.9995457471103003,96,0.8637878790916763,0.96,105
1.0,3.0,0.8,2.0,5,true,114,39,39,65,65,1.0,0.9997629236588743,98,0.8652806777609755,0.98,114
1.0,3.0,0.8,2.0,6,true,72,21,23,22,23,0.0,0.9969967792325599,99,0.8470378364171767,0.99,72
1.0,3.0,0.8,2.0,7,true,70,20,21,19,21,0.0,0.9974993316760141,99,0.8483368029793589,0.99,70
1.0,3.0,0.8,2.0,8,true,76,25,25,26,27,0.0,0.997579780763537,99,0.8484192059194958,0.99,76
1.0,3.0,0.8,2.0,9,true,123,35,35,74,74,0.0,0.999949826460006,95,0.8744180648246159,0.95,123
1.0,3.0,0.8,2.0,10,true,110,51,51,61,61,1.0,0.9991569101167886,97,0.7887026648980671,0.97,110
1.0,3.0,0.8,2.0,11,true,106,33,33,57,57,1.0,0.9997121379300546,96,0.8655139066890228,0.96,106
1.0,3.0,0.8,2.0,12,true,122,34,35,73,73,0.0,0.9999505044570286,95,0.874922475221732,0.95,122
1.0,3.0,0.8,2.0,13,true,112,49,49,63,63,1.0,0.9993366745959656,95,0.8445335327137765,0.95,112
1.0,3.0,0.8,2.0,14,true,114,43,45,65,65,0.0,0.999654742379433,96,0.8479635512586792,0.96,114
1.0,3.0,0.8,2.0,15,true,113,53,53,64,64,0.0,0.9991147643646204,99,0.7658332219279113,0.99,113
1.0,3.0,0.8,2.0,16,true,76,26,27,25,27,0.0,0.9974065198792417,99,0.8488212858891616,0.99,76
1.0,3.0,0.8,2.0,17,true,112,51,55,63,63,0.0,0.9990319755922735,100,0.7818568581380617,1.0,112
1.0,3.0,0.8,2.0,18,true,121,48,48,72,72,1.0,0.9997671023107932,94,0.8362725975318024,0.94,121
1.0,3.0,0.8,2.0,19,true,108,36,37,59,59,0.0,0.9996688398874808,98,0.8634635470358869,0.98,108
1.0,3.0,0.8,2.0,20,true,126,35,38,77,77,1.0,0.9999507135553571,93,0.8764467810488116,0.93,126
1.0,1.5,0.8,2.0,1,true,95,46,46,45,46,1.0,0.9977197986086133,100,0.6791669461340689,1.0,95
1.0,1.5,0.8,2.0,2,true,90,34,34,41,41,1.0,0.9987670611491641,100,0.8104479602837216,1.0,90
1.0,1.5,0.8,2.0,3,true,102,53,53,49,53,1.0,0.9971600648025608,100,0.6455220398837177,1.0,102
1.0,1.5,0.8,2.0,4,true,87,26,27,38,38,0.0,0.999121300433567,100,0.8581831527418212,1.0,87
1.0,1.5,0.8,2.0,5,true,82,24,24,33,33,1.0,0.9990371439877186,100,0.8584983225599164,1.0,82
1.0,1.5,0.8,2.0,6,true,88,28,32,39,39,1.0,0.9988275145474659,100,0.8490006128671999,1.0,88
1.0,1.5,0.8,2.0,7,true,89,30,31,40,40,0.0,0.9990565556784872,100,0.8538843891896615,1.0,89
1.0,1.5,0.8,2.0,8,true,90,30,30,41,41,1.0,0.9990632043344244,100,0.8535745103658064,1.0,90
1.0,1.5,0.8,2.0,9,true,89,32,32,40,40,0.0,0.9986406004167695,100,0.8533807166660646,1.0,89
1.0,1.5,0.8,2.0,10,true,88,28,29,39,39,0.0,0.9990324770433149,100,0.8596006786515084,1.0,88
1.0,1.5,0.8,2.0,11,true,90,30,31,41,41,0.0,0.9990397833015635,100,0.8501846145130176,1.0,90
1.0,1.5,0.8,2.0,12,true,95,46,46,45,46,1.0,0.997517872981728,100,0.6596028941834008,1.0,95
1.0,1.5,0.8,2.0,13,true,102,52,53,50,53,1.0,0.9965140720691755,100,0.6984541999279498,1.0,102
1.0,1.5,0.8,2.0,14,true,97,46,48,48,48,1.0,0.9973900533350953,100,0.6926513497482384,1.0,97
1.0,1.5,0.8,2.0,15,true,89,30,30,40,40,1.0,0.9990039211611313,100,0.8449164407757727,1.0,89
1.0,1.5,0.8,2.0,16,true,97,48,48,47,48,0.0,0.9973829299843932,100,0.6931981849606522,1.0,97
1.0,1.5,0.8,2.0,17,true,89,28,28,40,40,0.0,0.9989264875225135,100,0.8569798676127253,1.0,89
1.0,1.5,0.8,2.0,18,true,85,23,23,36,36,1.0,0.9991744991285025,100,0.8590764729543703,1.0,85
1.0,1.5,0.8,2.0,19,true,86,24,26,37,37,0.0,0.9991670201990046,100,0.8588542245100375,1.0,86
1.0,1.5,0.8,2.0,20,true,88,29,29,39,39,1.0,0.9988111076809396,100,0.8349522274504079,1.0,88
1.0,5.0,0.8,2.0,1,true,98,46,46,49,49,0.0,0.9982025099171083,93,0.8539070215154908,0.93,98
1.0,5.0,0.8,2.0,2,true,83,27,28,34,34,0.0,0.9977112358529706,95,0.8500159614921209,0.95,83
1.0,5.0,0.8,2.0,3,true,82,27,27,33,33,0.0,0.9981602253672102,97,0.8491780891720112,0.97,82
1.0,5.0,0.8,2.0,4,true,173,114,114,124,124,1.0,0.9985610314841824,95,0.815693083949819,0.95,173
1.0,5.0,0.8,2.0,5,true,83,29,29,34,34,1.0,0.9980747437479347,97,0.8493097871983044,0.97,83
1.0,5.0,0.8,2.0,6,true,87,30,30,38,38,1.0,0.9987373851449638,93,0.8520549534979495,0.93,87
1.0,5.0,0.8,2.0,7,false,0,52,54,0,0,0.0,0.9999999999999999,89,0.9999999268241228,0.89,3000
1.0,5.0,0.8,2.0,8,true,106,43,44,57,57,0.0,0.9993171044894634,90,0.859543236706882,0.9,106
1.0,5.0,0.8,2.0,9,true,96,30,30,47,47,1.0,0.9994859231399171,92,0.8588376823744875,0.92,96
1.0,5.0,0.8,2.0,10,true,79,27,28,30,30,0.0,0.9978717542122727,99,0.8486271670934205,0.99,79
1.0,5.0,0.8,2.0,11,true,84,30,30,35,35,0.0,0.9983349424349923,97,0.8500743541407125,0.97,84
1.0,5.0,0.8,2.0,12,true,153,53,55,104,104,0.0,0.9999832106817571,90,0.8828872119769972,0.9,153
1.0,5.0,0.8,2.0,13,true,98,39,41,49,49,1.0,0.9988833348440587,94,0.8554585006389639,0.94,98
1.0,5.0,0.8,2.0,14,true,88,30,34,39,39,0.0,0.9984239063222436,96,0.8515944723719001,0.96,88
1.0,5.0,0.8,2.0,15,true,80,30,30,31,31,1.0,0.9976991894184348,98,0.8479287329133542,0.98,80
1.0,5.0,0.8,2.0,16,true,78,25,25,29,29,1.0,0.9980708216521225,97,0.848759696326946,0.97,78
1.0,5.0,0.8,2.0,17,true,90,31,33,41,41,0.0,0.9986365681555687,96,0.8529451729276335,0.96,90
1.0,5.0,0.8,2.0,18,true,86,32,33,37,37,1.0,0.9978711774421712,95,0.8507324759224423,0.95,86
1.0,5.0,0.8,2.0,19,true,85,28,30,36,36,1.0,0.9983945394236384,98,0.8501425460935388,0.98,85
1.0,5.0,0.8,2.0,20,true,79,25,25,30,30,0.0,0.9983729278925018,96,0.8487779337913136,0.96,79
1.0,3.0,0.5,2.0,1,true,89,37,40,38,40,1.0,0.9975003672500371,98,0.6225705128035134,0.98,89
1.0,3.0,0.5,2.0,2,true,102,50,50,51,53,0.0,0.9972591008059654,99,0.5896914732382121,0.99,102
1.0,3.0,0.5,2.0,3,true,117,59,59,57,59,0.0,0.9845353641551162,100,0.5720286046655636,1.0,117
1.0,3.0,0.5,2.0,4,true,114,54,54,52,54,1.0,0.9986841641644175,100,0.5798073087964641,1.0,114
1.0,3.0,0.5,2.0,5,true,111,62,62,61,62,0.0,0.995221676620242,98,0.5724690510490634,0.98,111
1.0,3.0,0.5,2.0,6,true,91,39,39,41,42,1.0,0.99724508428949,95,0.6313244358601877,0.95,91
1.0,3.0,0.5,2.0,7,true,113,62,62,62,62,1.0,0.9972750522055168,98,0.559323614855371,0.98,113
1.0,3.0,0.5,2.0,8,true,124,68,70,75,75,0.0,0.9984373152383962,99,0.5634060513696569,0.99,124
1.0,3.0,0.5,2.0,9,true,83,34,34,26,34,1.0,0.9976683906330429,98,0.6311454586622375,0.98,83
1.0,3.0,0.5,2.0,10,true,96,45,45,47,47,0.0,0.9918701508738944,100,0.6183625145886547,1.0,96
1.0,3.0,0.5,2.0,11,true,84,34,34,35,35,1.0,0.9975479345576004,97,0.6232042609638312,0.97,84
1.0,3.0,0.5,2.0,12,true,105,46,46,48,48,0.0,0.9985817453464244,99,0.5964038218297614,0.99,105
1.0,3.0,0.5,2.0,13,true,101,37,43,52,52,1.0,0.9988015261759644,95,0.6229618646229881,0.95,101
1.0,3.0,0.5,2.0,14,true,97,42,41,44,44,1.0,0.9977728217392374,98,0.6358602322300121,0.98,97
1.0,3.0,0.5,2.0,15,true,107,46,46,54,58,0.0,0.9984092536721465,99,0.6109383734658066,0.99,107
1.0,3.0,0.5,2.0,16,true,94,40,40,41,41,0.0,0.9975205189050551,98,0.64380674103079,0.98,94
1.0,3.0,0.5,2.0,17,true,86,33,33,36,37,0.0,0.9978220902806082,98,0.6318801401558762,0.98,86
1.0,3.0,0.5,2.0,18,true,81,26,28,31,32,1.0,0.9973775720149769,97,0.6222872308293961,0.97,81
1.0,3.0,0.5,2.0,19,true,86,37,37,31,37,0.0,0.9970279880752011,96,0.6329459877511596,0.96,86
1.0,3.0,0.5,2.0,20,true,120,68,68,71,71,0.0,0.9881896212158933,100,0.5579059483843276,1.0,120
1.0,3.0,1.0,2.0,1,true,117,33,33,68,68,0.0,0.9999201853152903,98,1.0,0.98,117
1.0,3.0,1.0,2.0,2,true,112,40,40,63,63,1.0,0.9996547127108447,97,0.9800500916925086,0.97,112
1.0,3.0,1.0,2.0,3,true,75,26,23,23,26,0.0,0.9974481073754857,99,1.0,0.99,75
1.0,3.0,1.0,2.0,4,true,132,45,45,83,83,0.0,0.9999509959331964,93,0.9760258488376626,0.93,132
1.0,3.0,1.0,2.0,5,true,130,74,74,81,81,0.0,0.9988282219004556,98,0.7679244758903299,0.98,130
1.0,3.0,1.0,2.0,6,true,71,20,20,22,22,0.0,0.9969564570645292,99,1.0,0.99,71
1.0,3.0,1.0,2.0,7,true,116,36,36,67,67,0.0,0.9998793018365911,95,1.0,0.95,116
1.0,3.0,1.0,2.0,8,true,71,17,18,22,22,0.0,0.9977342987550641,100,1.0,1.0,71
1.0,3.0,1.0,2.0,9,true,67,17,17,18,18,1.0,0.9967400347960992,98,1.0,0.98,67
1.0,3.0,1.0,2.0,10,true,114,37,37,65,65,1.0,0.999850654549056,94,1.0,0.94,114
1.0,3.0,1.0,2.0,11,true,78,26,26,29,29,0.0,0.9980118089489806,98,1.0,0.98,78
1.0,3.0,1.0,2.0,12,true,121,34,35,72,72,0.0,0.9999429726345239,96,1.0,0.96,121
1.0,3.0,1.0,2.0,13,true,72,22,22,23,23,1.0,0.9971782731260849,97,1.0,0.97,72
1.0,3.0,1.0,2.0,14,true,128,37,37,79,79,0.0,0.9999641743504507,94,0.9954205953715425,0.94,128
1.0,3.0,1.0,2.0,15,true,121,46,48,72,72,0.0,0.9998057959354165,95,0.941371426666494,0.95,121
1.0,3.0,1.0,2.0,16,true,118,34,32,69,69,0.0,0.9999407834188493,97,1.0,0.97,118
1.0,3.0,1.0,2.0,17,true,115,49,49,66,66,1.0,0.9996024506087656,96,0.9443341741986288,0.96,115
1.0,3.0,1.0,2.0,18,true,124,35,36,75,75,1.0,0.9999528279082008,97,1.0,0.97,124
1.0,3.0,1.0,2.0,19,true,113,41,45,64,64,1.0,0.999651682303103,96,0.9846964030874723,0.96,113
1.0,3.0,1.0,2.0,20,true,68,16,16,19,19,1.0,0.9971395503411513,100,1.0,1.0,68
1.0,3.0,0.8,1.0,1,true,77,26,26,27,28,0.0,0.9971911729943155,99,0.849569448842171,0.99,77
1.0,3.0,0.8,1.0,2,true,109,45,45,60,60,1.0,0.9994807922540627,97,0.8621901421013746,0.97,109
1.0,3.0,0.8,1.0,3,true,100,31,34,51,51,0.0,0.9995896181409862,98,0.8629535057196123,0.98,100
1.0,3.0,0.8,1.0,4,true,86,33,33,32,33,1.0,0.9982642060208947,100,0.8533593182372798,1.0,86
1.0,3.0,0.8,1.0,5,true,103,42,42,54,54,0.0,0.9992722540389316,99,0.8607285093476962,0.99,103
1.0,3.0,0.8,1.0,6,true,105,32,32,56,56,1.0,0.9997495934035233,99,0.8645347264021871,0.99,105
1.0,3.0,0.8,1.0,7,true,107,38,40,58,58,0.0,0.9995897635741808,96,0.8553671622821898,0.96,107
1.0,3.0,0.8,1.0,8,true,78,23,23,23,23,0.0,0.9981025140319038,99,0.8514575902455952,0.99,78
1.0,3.0,0.8,1.0,9,true,109,54,54,60,60,0.0,0.9986409801677902,100,0.7628259713515533,1.0,109
1.0,3.0,0.8,1.0,10,true,100,35,36,51,51,0.0,0.9994083453049254,97,0.8615033745186715,0.97,100
1.0,3.0,0.8,1.0,11,true,84,30,30,35,35,0.0,0.9985442779101055,99,0.8529694636323834,0.99,84
1.0,3.0,0.8,1.0,12,true,87,29,29,30,31,0.0,0.9988396258354071,99,0.8561961235094144,0.99,87
1.0,3.0,0.8,1.0,13,true,68,17,17,19,19,1.0,0.9974926031661725,100,0.8472890997093966,1.0,68
1.0,3.0,0.8,1.0,14,true,107,41,42,58,58,0.0,0.9995971877513177,97,0.8643766793634067,0.97,107
1.0,3.0,0.8,1.0,15,true,80,25,25,25,25,0.0,0.9979347333782449,100,0.8508713684425693,1.0,80
1.0,3.0,0.8,1.0,16,true,80,28,28,24,28,0.0,0.9977684019618096,100,0.8531073276451698,1.0,80
1.0,3.0,0.8,1.0,17,true,114,63,64,65,65,1.0,0.9977870685376169,100,0.7046046014368046,1.0,114
1.0,3.0,0.8,1.0,18,true,119,69,70,70,70,0.0,0.9977291552826288,100,0.6942729979106862,1.0,119
1.0,3.0,0.8,1.0,19,true,82,19,21,28,28,0.0,0.998523472589952,99,0.8545020606474432,0.99,82
1.0,3.0,0.8,1.0,20,true,93,32,32,29,32,0.0,0.9988008706622434,100,0.8585338400958213,1.0,93
1.0,3.0,0.8,4.0,1,true,104,32,33,55,55,0.0,0.9995675086393089,93,0.8659497488126678,0.93,104
1.0,3.0,0.8,4.0,2,true,120,41,41,71,71,0.0,0.9998482007828953,90,0.8684445200621554,0.9,120
1.0,3.0,0.8,4.0,3,true,125,71,73,71,73,0.0,0.9981583320184103,100,0.7071767513106857,1.0,125
1.0,3.0,0.8,4.0,4,true,116,48,49,67,67,1.0,0.9993838854020501,94,0.801463462958384,0.94,116
1.0,3.0,0.8,4.0,5,true,117,40,40,68,68,0.0,0.9998564689985225,91,0.8715836609007054,0.91,117
1.0,3.0,0.8,4.0,6,true,77,26,26,26,26,1.0,0.9972916649655542,96,0.8504410668836742,0.96,77
1.0,3.0,0.8,4.0,7,true,80,31,29,24,31,1.0,0.9978339722073166,96,0.8524296270653102,0.96,80
1.0,3.0,0.8,4.0,8,true,75,26,26,24,26,0.0,0.9970202029977918,97,0.8502892364129429,0.97,75
1.0,3.0,0.8,4.0,9,true,69,20,20,16,20,1.0,0.9976517888833399,100,0.8489364877970559,1.0,69
1.0,3.0,0.8,4.0,10,false,0,32,32,0,0,1.0,0.9999999999999999,89,0.9999999348219334,0.89,3000
1.0,3.0,0.8,4.0,11,true,138,43,45,89,89,1.0,0.9999681184371424,90,0.8640104941761059,0.9,138
1.0,3.0,0.8,4.0,12,true,117,46,46,68,68,0.0,0.9997451651931692,93,0.8590321083124121,0.93,117
1.0,3.0,0.8,4.0,13,true,112,50,50,63,63,1.0,0.9992421327999677,94,0.801658035154663,0.94,112
1.0,3.0,0.8,4.0,14,false,0,26,29,0,0,0.0,0.9999999999999999,89,0.9999999351196549,0.89,3000
1.0,3.0,0.8,4.0,15,false,0,39,39,0,0,0.0,0.9999999999999999,89,0.9999999324988396,0.89,3000
1.0,3.0,0.8,4.0,16,true,79,26,26,25,26,0.0,0.9977599212404538,94,0.8517402105486143,0.94,79
1.0,3.0,0.8,4.0,17,true,99,34,34,50,50,1.0,0.999469860824134,92,0.8637719937797301,0.92,99
1.0,3.0,0.8,4.0,18,false,0,36,36,0,0,0.0,0.9999999999999999,88,0.9999999337291865,0.88,3000
1.0,3.0,0.8,4.0,19,true,105,35,35,56,56,1.0,0.9993973244388811,94,0.8670175097745423,0.94,105
1.0,3.0,0.8,4.0,20,true,82,29,29,33,33,0.0,0.9980763808826252,93,0.8540988056851949,0.93,82
1.0,1.5,1.0,4.0,1,true,91,34,34,42,42,1.0,0.9987231324359646,100,0.9386518609522058,1.0,91
1.0,1.5,1.0,4.0,2,true,92,30,30,43,43,0.0,0.9991522878674612,100,0.969800781206787,1.0,92
1.0,1.5,1.0,4.0,3,true,66,17,17,11,17,0.0,0.9975698619488312,100,1.0,1.0,66
1.0,1.5,1.0,4.0,4,true,90,27,28,41,41,1.0,0.9992864238483636,100,0.9898667013467123,1.0,90
1.0,1.5,1.0,4.0,5,true,93,34,34,44,44,1.0,0.9986038043811554,100,0.9320919589139339,1.0,93
1.0,1.5,1.0,4.0,6,true,92,29,29,43,43,0.0,0.9992891448195561,100,1.0,1.0,92
1.0,1.5,1.0,4.0,7,true,97,43,46,48,48,1.0,0.9981504242027701,100,0.7609913731554847,1.0,97
1.0,1.5,1.0,4.0,8,true,107,51,49,48,51,1.0,0.9985837010398497,100,0.7790140629456748,1.0,107
1.0,1.5,1.0,4.0,9,true,87,24,24,38,38,1.0,0.9992944923596092,100,1.0,1.0,87
1.0,1.5,1.0,4.0,10,true,91,28,28,42,42,1.0,0.9991965367772102,100,0.9799104116118562,1.0,91
1.0,1.5,1.0,4.0,11,true,89,26,26,40,40,0.0,0.9992784495207725,100,1.0,1.0,89
1.0,1.5,1.0,4.0,12,true,93,33,33,44,44,0.0,0.9984648618744772,100,0.903134332177533,1.0,93
1.0,1.5,1.0,4.0,13,true,91,30,30,42,42,0.0,0.9992200930258756,100,0.9848885564792844,1.0,91
1.0,1.5,1.0,4.0,14,true,85,22,22,36,36,1.0,0.9994271614782625,100,1.0,1.0,85
1.0,1.5,1.0,4.0,15,true,84,21,22,35,35,1.0,0.9993959096414032,100,1.0,1.0,84
1.0,1.5,1.0,4.0,16,true,92,29,29,43,43,0.0,0.9992211450115502,100,0.9496640356532928,1.0,92
1.0,1.5,1.0,4.0,17,true,103,51,51,49,51,0.0,0.998142201181786,100,0.7517928647302018,1.0,103
1.0,1.5,1.0,4.0,18,true,88,28,28,39,39,0.0,0.999128873479206,100,0.9947659637848772,1.0,88
1.0,1.5,1.0,4.0,19,true,91,28,28,42,42,1.0,0.9992758500679351,100,0.9948698620174943,1.0,91
1.0,1.5,1.0,4.0,20,true,96,45,45,47,47,0.0,0.9980304444758749,100,0.7906542639924986,1.0,96
1.0,5.0,0.5,1.0,1,true,104,41,42,55,55,0.0,0.9992296485636468,94,0.6439929803239938,0.94,104
1.0,5.0,0.5,1.0,2,true,116,54,54,67,67,1.0,0.999347314623509,92,0.6309915449726193,0.92,116
1.0,5.0,0.5,1.0,3,true,89,34,34,40,40,0.0,0.9985043994120366,94,0.6284795380184083,0.94,89
1.0,5.0,0.5,1.0,4,true,90,34,36,41,41,1.0,0.9984798959171808,99,0.6281404609118953,0.99,90
1.0,5.0,0.5,1.0,5,true,133,73,75,84,84,0.0,0.9990477650400845,92,0.5969393465031213,0.92,133
1.0,5.0,0.5,1.0,6,true,88,32,33,39,39,0.0,0.9986588239796934,97,0.6293215703521371,0.97,88
1.0,5.0,0.5,1.0,7,true,102,39,41,53,53,1.0,0.999196039856454,93,0.6391885529980132,0.93,102
1.0,5.0,0.5,1.0,8,true,92,38,38,43,43,0.0,0.9984740744935822,97,0.6289770317961286,0.97,92
1.0,5.0,0.5,1.0,9,true,98,37,37,49,49,0.0,0.9993241281847081,97,0.6357201423650953,0.97,98
1.0,5.0,0.5,1.0,10,true,92,38,38,43,43,1.0,0.99862827753543,94,0.6301702940825177,0.94,92
1.0,5.0,0.5,1.0,11,true,88,34,36,39,39,1.0,0.9984670325981554,97,0.6280361128673083,0.97,88
1.0,5.0,0.5,1.0,12,true,107,44,44,58,58,1.0,0.9994070332947017,93,0.6400946683233444,0.93,107
1.0,5.0,0.5,1.0,13,true,99,45,45,50,50,1.0,0.9986287948108192,94,0.6352706639028797,0.94,99
1.0,5.0,0.5,1.0,14,true,87,32,32,38,38,0.0,0.9987729052587,99,0.6275558029225555,0.99,87
1.0,5.0,0.5,1.0,15,true,92,34,34,43,43,1.0,0.9987219363339968,97,0.6339863914145625,0.97,92
1.0,5.0,0.5,1.0,16,true,100,41,41,51,51,1.0,0.9987786096698562,96,0.6326393116004999,0.96,100
1.0,5.0,0.5,1.0,17,true,91,31,31,42,42,0.0,0.9991781809394873,96,0.6349892617503032,0.96,91
1.0,5.0,0.5,1.0,18,true,127,33,34,78,78,0.0,0.9999706821541328,91,0.6856969726672447,0.91,127
1.0,5.0,0.5,1.0,19,true,107,43,44,58,58,1.0,0.9993027493558039,95,0.6374092037791823,0.95,107
1.0,5.0,0.5,1.0,20,true,106,43,43,57,57,1.0,0.9989454168157083,94,0.639135135410084,0.94,106
2.0,3.0,0.8,2.0,1,true,116,63,63,61,63,1.0,0.9982206388784212,100,0.6865392182595564,1.0,116
2.0,3.0,0.8,2.0,2,true,87,32,31,38,38,0.0,0.9987910662454634,99,0.8556673467361812,0.99,87
2.0,3.0,0.8,2.0,3,true,76,25,26,22,27,0.0,0.9977238836598836,98,0.850853221512385,0.98,76
2.0,3.0,0.8,2.0,4,true,100,35,35,51,51,1.0,0.9994585100414396,98,0.8621395664980445,0.98,100
2.0,3.0,0.8,2.0,5,true,70,19,19,21,21,0.0,0.9972095204114333,97,0.848157873741674,0.97,70
2.0,3.0,0.8,2.0,6,true,112,48,48,63,63,1.0,0.9995082776988103,95,0.8217053649918904,0.95,112
2.0,3.0,0.8,2.0,7,true,111,55,56,62,62,0.0,0.9988165965237976,98,0.7233129020128569,0.98,111
2.0,3.0,0.8,2.0,8,true,108,47,47,59,59,0.0,0.9993052106872482,95,0.8187243440842021,0.95,108
2.0,3.0,0.8,2.0,9,true,75,24,24,22,24,0.0,0.997554889736787,100,0.847888909157122,1.0,75
2.0,3.0,0.8,2.0,10,true,67,16,18,17,18,1.0,0.9971717905428469,100,0.8468721470853612,1.0,67
2.0,3.0,0.8,2.0,11,true,105,42,42,56,56,1.0,0.9994488189709475,96,0.8495221240767442,0.96,105
2.0,3.0,0.8,2.0,12,true,110,53,53,61,61,1.0,0.999020620433094,95,0.7395067364014026,0.95,110
2.0,3.0,0.8,2.0,13,true,108,42,42,59,59,1.0,0.999536266750079,97,0.8421263579757474,0.97,108
2.0,3.0,0.8,2.0,14,true,110,41,41,61,61,0.0,0.99965244077651,92,0.8303852962607344,0.92,110
2.0,3.0,0.8,2.0,15,true,95,33,35,46,46,0.0,0.9990471702258522,97,0.8613436059058127,0.97,95
2.0,3.0,0.8,2.0,16,true,122,69,69,69,69,1.0,0.9980782825350903,100,0.7717608203734262,1.0,122
2.0,3.0,0.8,2.0,17,true,114,41,41,65,65,0.0,0.9998242227289821,94,0.8689232794696882,0.94,114
2.0,3.0,0.8,2.0,18,true,74,22,22,24,25,0.0,0.9974494900193034,99,0.8474944808464479,0.99,74
2.0,3.0,0.8,2.0,19,true,120,28,29,71,71,0.0,0.9999645863479458,96,0.8769867304422153,0.96,120
2.0,3.0,0.8,2.0,20,true,72,20,23,20,23,0.0,0.9972973571285053,100,0.8477834338015501,1.0,72
2.0,1.5,0.8,2.0,1,true,128,73,75,79,79,0.0,0.9983415403517446,100,0.769263397845101,1.0,128
2.0,1.5,0.8,2.0,2,true,92,38,38,43,43,0.0,0.9984388601716225,100,0.7605479639463719,1.0,92
2.0,1.5,0.8,2.0,3,true,88,31,31,39,39,1.0,0.9989101285730959,100,0.8571527704044395,1.0,88
2.0,1.5,0.8,2.0,4,true,105,56,56,52,56,0.0,0.9973149248607628,100,0.7293715562965578,1.0,105
2.0,1.5,0.8,2.0,5,true,88,28,32,39,39,0.0,0.9988953301679762,100,0.8449705403843175,1.0,88
2.0,1.5,0.8,2.0,6,true,91,31,31,42,42,1.0,0.9989845000524799,100,0.8413830266097905,1.0,91
2.0,1.5,0.8,2.0,7,true,91,30,30,42,42,0.0,0.9989987297387993,100,0.8241254368014532,1.0,91
2.0,1.5,0.8,2.0,8,true,87,29,29,38,38,1.0,0.9990328674659864,100,0.8584684595469567,1.0,87
2.0,1.5,0.8,2.0,9,true,120,69,69,71,71,1.0,0.9975487258624117,100,0.7618438779423924,1.0,120
2.0,1.5,0.8,2.0,10,true,91,39,39,42,42,1.0,0.9983264257063594,100,0.7624667613915916,1.0,91
2.0,1.5,0.8,2.0,11,true,92,41,41,43,43,1.0,0.9980291699442628,100,0.7591793382508593,1.0,92
2.0,1.5,0.8,2.0,12,true,87,28,28,38,38,1.0,0.9990053839209934,100,0.8582512576470033,1.0,87
2.0,1.5,0.8,2.0,13,true,91,40,40,42,42,1.0,0.9983838751383941,100,0.8135635581594071,1.0,91
2.0,1.5,0.8,2.0,14,true,92,38,37,43,43,1.0,0.9987712617450822,100,0.8233922049239452,1.0,92
2.0,1.5,0.8,2.0,15,true,125,75,76,74,76,1.0,0.9977837655171159,100,0.7437285660436863,1.0,125
2.0,1.5,0.8,2.0,16,true,91,40,41,42,42,1.0,0.9974653551623645,100,0.7604298942549548,1.0,91
2.0,1.5,0.8,2.0,17,true,90,35,35,41,41,1.0,0.998326108093774,100,0.7891644273272048,1.0,90
2.0,1.5,0.8,2.0,18,true,86,24,24,37,37,0.0,0.9992208452916641,100,0.8588481070540611,1.0,86
2.0,1.5,0.8,2.0,19,true,90,30,30,41,41,0.0,0.9987845459173136,100,0.822864677790512,1.0,90
2.0,1.5,0.8,2.0,20,true,89,35,34,40,40,0.0,0.9987398540896426,100,0.8444356272660575,1.0,89
2.0,5.0,0.8,2.0,1,true,85,27,27,36,36,1.0,0.9990254970877152,93,0.8534379147290772,0.93,85
2.0,5.0,0.8,2.0,2,true,94,36,35,45,45,1.0,0.998397302290387,96,0.8539120496347944,0.96,94
2.0,5.0,0.8,2.0,3,false,0,56,58,0,0,1.0,0.9999999999999999,81,0.9999999236910573,0.81,3000
2.0,5.0,0.8,2.0,4,true,83,28,29,34,34,0.0,0.9981194111456773,96,0.8498031372864107,0.96,83
2.0,5.0,0.8,2.0,5,true,82,29,30,33,33,1.0,0.9978376365389791,98,0.8481591762379159,0.98,82
2.0,5.0,0.8,2.0,6,true,81,29,29,32,32,1.0,0.9976254911960613,98,0.8491573893044184,0.98,81
2.0,5.0,0.8,2.0,7,false,0,58,58,0,0,0.0,0.9999999999999999,75,0.9999998942838613,0.75,3000
2.0,5.0,0.8,2.0,8,false,0,45,45,0,0,1.0,0.9999999999999999,89,0.9999999295984506,0.89,3000
2.0,5.0,0.8,2.0,9,true,83,30,31,34,34,1.0,0.997653912019063,97,0.8490079016262283,0.97,83
2.0,5.0,0.8,2.0,10,true,128,44,44,79,79,1.0,0.9999328052180495,91,0.8751353557149619,0.91,128
2.0,5.0,0.8,2.0,11,true,89,39,40,40,40,1.0,0.9972015314009771,94,0.849960950683504,0.94,89
2.0,5.0,0.8,2.0,12,false,0,56,56,0,0,1.0,0.9999999999999999,83,0.9999999249570131,0.83,3000
2.0,5.0,0.8,2.0,13,true,76,25,25,27,27,0.0,0.9976916069696128,98,0.8478436470574419,0.98,76
2.0,5.0,0.8,2.0,14,true,85,30,30,36,36,1.0,0.9987312304135032,98,0.8516112454958179,0.98,85
2.0,5.0,0.8,2.0,15,false,0,66,67,0,0,1.0,0.9999999999999999,83,0.9999998640465688,0.83,3000
2.0,5.0,0.8,2.0,16,false,0,48,47,0,0,0.0,0.9999999999999999,87,0.9999999293791978,0.87,3000
2.0,5.0,0.8,2.0,17,false,0,50,50,0,0,0.0,0.9999999999999999,86,0.9999999291182573,0.86,3000
2.0,5.0,0.8,2.0,18,false,0,58,60,0,0,1.0,0.9999999999999999,82,0.9999998950452026,0.82,3000
2.0,5.0,0.8,2.0,19,true,78,25,25,29,29,0.0,0.9980114293194451,99,0.8478133358104111,0.99,78
2.0,5.0,0.8,2.0,20,true,96,36,38,47,47,0.0,0.9989775647280291,92,0.8577670095269297,0.92,96
2.0,3.0,0.5,2.0,1,true,98,39,39,49,49,1.0,0.9960873919140555,97,0.6377631825347347,0.97,98
2.0,3.0,0.5,2.0,2,true,122,65,67,64,67,0.0,0.998623648864948,99,0.5732485996012595,0.99,122
2.0,3.0,0.5,2.0,3,true,100,44,44,45,48,1.0,0.9982193153932057,97,0.6190437794405731,0.97,100
2.0,3.0,0.5,2.0,4,true,99,42,42,50,50,1.0,0.9984474085688203,99,0.6155827710214206,0.99,99
2.0,3.0,0.5,2.0,5,true,84,35,35,33,35,0.0,0.9904876794308913,99,0.6277833206227192,0.99,84
2.0,3.0,0.5,2.0,6,true,93,40,40,44,44,1.0,0.99870627027005,97,0.6310294926074556,0.97,93
2.0,3.0,0.5,2.0,7,true,115,58,60,59,60,0.0,0.9978193515992757,100,0.5755967060888227,1.0,115
2.0,3.0,0.5,2.0,8,true,101,44,44,52,52,1.0,0.9986703655378167,100,0.5962514226470463,1.0,101
2.0,3.0,0.5,2.0,9,true,102,39,39,53,53,1.0,0.9982139502242012,98,0.6101402754564988,0.98,102
2.0,3.0,0.5,2.0,10,true,111,55,55,58,58,1.0,0.9979936345234445,100,0.5457003419407659,1.0,111
2.0,3.0,0.5,2.0,11,true,106,52,52,48,52,1.0,0.9976275667681154,99,0.6054309715412205,0.99,106
2.0,3.0,0.5,2.0,12,true,101,43,44,52,52,0.0,0.9989316397540925,95,0.6353907465946002,0.95,101
2.0,3.0,0.5,2.0,13,true,100,42,42,47,47,0.0,0.9986718328613142,98,0.6268101368523166,0.98,100
2.0,3.0,0.5,2.0,14,true,88,33,33,39,39,1.0,0.9969955478975929,95,0.6371505231306075,0.95,88
2.0,3.0,0.5,2.0,15,true,83,33,34,28,34,1.0,0.9964685490366003,99,0.6261103243415571,0.99,83
2.0,3.0,0.5,2.0,16,true,90,33,33,33,33,1.0,0.9986218809820189,100,0.6360977252839497,1.0,90
2.0,3.0,0.5,2.0,17,true,82,31,31,32,33,0.0,0.9971007657186192,97,0.6119808167741512,0.97,82
2.0,3.0,0.5,2.0,18,true,89,39,39,40,40,0.0,0.9978207245927118,96,0.6249894287744145,0.96,89
2.0,3.0,0.5,2.0,19,true,85,31,32,31,32,1.0,0.9979930936144263,97,0.6272000360067848,0.97,85
2.0,3.0,0.5,2.0,20,true,106,49,49,51,51,1.0,0.9985108551643633,99,0.5925554344846117,0.99,106
2.0,3.0,1.0,2.0,1,true,113,59,59,64,64,1.0,0.9980966232985281,99,0.769135125343203,0.99,113
2.0,3.0,1.0,2.0,2,true,86,27,27,37,37,0.0,0.9990813328127995,98,1.0,0.98,86
2.0,3.0,1.0,2.0,3,true,109,28,28,60,60,1.0,0.9999083274772238,97,1.0,0.97,109
2.0,3.0,1.0,2.0,4,true,94,29,30,45,45,0.0,0.9994492676876915,97,1.0,0.97,94
2.0,3.0,1.0,2.0,5,true,121,37,37,72,72,1.0,0.9999259582261435,96,0.9952140782939564,0.96,121
2.0,3.0,1.0,2.0,6,true,66,16,16,17,17,0.0,0.9973086222649519,100,1.0,1.0,66
2.0,3.0,1.0,2.0,7,true,117,39,41,68,68,1.0,0.9998477449335996,93,0.9747937389142772,0.93,117
2.0,3.0,1.0,2.0,8,true,92,28,28,43,43,0.0,0.9994393567184707,98,1.0,0.98,92
2.0,3.0,1.0,2.0,9,true,112,59,59,63,63,1.0,0.9985819671902676,98,0.7793839851545883,0.98,112
2.0,3.0,1.0,2.0,10,true,111,62,62,62,62,0.0,0.9971590352634883,100,0.7759760173520895,1.0,111
2.0,3.0,1.0,2.0,11,true,109,55,55,60,60,0.0,0.9984446288725514,100,0.7940448614852759,1.0,109
2.0,3.0,1.0,2.0,12,true,117,65,64,68,68,0.0,0.9982402202646428,99,0.7775878184637063,0.99,117
2.0,3.0,1.0,2.0,13,true,69,16,18,20,20,0.0,0.9968231398559284,99,1.0,0.99,69
2.0,3.0,1.0,2.0,14,true,109,58,58,58,58,1.0,0.9982471029451946,99,0.8119627638266966,0.99,109
2.0,3.0,1.0,2.0,15,true,99,36,36,50,50,0.0,0.9994633129104605,99,1.0,0.99,99
2.0,3.0,1.0,2.0,16,true,118,35,35,69,69,1.0,0.9999189707648598,94,1.0,0.94,118
2.0,3.0,1.0,2.0,17,true,117,30,30,68,68,1.0,0.9999507480601345,98,1.0,0.98,117
2.0,3.0,1.0,2.0,18,true,115,30,30,66,66,0.0,0.9999319739412642,98,1.0,0.98,115
2.0,3.0,1.0,2.0,19,true,108,55,54,59,59,1.0,0.9983130826521305,99,0.7988905908354408,0.99,108
2.0,3.0,1.0,2.0,20,true,106,31,31,57,57,1.0,0.9998213383809029,96,1.0,0.96,106
2.0,3.0,0.8,1.0,1,true,75,24,24,22,24,0.0,0.9974265641020064,97,0.850417674955263,0.97,75
2.0,3.0,0.8,1.0,2,true,105,47,48,56,56,0.0,0.9988864331467446,98,0.8137093351680603,0.98,105
2.0,3.0,0.8,1.0,3,true,100,31,32,51,51,1.0,0.9996211625771748,97,0.8634141597410079,0.97,100
2.0,3.0,0.8,1.0,4,true,101,44,49,52,52,0.0,0.998676757224237,100,0.8506676714111322,1.0,101
2.0,3.0,0.8,1.0,5,true,73,20,20,23,24,0.0,0.9975077490815646,100,0.8485226518169893,1.0,73
2.0,3.0,0.8,1.0,6,true,103,46,46,54,54,0.0,0.9991666046768312,99,0.861395889822479,0.99,103
2.0,3.0,0.8,1.0,7,true,106,38,43,57,57,0.0,0.9994956661001304,98,0.8543435151134697,0.98,106
2.0,3.0,0.8,1.0,8,true,102,40,40,53,53,0.0,0.9994001233855353,100,0.8573307965953398,1.0,102
2.0,3.0,0.8,1.0,9,true,101,43,43,52,52,1.0,0.999107192245428,97,0.8391002413214699,0.97,101
2.0,3.0,0.8,1.0,10,true,75,22,22,21,22,0.0,0.9977581133635778,99,0.8504461758844873,0.99,75
2.0,3.0,0.8,1.0,11,true,99,39,39,50,50,1.0,0.9993811103045854,98,0.8607259805384155,0.98,99
2.0,3.0,0.8,1.0,12,true,97,31,34,48,48,1.0,0.9993686586613518,98,0.8561990629874581,0.98,97
2.0,3.0,0.8,1.0,13,true,91,28,30,42,42,0.0,0.9991841877214798,100,0.8585273205972602,1.0,91
2.0,3.0,0.8,1.0,14,true,94,36,33,45,45,0.0,0.9990835821506123,100,0.8592635453776752,1.0,94
2.0,3.0,0.8,1.0,15,true,71,20,20,21,22,1.0,0.9972651071879257,100,0.846561995852866,1.0,71
2.0,3.0,0.8,1.0,16,true,81,29,29,24,29,0.0,0.9981749985693514,99,0.8538784987079944,0.99,81
2.0,3.0,0.8,1.0,17,true,69,18,19,19,20,0.0,0.9962133717857526,99,0.8466810692508007,0.99,69
2.0,3.0,0.8,1.0,18,true,90,30,31,41,41,1.0,0.9988373295387026,100,0.8579995642333992,1.0,90
2.0,3.0,0.8,1.0,19,true,99,32,41,50,50,0.0,0.9992792532639325,98,0.8612660035292625,0.98,99
2.0,3.0,0.8,1.0,20,true,98,40,40,49,49,0.0,0.9991044644440044,99,0.8551763339168132,0.99,98
2.0,3.0,0.8,4.0,1,true,113,32,32,64,64,0.0,0.9999029706734528,90,0.8746908606805317,0.9,113
2.0,3.0,0.8,4.0,2,true,123,42,42,74,74,1.0,0.9986814168292156,95,0.808254156856672,0.95,123
2.0,3.0,0.8,4.0,3,true,112,48,46,58,59,1.0,0.9986493851705811,97,0.7368377193158525,0.97,112
2.0,3.0,0.8,4.0,4,false,0,33,33,0,0,1.0,0.9999999999999999,88,0.9999999350633442,0.88,3000
2.0,3.0,0.8,4.0,5,true,116,42,42,67,67,1.0,0.9996341831578797,91,0.8586475670069527,0.91,116
2.0,3.0,0.8,4.0,6,true,111,49,51,62,62,1.0,0.9968792456216643,98,0.7166523479039925,0.98,111
2.0,3.0,0.8,4.0,7,false,0,40,40,0,0,1.0,0.9999999999999999,87,0.9999999250929718,0.87,3000
2.0,3.0,0.8,4.0,8,true,113,57,59,62,64,1.0,0.9973991177642155,100,0.6856085026668615,1.0,113
2.0,3.0,0.8,4.0,9,true,79,26,26,22,26,0.0,0.9977027350308237,94,0.8528910995396816,0.94,79
2.0,3.0,0.8,4.0,10,false,0,38,38,0,0,1.0,0.9999999999999999,87,0.9999999313276217,0.87,3000
2.0,3.0,0.8,4.0,11,true,77,25,26,22,26,0.0,0.9977735942265581,96,0.8517682816788447,0.96,77
2.0,3.0,0.8,4.0,12,true,85,31,31,23,31,0.0,0.9978109052763773,95,0.8560474025394774,0.95,85
2.0,3.0,0.8,4.0,13,true,110,40,41,61,61,1.0,0.999651545411496,92,0.8522392100974309,0.92,110
2.0,3.0,0.8,4.0,14,true,77,28,28,25,28,0.0,0.9968209608716819,95,0.8519724816857922,0.95,77
2.0,3.0,0.8,4.0,15,true,134,46,46,85,85,0.0,0.9999501653970709,91,0.8390950901921266,0.91,134
2.0,3.0,0.8,4.0,16,true,122,73,73,68,73,1.0,0.9972875277423726,100,0.7537969248912938,1.0,122
2.0,3.0,0.8,4.0,17,false,0,34,34,0,0,1.0,0.9999999999999999,83,0.9999999343769101,0.83,3000
2.0,3.0,0.8,4.0,18,true,122,45,45,73,73,1.0,0.9998355437715376,91,0.8473885446188384,0.91,122
2.0,3.0,0.8,4.0,19,true,102,34,33,53,53,1.0,0.9996877878152247,92,0.8667595288754523,0.92,102
2.0,3.0,0.8,4.0,20,true,105,36,36,56,56,0.0,0.9997446998977371,91,0.8680367037639334,0.91,105
2.0,1.5,1.0,4.0,1,true,92,28,31,43,43,1.0,0.9991671174887244,100,0.9701295047462153,1.0,92
2.0,1.5,1.0,4.0,2,true,87,25,25,38,38,1.0,0.9992913993836168,100,1.0,1.0,87
2.0,1.5,1.0,4.0,3,true,95,41,41,46,46,1.0,0.9979671547700828,100,0.8071940785738905,1.0,95
2.0,1.5,1.0,4.0,4,true,67,18,17,11,18,1.0,0.9978260400620477,100,1.0,1.0,67
2.0,1.5,1.0,4.0,5,true,95,45,46,46,46,0.0,0.9977003972198988,100,0.7740676133338618,1.0,95
2.0,1.5,1.0,4.0,6,true,99,50,50,46,50,1.0,0.997679443244601,100,0.7482363521658146,1.0,99
2.0,1.5,1.0,4.0,7,true,88,30,30,39,39,1.0,0.9990239553469341,100,0.9691630889640153,1.0,88
2.0,1.5,1.0,4.0,8,true,92,33,33,43,43,0.0,0.9989174859534367,100,0.9234733014570102,1.0,92
2.0,1.5,1.0,4.0,9,true,87,23,24,38,38,0.0,0.9993014634751181,100,1.0,1.0,87
2.0,1.5,1.0,4.0,10,true,92,33,33,43,43,0.0,0.9988543448152001,100,0.928858626839603,1.0,92
2.0,1.5,1.0,4.0,11,true,91,30,32,42,42,1.0,0.9990695754150507,100,0.9441015213848242,1.0,91
2.0,1.5,1.0,4.0,12,true,92,35,35,43,43,1.0,0.9988668707524657,100,0.9085480023793882,1.0,92
2.0,1.5,1.0,4.0,13,true,93,36,36,44,44,0.0,0.9987337833302008,100,0.8782173664272633,1.0,93
2.0,1.5,1.0,4.0,14,true,89,28,28,40,40,1.0,0.9991806827579959,100,1.0,1.0,89
2.0,1.5,1.0,4.0,15,true,92,32,32,43,43,1.0,0.9990675202901568,100,0.9751326603886001,1.0,92
2.0,1.5,1.0,4.0,16,true,95,41,43,46,46,0.0,0.9977612017448603,100,0.7740500018653005,1.0,95
2.0,1.5,1.0,4.0,17,true,91,34,35,42,42,0.0,0.9985923193265773,100,0.8830535263335406,1.0,91
2.0,1.5,1.0,4.0,18,true,88,25,26,39,39,1.0,0.999262924585294,100,0.9949210351438696,1.0,88
2.0,1.5,1.0,4.0,19,true,96,43,43,47,47,0.0,0.9982268816431857,100,0.7715460172440932,1.0,96
2.0,1.5,1.0,4.0,20,true,92,30,30,43,43,0.0,0.9991643189929951,100,0.9649772473952916,1.0,92
2.0,5.0,0.5,1.0,1,true,93,34,34,44,44,0.0,0.9989296846060972,97,0.6328700302651975,0.97,93
2.0,5.0,0.5,1.0,2,true,75,22,22,26,26,0.0,0.998096555808059,100,0.6203997624395203,1.0,75
2.0,5.0,0.5,1.0,3,true,101,41,42,52,52,0.0,0.9989870156909157,94,0.6378008230054797,0.94,101
2.0,5.0,0.5,1.0,4,true,103,39,39,54,54,1.0,0.9995691159388577,92,0.6467557525164186,0.92,103
2.0,5.0,0.5,1.0,5,true,93,34,37,44,44,1.0,0.9985607239305113,97,0.629238809027768,0.97,93
2.0,5.0,0.5,1.0,6,true,84,30,30,35,35,1.0,0.9979645132215949,97,0.6255610424358938,0.97,84
2.0,5.0,0.5,1.0,7,true,100,41,40,51,51,0.0,0.9991371991526299,94,0.6413027242173814,0.94,100
2.0,5.0,0.5,1.0,8,true,97,38,39,48,48,0.0,0.998464008434094,98,0.6300475860702867,0.98,97
2.0,5.0,0.5,1.0,9,true,90,32,32,41,41,0.0,0.9989383655582514,97,0.6326491253672057,0.97,90
2.0,5.0,0.5,1.0,10,true,99,42,42,50,50,0.0,0.9989776632887676,93,0.6364854403971656,0.93,99
2.0,5.0,0.5,1.0,11,true,96,38,39,47,47,1.0,0.9990017388915372,94,0.6382660611583555,0.94,96
2.0,5.0,0.5,1.0,12,true,103,43,43,54,54,1.0,0.9990650731238566,92,0.622982723383165,0.92,103
2.0,5.0,0.5,1.0,13,true,93,36,36,44,44,1.0,0.9989646239593932,94,0.6287102569714014,0.94,93
2.0,5.0,0.5,1.0,14,true,102,39,41,53,53,1.0,0.999210169408814,94,0.6420208555021567,0.94,102
2.0,5.0,0.5,1.0,15,true,107,48,48,58,58,0.0,0.9991505991497287,94,0.628689979321762,0.94,107
2.0,5.0,0.5,1.0,16,true,118,52,52,69,69,0.0,0.9995179332768774,92,0.640193401875884,0.92,118
2.0,5.0,0.5,1.0,17,true,98,35,35,49,49,1.0,0.9993483245339161,94,0.6404023280817794,0.94,98
2.0,5.0,0.5,1.0,18,false,0,46,46,0,0,1.0,0.9999999999999999,89,0.9999998141888504,0.89,3000
2.0,5.0,0.5,1.0,19,true,81,27,27,32,32,0.0,0.997890804300742,99,0.622421686120998,0.99,81
2.0,5.0,0.5,1.0,20,true,96,36,38,47,47,0.0,0.9986896558086038,96,0.6299606359594125,0.96,96
