label,Phi,theta_crystal,sigma_0,k,tick,fraction_A,coordination_rate,n_uncr,n_cryst_A,n_cryst_B,new_cryst_A,new_cryst_B,dissolutions,bexp_all,beff_all,C_all,sigma_crA,sigma_crB,anom_crA,anom_crB,e_uncr_mean,e_uncr_abs_mean,num_enforcements,convergence_counter
baseline,0.0,3.0,0.8,2.0,1,0.49,0.58,100,0,0,0,0,0,0.49,0.5,0.458,NaN,NaN,NaN,NaN,0.011,0.542,0,0
baseline,0.0,3.0,0.8,2.0,2,0.49,0.38,100,0,0,0,0,0,0.49,0.49,0.3916,NaN,NaN,NaN,NaN,0.01,0.736,0,0
baseline,0.0,3.0,0.8,2.0,3,0.48,0.44,100,0,0,0,0,0,0.4733,0.49,0.3701,NaN,NaN,NaN,NaN,-0.004,0.76,0,0
baseline,0.0,3.0,0.8,2.0,4,0.41,0.5,100,0,0,0,0,0,0.4508,0.4733,0.3397,NaN,NaN,NaN,NaN,-0.065,0.862,0,0
baseline,0.0,3.0,0.8,2.0,5,0.52,0.44,100,0,0,0,0,0,0.4525,0.4508,0.3138,NaN,NaN,NaN,NaN,-0.129,0.99,0,0
baseline,0.0,3.0,0.8,2.0,6,0.44,0.56,98,1,1,1,1,0,0.4767,0.4525,0.3019,0.8,0.8,0.0,0.0,-0.151,1.033,0,0
baseline,0.0,3.0,0.8,2.0,7,0.55,0.54,98,1,1,0,0,0,0.4792,0.4767,0.2899,0.801,0.801,0.0,0.0,-0.181,1.133,0,0
baseline,0.0,3.0,0.8,2.0,8,0.53,0.42,96,2,2,1,1,0,0.5108,0.4792,0.2734,0.8005,0.8005,0.5,0.5,-0.161,1.221,0,0
baseline,0.0,3.0,0.8,2.0,9,0.6,0.56,92,4,4,2,2,0,0.5633,0.5103,0.2643,0.8007,0.8005,0.25,0.5,-0.077,1.263,0,0
baseline,0.0,3.0,0.8,2.0,10,0.57,0.5,87,7,6,3,2,0,0.5692,0.5591,0.2616,0.8009,0.8005,0.29,0.83,-0.034,1.291,0,0
baseline,0.0,3.0,0.8,2.0,11,0.56,0.52,83,9,8,2,2,0,0.5733,0.5596,0.2744,0.8011,0.8007,0.56,1.0,0.04,1.296,0,0
baseline,0.0,3.0,0.8,2.0,12,0.47,0.54,77,12,11,3,3,0,0.5308,0.5621,0.2676,0.8013,0.801,0.67,1.0,0.092,1.219,0,0
baseline,0.0,3.0,0.8,2.0,13,0.54,0.52,76,13,11,1,0,0,0.515,0.5292,0.2732,0.8016,0.8014,1.15,1.64,0.053,1.254,0,0
baseline,0.0,3.0,0.8,2.0,14,0.54,0.56,73,15,12,2,1,0,0.5142,0.515,0.2765,0.8019,0.8016,1.4,2.08,0.009,1.26,0,0
baseline,0.0,3.0,0.8,2.0,15,0.51,0.54,71,16,13,1,1,0,0.5392,0.5121,0.2719,0.8023,0.8018,1.69,2.54,0.027,1.314,0,0
baseline,0.0,3.0,0.8,2.0,16,0.52,0.48,70,17,13,1,0,0,0.5133,0.5323,0.2683,0.8025,0.8024,2.18,2.92,0.009,1.394,0,0
baseline,0.0,3.0,0.8,2.0,17,0.55,0.54,68,18,14,1,1,0,0.5375,0.5279,0.2646,0.8029,0.8026,2.5,3.21,0.102,1.445,0,0
baseline,0.0,3.0,0.8,2.0,18,0.62,0.6,63,22,15,4,1,0,0.5692,0.559,0.2627,0.8029,0.8027,2.32,3.67,0.062,1.388,0,0
baseline,0.0,3.0,0.8,2.0,19,0.56,0.36,61,24,15,2,0,0,0.5975,0.5757,0.2425,0.8031,0.8029,2.62,4.47,0.039,1.284,0,0
baseline,0.0,3.0,0.8,2.0,20,0.58,0.48,56,28,16,4,1,0,0.5867,0.5852,0.2495,0.8032,0.8032,2.54,4.69,-0.087,1.135,0,0
baseline,0.0,3.0,0.8,2.0,21,0.59,0.46,54,29,17,1,1,0,0.5783,0.5781,0.2522,0.8037,0.8033,2.76,5.06,-0.084,1.198,0,0
baseline,0.0,3.0,0.8,2.0,22,0.48,0.52,52,29,19,0,2,0,0.5558,0.5757,0.2527,0.8043,0.7442,3.21,3.84,0.063,1.251,0,0
baseline,0.0,3.0,0.8,2.0,23,0.57,0.46,52,29,19,0,0,0,0.525,0.576,0.2451,0.8047,0.7151,3.72,3.95,0.06,1.252,0,0
baseline,0.0,3.0,0.8,2.0,24,0.49,0.54,51,29,20,0,1,0,0.5267,0.5614,0.2602,0.8054,0.7201,4.07,4.05,0.144,1.229,0,0
baseline,0.0,3.0,0.8,2.0,25,0.6,0.56,49,30,21,1,1,0,0.545,0.559,0.2627,0.7871,0.7248,3.87,4.19,0.214,1.159,0,0
baseline,0.0,3.0,0.8,2.0,26,0.55,0.58,48,30,22,0,1,0,0.5475,0.5664,0.2639,0.7688,0.6775,3.97,3.64,0.336,1.176,0,0
baseline,0.0,3.0,0.8,2.0,27,0.57,0.5,48,30,22,0,0,0,0.5667,0.564,0.2612,0.7128,0.6524,3.53,3.82,0.448,1.258,0,0
baseline,0.0,3.0,0.8,2.0,28,0.64,0.56,45,33,22,3,0,0,0.605,0.5731,0.2711,0.7218,0.6276,3.42,3.86,0.417,1.25,0,0
baseline,0.0,3.0,0.8,2.0,29,0.63,0.5,44,34,22,1,0,0,0.6392,0.6121,0.2766,0.725,0.6282,3.62,4.5,0.492,1.398,0,0
baseline,0.0,3.0,0.8,2.0,30,0.64,0.48,39,38,23,4,1,0,0.625,0.6369,0.2762,0.7187,0.6121,3.34,4.39,0.514,1.273,0,0
baseline,0.0,3.0,0.8,2.0,31,0.63,0.62,39,38,23,0,0,0,0.6358,0.6373,0.2765,0.7046,0.588,3.47,4.61,0.756,1.395,0,0
baseline,0.0,3.0,0.8,2.0,32,0.62,0.44,36,41,23,3,0,0,0.6483,0.6527,0.2747,0.7126,0.5395,3.56,4.39,0.801,1.408,0,0
baseline,0.0,3.0,0.8,2.0,33,0.65,0.58,33,44,23,3,0,0,0.6408,0.673,0.2856,0.7196,0.5403,3.57,5.0,0.753,1.307,0,0
baseline,0.0,3.0,0.8,2.0,34,0.68,0.44,30,47,23,3,0,0,0.6617,0.6708,0.2715,0.7135,0.4914,3.51,4.91,0.686,1.227,0,0
baseline,0.0,3.0,0.8,2.0,35,0.68,0.6,29,48,23,1,0,0,0.68,0.7035,0.2824,0.7044,0.4674,3.5,5.13,0.82,1.326,0,0
baseline,0.0,3.0,0.8,2.0,36,0.73,0.54,26,51,23,3,0,0,0.6783,0.7263,0.2988,0.7,0.4192,3.35,4.96,0.778,1.234,0,0
baseline,0.0,3.0,0.8,2.0,37,0.74,0.72,26,52,22,1,0,1,0.7408,0.7266,0.3247,0.703,0.4274,3.48,5.45,0.933,1.262,0,0
baseline,0.0,3.0,0.8,2.0,38,0.75,0.58,25,54,21,2,0,1,0.7497,0.7621,0.3316,0.7075,0.3829,3.67,5.19,1.01,1.293,0,0
baseline,0.0,3.0,0.8,2.0,39,0.85,0.74,20,60,20,6,0,1,0.805,0.7775,0.3545,0.718,0.3612,3.4,5.25,0.772,1.11,0,0
baseline,0.0,3.0,0.8,2.0,40,0.79,0.66,20,61,19,1,0,1,0.8092,0.8304,0.3667,0.7017,0.3074,3.21,4.74,0.968,1.233,0,0
baseline,0.0,3.0,0.8,2.0,41,0.86,0.84,21,62,17,1,0,2,0.8358,0.8492,0.4089,0.6955,0.3147,3.06,4.94,1.147,1.255,0,0
baseline,0.0,3.0,0.8,2.0,42,0.85,0.78,17,66,17,4,0,0,0.8458,0.8597,0.4279,0.7031,0.3147,2.98,5.88,1.035,1.172,0,0
baseline,0.0,3.0,0.8,2.0,43,0.86,0.76,17,66,17,0,0,0,0.8868,0.8718,0.447,0.7044,0.2813,3.14,6.29,1.351,1.428,0,0
baseline,0.0,3.0,0.8,2.0,44,0.92,0.88,19,68,13,2,0,4,0.8908,0.9052,0.4781,0.7085,0.2883,3.12,6.38,1.188,1.188,0,0
baseline,0.0,3.0,0.8,2.0,45,0.89,0.82,20,70,10,2,0,3,0.8958,0.9177,0.508,0.7125,0.2454,3.07,5.2,1.239,1.239,0,0
baseline,0.0,3.0,0.8,2.0,46,0.95,0.9,19,73,8,3,0,2,0.9035,0.9226,0.5411,0.7173,0.2452,3.01,5.25,1.254,1.254,0,0
baseline,0.0,3.0,0.8,2.0,47,0.93,0.9,18,74,8,1,0,0,0.9333,0.9302,0.5676,0.712,0.2457,2.91,6.12,1.611,1.611,0,0
baseline,0.0,3.0,0.8,2.0,48,0.95,0.9,17,77,6,3,0,2,0.948,0.9514,0.5992,0.7092,0.2458,2.7,6.17,1.622,1.622,0,0
baseline,0.0,3.0,0.8,2.0,49,0.95,0.9,15,80,5,3,0,1,0.944,0.9633,0.6268,0.714,0.2464,2.66,6.6,1.578,1.578,0,0
baseline,0.0,3.0,0.8,2.0,50,0.96,0.92,14,82,4,2,0,1,0.9525,0.9627,0.6549,0.7174,0.246,2.63,7.0,1.553,1.553,0,0
baseline,0.0,3.0,0.8,2.0,51,0.98,0.96,12,85,3,3,0,1,0.9597,0.9702,0.6847,0.7217,0.2461,2.56,7.33,1.382,1.382,0,0
baseline,0.0,3.0,0.8,2.0,52,0.97,0.94,11,87,2,2,0,1,0.9655,0.9796,0.7091,0.7248,0.2442,2.54,7.5,1.255,1.255,0,0
baseline,0.0,3.0,0.8,2.0,53,1.0,1.0,11,87,2,0,0,0,0.975,0.9837,0.7382,0.7262,0.2442,2.54,8.5,1.517,1.517,0,0
baseline,0.0,3.0,0.8,2.0,54,0.99,0.98,12,87,1,0,0,1,0.9842,0.9868,0.7619,0.7275,0.2415,2.55,9.0,1.623,1.623,0,0
baseline,0.0,3.0,0.8,2.0,55,1.0,1.0,12,88,0,1,0,1,0.99,0.9926,0.7857,0.7297,NaN,2.52,NaN,1.599,1.599,0,0
baseline,0.0,3.0,0.8,2.0,56,0.99,0.98,11,89,0,1,0,0,0.995,0.9952,0.8047,0.7318,NaN,2.49,NaN,1.699,1.699,0,0
baseline,0.0,3.0,0.8,2.0,57,1.0,1.0,11,89,0,0,0,0,0.995,0.9967,0.8242,0.7332,NaN,2.49,NaN,1.895,1.895,0,0
baseline,0.0,3.0,0.8,2.0,58,0.99,0.98,10,90,0,1,0,0,0.995,0.9967,0.8393,0.7352,NaN,2.48,NaN,1.962,1.962,0,1
baseline,0.0,3.0,0.8,2.0,59,1.0,1.0,9,91,0,1,0,0,0.995,0.9966,0.8554,0.7372,NaN,2.45,NaN,2.017,2.017,0,2
baseline,0.0,3.0,0.8,2.0,60,1.0,1.0,9,91,0,0,0,0,0.9975,0.9966,0.8698,0.7385,NaN,2.45,NaN,2.179,2.179,0,3
baseline,0.0,3.0,0.8,2.0,61,1.0,1.0,8,92,0,1,0,0,0.9975,0.9991,0.8829,0.7405,NaN,2.42,NaN,2.23,2.23,0,4
baseline,0.0,3.0,0.8,2.0,62,1.0,1.0,8,92,0,0,0,0,1.0,0.9991,0.8946,0.7418,NaN,2.42,NaN,2.346,2.346,0,5
baseline,0.0,3.0,0.8,2.0,63,1.0,1.0,8,92,0,0,0,0,1.0,1.0,0.9051,0.7431,NaN,2.42,NaN,2.45,2.45,0,6
baseline,0.0,3.0,0.8,2.0,64,1.0,1.0,8,92,0,0,0,0,1.0,1.0,0.9146,0.7444,NaN,2.42,NaN,2.544,2.544,0,7
baseline,0.0,3.0,0.8,2.0,65,1.0,1.0,7,93,0,1,0,0,1.0,1.0,0.9231,0.7462,NaN,2.4,NaN,2.56,2.56,0,8
baseline,0.0,3.0,0.8,2.0,66,1.0,1.0,6,94,0,1,0,0,1.0,1.0,0.9308,0.7481,NaN,2.37,NaN,2.566,2.566,0,9
baseline,0.0,3.0,0.8,2.0,67,1.0,1.0,4,96,0,2,0,0,1.0,1.0,0.9377,0.7504,NaN,2.32,NaN,2.421,2.421,0,10
baseline,0.0,3.0,0.8,2.0,68,1.0,1.0,4,96,0,0,0,0,1.0,1.0,0.944,0.7516,NaN,2.32,NaN,2.47,2.47,0,11
baseline,0.0,3.0,0.8,2.0,69,1.0,1.0,4,96,0,0,0,0,1.0,1.0,0.9496,0.7529,NaN,2.32,NaN,2.515,2.515,0,12
baseline,0.0,3.0,0.8,2.0,70,1.0,1.0,4,96,0,0,0,0,1.0,1.0,0.9546,0.7541,NaN,2.32,NaN,2.555,2.555,0,13
baseline,0.0,3.0,0.8,2.0,71,1.0,1.0,4,96,0,0,0,0,1.0,1.0,0.9592,0.7553,NaN,2.32,NaN,2.591,2.591,0,14
baseline,0.0,3.0,0.8,2.0,72,1.0,1.0,4,96,0,0,0,0,1.0,1.0,0.9632,0.7566,NaN,2.32,NaN,2.624,2.624,0,15
baseline,0.0,3.0,0.8,2.0,73,1.0,1.0,4,96,0,0,0,0,1.0,1.0,0.9669,0.7578,NaN,2.32,NaN,2.653,2.653,0,16
baseline,0.0,3.0,0.8,2.0,74,1.0,1.0,4,96,0,0,0,0,1.0,1.0,0.9702,0.759,NaN,2.32,NaN,2.679,2.679,0,17
baseline,0.0,3.0,0.8,2.0,75,1.0,1.0,4,96,0,0,0,0,1.0,1.0,0.9732,0.7602,NaN,2.32,NaN,2.703,2.703,0,18
baseline,0.0,3.0,0.8,2.0,76,1.0,1.0,4,96,0,0,0,0,1.0,1.0,0.9759,0.7614,NaN,2.32,NaN,2.724,2.724,0,19
baseline,0.0,3.0,0.8,2.0,77,1.0,1.0,4,96,0,0,0,0,1.0,1.0,0.9783,0.7626,NaN,2.32,NaN,2.744,2.744,0,20
baseline,0.0,3.0,0.8,2.0,78,1.0,1.0,4,96,0,0,0,0,1.0,1.0,0.9805,0.7638,NaN,2.32,NaN,2.761,2.761,0,21
baseline,0.0,3.0,0.8,2.0,79,1.0,1.0,4,96,0,0,0,0,1.0,1.0,0.9824,0.765,NaN,2.32,NaN,2.776,2.776,0,22
baseline,0.0,3.0,0.8,2.0,80,1.0,1.0,4,96,0,0,0,0,1.0,1.0,0.9842,0.7661,NaN,2.32,NaN,2.79,2.79,0,23
baseline,0.0,3.0,0.8,2.0,81,1.0,1.0,4,96,0,0,0,0,1.0,1.0,0.9858,0.7673,NaN,2.32,NaN,2.803,2.803,0,24
baseline,0.0,3.0,0.8,2.0,82,1.0,1.0,4,96,0,0,0,0,1.0,1.0,0.9872,0.7685,NaN,2.32,NaN,2.814,2.814,0,25
baseline,0.0,3.0,0.8,2.0,83,1.0,1.0,4,96,0,0,0,0,1.0,1.0,0.9885,0.7696,NaN,2.32,NaN,2.824,2.824,0,26
baseline,0.0,3.0,0.8,2.0,84,1.0,1.0,4,96,0,0,0,0,1.0,1.0,0.9896,0.7708,NaN,2.32,NaN,2.834,2.834,0,27
baseline,0.0,3.0,0.8,2.0,85,1.0,1.0,3,97,0,1,0,0,1.0,1.0,0.9907,0.7722,NaN,2.3,NaN,2.788,2.788,0,28
baseline,0.0,3.0,0.8,2.0,86,1.0,1.0,3,97,0,0,0,0,1.0,1.0,0.9916,0.7733,NaN,2.3,NaN,2.796,2.796,0,29
baseline,0.0,3.0,0.8,2.0,87,1.0,1.0,3,97,0,0,0,0,1.0,1.0,0.9924,0.7745,NaN,2.3,NaN,2.803,2.803,0,30
baseline,0.0,3.0,0.8,2.0,88,1.0,1.0,3,97,0,0,0,0,1.0,1.0,0.9932,0.7756,NaN,2.3,NaN,2.809,2.809,0,31
baseline,0.0,3.0,0.8,2.0,89,1.0,1.0,3,97,0,0,0,0,1.0,1.0,0.9939,0.7767,NaN,2.3,NaN,2.815,2.815,0,32
baseline,0.0,3.0,0.8,2.0,90,1.0,1.0,3,97,0,0,0,0,1.0,1.0,0.9945,0.7778,NaN,2.3,NaN,2.82,2.82,0,33
baseline,0.0,3.0,0.8,2.0,91,1.0,1.0,3,97,0,0,0,0,1.0,1.0,0.995,0.779,NaN,2.3,NaN,2.825,2.825,0,34
baseline,0.0,3.0,0.8,2.0,92,1.0,1.0,3,97,0,0,0,0,1.0,1.0,0.9955,0.7801,NaN,2.3,NaN,2.829,2.829,0,35
baseline,0.0,3.0,0.8,2.0,93,1.0,1.0,3,97,0,0,0,0,1.0,1.0,0.996,0.7812,NaN,2.3,NaN,2.833,2.833,0,36
baseline,0.0,3.0,0.8,2.0,94,1.0,1.0,3,97,0,0,0,0,1.0,1.0,0.9964,0.7823,NaN,2.3,NaN,2.836,2.836,0,37
baseline,0.0,3.0,0.8,2.0,95,1.0,1.0,3,97,0,0,0,0,1.0,1.0,0.9967,0.7833,NaN,2.3,NaN,2.839,2.839,0,38
baseline,0.0,3.0,0.8,2.0,96,1.0,1.0,3,97,0,0,0,0,1.0,1.0,0.9971,0.7844,NaN,2.3,NaN,2.842,2.842,0,39
baseline,0.0,3.0,0.8,2.0,97,1.0,1.0,3,97,0,0,0,0,1.0,1.0,0.9974,0.7855,NaN,2.3,NaN,2.844,2.844,0,40
baseline,0.0,3.0,0.8,2.0,98,1.0,1.0,3,97,0,0,0,0,1.0,1.0,0.9976,0.7866,NaN,2.3,NaN,2.847,2.847,0,41
baseline,0.0,3.0,0.8,2.0,99,1.0,1.0,3,97,0,0,0,0,1.0,1.0,0.9979,0.7876,NaN,2.3,NaN,2.849,2.849,0,42
baseline,0.0,3.0,0.8,2.0,100,1.0,1.0,3,97,0,0,0,0,1.0,1.0,0.9981,0.7887,NaN,2.3,NaN,2.85,2.85,0,43
baseline,0.0,3.0,0.8,2.0,101,1.0,1.0,3,97,0,0,0,0,1.0,1.0,0.9983,0.7898,NaN,2.3,NaN,2.852,2.852,0,44
baseline,0.0,3.0,0.8,2.0,102,1.0,1.0,3,97,0,0,0,0,1.0,1.0,0.9984,0.7908,NaN,2.3,NaN,2.853,2.853,0,45
baseline,0.0,3.0,0.8,2.0,103,1.0,1.0,3,97,0,0,0,0,1.0,1.0,0.9986,0.7919,NaN,2.3,NaN,2.855,2.855,0,46
baseline,0.0,3.0,0.8,2.0,104,1.0,1.0,3,97,0,0,0,0,1.0,1.0,0.9987,0.7929,NaN,2.3,NaN,2.856,2.856,0,47
baseline,0.0,3.0,0.8,2.0,105,1.0,1.0,3,97,0,0,0,0,1.0,1.0,0.9989,0.7939,NaN,2.3,NaN,2.857,2.857,0,48
baseline,0.0,3.0,0.8,2.0,106,1.0,1.0,3,97,0,0,0,0,1.0,1.0,0.999,0.795,NaN,2.3,NaN,2.858,2.858,0,49
baseline,0.0,3.0,0.8,2.0,107,1.0,1.0,3,97,0,0,0,0,1.0,1.0,0.9991,0.796,NaN,2.3,NaN,2.859,2.859,0,50
easy_fast,0.0,1.5,1.0,4.0,1,0.49,0.58,100,0,0,0,0,0,0.49,0.5,0.458,NaN,NaN,NaN,NaN,0.011,0.542,0,0
easy_fast,0.0,1.5,1.0,4.0,2,0.49,0.38,100,0,0,0,0,0,0.49,0.49,0.3916,NaN,NaN,NaN,NaN,0.01,0.736,0,0
easy_fast,0.0,1.5,1.0,4.0,3,0.48,0.44,94,4,2,4,2,0,0.4733,0.49,0.3701,1.0,1.0,0.0,0.0,-0.042,0.696,0,0
easy_fast,0.0,1.5,1.0,4.0,4,0.41,0.5,83,8,9,4,7,0,0.4508,0.4733,0.3397,1.0,1.0,0.25,0.11,-0.073,0.678,0,0
easy_fast,0.0,1.5,1.0,4.0,5,0.51,0.46,76,10,14,2,5,0,0.4475,0.4542,0.315,1.0,1.0,0.7,0.29,-0.083,0.706,0,0
easy_fast,0.0,1.5,1.0,4.0,6,0.46,0.56,69,13,18,3,4,0,0.4775,0.4542,0.3012,1.0,1.0,0.69,0.61,-0.075,0.681,0,0
easy_fast,0.0,1.5,1.0,4.0,7,0.53,0.46,60,16,24,3,6,0,0.4742,0.4725,0.273,1.0,1.0,1.12,0.88,-0.035,0.632,0,0
easy_fast,0.0,1.5,1.0,4.0,8,0.52,0.6,56,19,25,3,1,0,0.5058,0.4575,0.2718,1.0,1.0,1.16,1.16,-0.072,0.706,0,0
easy_fast,0.0,1.5,1.0,4.0,9,0.48,0.56,48,22,30,3,5,0,0.5003,0.4683,0.2654,1.0,1.0,1.41,1.4,-0.041,0.654,0,0
easy_fast,0.0,1.5,1.0,4.0,10,0.47,0.54,44,25,31,3,1,0,0.4888,0.4633,0.2721,1.0,1.0,1.6,1.77,-0.191,0.713,0,0
easy_fast,0.0,1.5,1.0,4.0,11,0.4,0.6,36,26,38,1,7,0,0.4392,0.445,0.268,1.0,1.0,2.19,1.84,-0.108,0.712,0,0
easy_fast,0.0,1.5,1.0,4.0,12,0.43,0.46,26,29,45,3,7,0,0.42,0.4233,0.2632,1.0,1.0,2.45,2.0,-0.006,0.591,0,0
easy_fast,0.0,1.5,1.0,4.0,13,0.42,0.48,25,29,46,0,1,0,0.4225,0.405,0.2605,1.0,1.0,3.0,2.43,-0.152,0.698,0,0
easy_fast,0.0,1.5,1.0,4.0,14,0.4,0.56,22,31,47,2,1,0,0.4083,0.3775,0.2708,1.0,1.0,3.26,2.68,-0.481,0.792,0,0
easy_fast,0.0,1.5,1.0,4.0,15,0.36,0.6,17,31,52,0,5,0,0.3908,0.3775,0.2761,0.9774,1.0,3.52,2.75,-0.347,0.699,0,0
easy_fast,0.0,1.5,1.0,4.0,16,0.37,0.46,12,32,56,1,4,0,0.3625,0.3734,0.2656,0.9782,1.0,4.06,2.95,-0.397,0.594,0,0
easy_fast,0.0,1.5,1.0,4.0,17,0.37,0.54,11,32,57,0,1,0,0.36,0.3584,0.2681,0.9782,1.0,4.72,3.25,-0.405,0.575,0,0
easy_fast,0.0,1.5,1.0,4.0,18,0.39,0.42,10,32,58,0,1,0,0.38,0.3617,0.248,0.9127,1.0,4.56,3.67,-0.362,0.81,0,0
easy_fast,0.0,1.5,1.0,4.0,19,0.34,0.52,10,32,58,0,0,0,0.3592,0.332,0.2548,0.891,0.9879,4.94,3.84,-0.53,0.978,0,0
easy_fast,0.0,1.5,1.0,4.0,20,0.33,0.46,7,32,61,0,3,0,0.3417,0.3269,0.2463,0.8692,0.9886,5.44,4.05,-0.251,0.483,0,0
easy_fast,0.0,1.5,1.0,4.0,21,0.31,0.66,7,32,61,0,0,0,0.3183,0.3104,0.2696,0.8475,0.9771,5.72,4.15,-0.463,0.83,0,0
easy_fast,0.0,1.5,1.0,4.0,22,0.3,0.48,6,32,62,0,1,0,0.3058,0.302,0.2669,0.6946,0.9775,4.34,4.47,-0.852,1.28,0,0
easy_fast,0.0,1.5,1.0,4.0,23,0.22,0.68,2,32,66,0,4,0,0.2642,0.2374,0.2915,0.6294,0.9789,4.12,4.36,-0.486,0.821,0,0
easy_fast,0.0,1.5,1.0,4.0,24,0.19,0.62,2,32,66,0,0,0,0.2225,0.1977,0.3024,0.5641,0.9684,4.09,4.44,-0.486,0.821,0,0
easy_fast,0.0,1.5,1.0,4.0,25,0.18,0.72,1,32,67,0,1,0,0.18,0.1862,0.3276,0.4989,0.9586,3.97,4.4,0.335,0.335,0,0
easy_fast,0.0,1.5,1.0,4.0,26,0.15,0.74,1,32,67,0,0,0,0.185,0.1407,0.3551,0.4557,0.9483,4.16,4.37,0.335,0.335,0,0
easy_fast,0.0,1.5,1.0,4.0,27,0.15,0.74,1,32,67,0,0,0,0.1508,0.1366,0.3804,0.4124,0.9381,4.38,4.37,0.335,0.335,0,0
easy_fast,0.0,1.5,1.0,4.0,28,0.1,0.8,1,32,67,0,0,0,0.1358,0.1217,0.408,0.3253,0.928,4.03,4.33,-0.554,0.554,0,0
easy_fast,0.0,1.5,1.0,4.0,29,0.07,0.86,3,30,67,0,0,2,0.087,0.0762,0.4424,0.303,0.9179,4.37,4.28,-0.451,0.451,0,0
easy_fast,0.0,1.5,1.0,4.0,30,0.05,0.9,2,30,68,0,1,0,0.0675,0.0306,0.4856,0.303,0.9195,5.37,4.29,-0.565,0.565,0,0
easy_fast,0.0,1.5,1.0,4.0,31,0.03,0.94,3,29,68,0,0,1,0.05,0.0124,0.5321,0.3034,0.9199,6.17,4.31,-0.716,0.716,0,0
easy_fast,0.0,1.5,1.0,4.0,32,0.01,0.98,7,24,69,0,1,5,0.0308,0.0173,0.5751,0.3026,0.9214,6.58,4.26,-0.205,0.205,0,0
easy_fast,0.0,1.5,1.0,4.0,33,0.01,0.98,13,18,69,0,0,6,0.0142,0.0119,0.6126,0.3017,0.9117,6.78,4.13,-0.34,0.34,0,0
easy_fast,0.0,1.5,1.0,4.0,34,0.0,1.0,16,14,70,0,1,4,0.0058,0.0073,0.6514,0.3015,0.9134,7.14,4.07,-0.504,0.504,0,0
easy_fast,0.0,1.5,1.0,4.0,35,0.0,1.0,17,11,72,0,2,3,0.0058,0.0045,0.6862,0.3013,0.9162,7.64,3.96,-0.622,0.622,0,0
easy_fast,0.0,1.5,1.0,4.0,36,0.0,1.0,18,8,74,0,2,3,0.0025,0.0042,0.7176,0.3009,0.9189,8.12,3.85,-0.686,0.686,0,0
easy_fast,0.0,1.5,1.0,4.0,37,0.0,1.0,21,5,74,0,0,3,0.0,0.0031,0.7458,0.3007,0.9193,8.6,3.85,-0.837,0.837,0,0
easy_fast,0.0,1.5,1.0,4.0,38,0.0,1.0,19,2,79,0,5,3,0.0,0.0004,0.7713,0.3017,0.9248,9.0,3.61,-0.801,0.801,0,0
easy_fast,0.0,1.5,1.0,4.0,39,0.0,1.0,15,0,85,0,6,2,0.0,0.0002,0.7941,NaN,0.9304,NaN,3.35,-0.71,0.71,0,0
easy_fast,0.0,1.5,1.0,4.0,40,0.0,1.0,14,0,86,0,1,0,0.0,0.0,0.8147,NaN,0.9316,NaN,3.31,-0.93,0.93,0,0
easy_fast,0.0,1.5,1.0,4.0,41,0.0,1.0,10,0,90,0,4,0,0.0,0.0,0.8332,NaN,0.935,NaN,3.17,-0.997,0.997,0,1
easy_fast,0.0,1.5,1.0,4.0,42,0.0,1.0,8,0,92,0,2,0,0.0,0.0,0.8499,NaN,0.9367,NaN,3.1,-1.134,1.134,0,2
easy_fast,0.0,1.5,1.0,4.0,43,0.0,1.0,6,0,94,0,2,0,0.0,0.0,0.8649,NaN,0.9383,NaN,3.03,-1.277,1.277,0,3
easy_fast,0.0,1.5,1.0,4.0,44,0.0,1.0,4,0,96,0,2,0,0.0,0.0,0.8784,NaN,0.9399,NaN,2.97,-1.403,1.403,0,4
easy_fast,0.0,1.5,1.0,4.0,45,0.0,1.0,1,0,99,0,3,0,0.0,0.0,0.8906,NaN,0.942,NaN,2.88,-1.441,1.441,0,5
easy_fast,0.0,1.5,1.0,4.0,46,0.0,1.0,0,0,100,0,1,0,0.0,0.0,0.9015,NaN,0.9429,NaN,2.85,NaN,NaN,0,6
easy_fast,0.0,1.5,1.0,4.0,47,0.0,1.0,0,0,100,0,0,0,0.0,0.0,0.9114,NaN,0.9432,NaN,2.85,NaN,NaN,0,7
easy_fast,0.0,1.5,1.0,4.0,48,0.0,1.0,0,0,100,0,0,0,0.0,0.0,0.9202,NaN,0.9435,NaN,2.85,NaN,NaN,0,8
easy_fast,0.0,1.5,1.0,4.0,49,0.0,1.0,0,0,100,0,0,0,0.0,0.0,0.9282,NaN,0.9438,NaN,2.85,NaN,NaN,0,9
easy_fast,0.0,1.5,1.0,4.0,50,0.0,1.0,0,0,100,0,0,0,0.0,0.0,0.9354,NaN,0.944,NaN,2.85,NaN,NaN,0,10
easy_fast,0.0,1.5,1.0,4.0,51,0.0,1.0,0,0,100,0,0,0,0.0,0.0,0.9419,NaN,0.9443,NaN,2.85,NaN,NaN,0,11
easy_fast,0.0,1.5,1.0,4.0,52,0.0,1.0,0,0,100,0,0,0,0.0,0.0,0.9477,NaN,0.9446,NaN,2.85,NaN,NaN,0,12
easy_fast,0.0,1.5,1.0,4.0,53,0.0,1.0,0,0,100,0,0,0,0.0,0.0,0.9529,NaN,0.9449,NaN,2.85,NaN,NaN,0,13
easy_fast,0.0,1.5,1.0,4.0,54,0.0,1.0,0,0,100,0,0,0,0.0,0.0,0.9576,NaN,0.9452,NaN,2.85,NaN,NaN,0,14
easy_fast,0.0,1.5,1.0,4.0,55,0.0,1.0,0,0,100,0,0,0,0.0,0.0,0.9619,NaN,0.9454,NaN,2.85,NaN,NaN,0,15
easy_fast,0.0,1.5,1.0,4.0,56,0.0,1.0,0,0,100,0,0,0,0.0,0.0,0.9657,NaN,0.9457,NaN,2.85,NaN,NaN,0,16
easy_fast,0.0,1.5,1.0,4.0,57,0.0,1.0,0,0,100,0,0,0,0.0,0.0,0.9691,NaN,0.946,NaN,2.85,NaN,NaN,0,17
easy_fast,0.0,1.5,1.0,4.0,58,0.0,1.0,0,0,100,0,0,0,0.0,0.0,0.9722,NaN,0.9462,NaN,2.85,NaN,NaN,0,18
easy_fast,0.0,1.5,1.0,4.0,59,0.0,1.0,0,0,100,0,0,0,0.0,0.0,0.975,NaN,0.9465,NaN,2.85,NaN,NaN,0,19
easy_fast,0.0,1.5,1.0,4.0,60,0.0,1.0,0,0,100,0,0,0,0.0,0.0,0.9775,NaN,0.9468,NaN,2.85,NaN,NaN,0,20
easy_fast,0.0,1.5,1.0,4.0,61,0.0,1.0,0,0,100,0,0,0,0.0,0.0,0.9797,NaN,0.947,NaN,2.85,NaN,NaN,0,21
easy_fast,0.0,1.5,1.0,4.0,62,0.0,1.0,0,0,100,0,0,0,0.0,0.0,0.9818,NaN,0.9473,NaN,2.85,NaN,NaN,0,22
easy_fast,0.0,1.5,1.0,4.0,63,0.0,1.0,0,0,100,0,0,0,0.0,0.0,0.9836,NaN,0.9476,NaN,2.85,NaN,NaN,0,23
easy_fast,0.0,1.5,1.0,4.0,64,0.0,1.0,0,0,100,0,0,0,0.0,0.0,0.9852,NaN,0.9478,NaN,2.85,NaN,NaN,0,24
easy_fast,0.0,1.5,1.0,4.0,65,0.0,1.0,0,0,100,0,0,0,0.0,0.0,0.9867,NaN,0.9481,NaN,2.85,NaN,NaN,0,25
easy_fast,0.0,1.5,1.0,4.0,66,0.0,1.0,0,0,100,0,0,0,0.0,0.0,0.988,NaN,0.9484,NaN,2.85,NaN,NaN,0,26
easy_fast,0.0,1.5,1.0,4.0,67,0.0,1.0,0,0,100,0,0,0,0.0,0.0,0.9892,NaN,0.9486,NaN,2.85,NaN,NaN,0,27
easy_fast,0.0,1.5,1.0,4.0,68,0.0,1.0,0,0,100,0,0,0,0.0,0.0,0.9903,NaN,0.9489,NaN,2.85,NaN,NaN,0,28
easy_fast,0.0,1.5,1.0,4.0,69,0.0,1.0,0,0,100,0,0,0,0.0,0.0,0.9913,NaN,0.9491,NaN,2.85,NaN,NaN,0,29
easy_fast,0.0,1.5,1.0,4.0,70,0.0,1.0,0,0,100,0,0,0,0.0,0.0,0.9921,NaN,0.9494,NaN,2.85,NaN,NaN,0,30
easy_fast,0.0,1.5,1.0,4.0,71,0.0,1.0,0,0,100,0,0,0,0.0,0.0,0.9929,NaN,0.9496,NaN,2.85,NaN,NaN,0,31
easy_fast,0.0,1.5,1.0,4.0,72,0.0,1.0,0,0,100,0,0,0,0.0,0.0,0.9936,NaN,0.9499,NaN,2.85,NaN,NaN,0,32
easy_fast,0.0,1.5,1.0,4.0,73,0.0,1.0,0,0,100,0,0,0,0.0,0.0,0.9943,NaN,0.9501,NaN,2.85,NaN,NaN,0,33
easy_fast,0.0,1.5,1.0,4.0,74,0.0,1.0,0,0,100,0,0,0,0.0,0.0,0.9948,NaN,0.9504,NaN,2.85,NaN,NaN,0,34
easy_fast,0.0,1.5,1.0,4.0,75,0.0,1.0,0,0,100,0,0,0,0.0,0.0,0.9954,NaN,0.9506,NaN,2.85,NaN,NaN,0,35
easy_fast,0.0,1.5,1.0,4.0,76,0.0,1.0,0,0,100,0,0,0,0.0,0.0,0.9958,NaN,0.9509,NaN,2.85,NaN,NaN,0,36
easy_fast,0.0,1.5,1.0,4.0,77,0.0,1.0,0,0,100,0,0,0,0.0,0.0,0.9962,NaN,0.9511,NaN,2.85,NaN,NaN,0,37
easy_fast,0.0,1.5,1.0,4.0,78,0.0,1.0,0,0,100,0,0,0,0.0,0.0,0.9966,NaN,0.9514,NaN,2.85,NaN,NaN,0,38
easy_fast,0.0,1.5,1.0,4.0,79,0.0,1.0,0,0,100,0,0,0,0.0,0.0,0.997,NaN,0.9516,NaN,2.85,NaN,NaN,0,39
easy_fast,0.0,1.5,1.0,4.0,80,0.0,1.0,0,0,100,0,0,0,0.0,0.0,0.9973,NaN,0.9519,NaN,2.85,NaN,NaN,0,40
easy_fast,0.0,1.5,1.0,4.0,81,0.0,1.0,0,0,100,0,0,0,0.0,0.0,0.9975,NaN,0.9521,NaN,2.85,NaN,NaN,0,41
easy_fast,0.0,1.5,1.0,4.0,82,0.0,1.0,0,0,100,0,0,0,0.0,0.0,0.9978,NaN,0.9523,NaN,2.85,NaN,NaN,0,42
easy_fast,0.0,1.5,1.0,4.0,83,0.0,1.0,0,0,100,0,0,0,0.0,0.0,0.998,NaN,0.9526,NaN,2.85,NaN,NaN,0,43
easy_fast,0.0,1.5,1.0,4.0,84,0.0,1.0,0,0,100,0,0,0,0.0,0.0,0.9982,NaN,0.9528,NaN,2.85,NaN,NaN,0,44
easy_fast,0.0,1.5,1.0,4.0,85,0.0,1.0,0,0,100,0,0,0,0.0,0.0,0.9984,NaN,0.953,NaN,2.85,NaN,NaN,0,45
easy_fast,0.0,1.5,1.0,4.0,86,0.0,1.0,0,0,100,0,0,0,0.0,0.0,0.9985,NaN,0.9533,NaN,2.85,NaN,NaN,0,46
easy_fast,0.0,1.5,1.0,4.0,87,0.0,1.0,0,0,100,0,0,0,0.0,0.0,0.9987,NaN,0.9535,NaN,2.85,NaN,NaN,0,47
easy_fast,0.0,1.5,1.0,4.0,88,0.0,1.0,0,0,100,0,0,0,0.0,0.0,0.9988,NaN,0.9537,NaN,2.85,NaN,NaN,0,48
easy_fast,0.0,1.5,1.0,4.0,89,0.0,1.0,0,0,100,0,0,0,0.0,0.0,0.9989,NaN,0.954,NaN,2.85,NaN,NaN,0,49
easy_fast,0.0,1.5,1.0,4.0,90,0.0,1.0,0,0,100,0,0,0,0.0,0.0,0.999,NaN,0.9542,NaN,2.85,NaN,NaN,0,50
hard_slow,0.0,5.0,0.5,1.0,1,0.49,0.58,100,0,0,0,0,0,0.49,0.5,0.458,NaN,NaN,NaN,NaN,0.011,0.542,0,0
hard_slow,0.0,5.0,0.5,1.0,2,0.49,0.38,100,0,0,0,0,0,0.49,0.49,0.3916,NaN,NaN,NaN,NaN,0.01,0.736,0,0
hard_slow,0.0,5.0,0.5,1.0,3,0.48,0.44,100,0,0,0,0,0,0.4733,0.49,0.3701,NaN,NaN,NaN,NaN,-0.004,0.76,0,0
hard_slow,0.0,5.0,0.5,1.0,4,0.41,0.5,100,0,0,0,0,0,0.4508,0.4733,0.3397,NaN,NaN,NaN,NaN,-0.065,0.862,0,0
hard_slow,0.0,5.0,0.5,1.0,5,0.52,0.44,100,0,0,0,0,0,0.4525,0.4508,0.3138,NaN,NaN,NaN,NaN,-0.129,0.99,0,0
hard_slow,0.0,5.0,0.5,1.0,6,0.44,0.56,100,0,0,0,0,0,0.4767,0.4525,0.3019,NaN,NaN,NaN,NaN,-0.148,1.073,0,0
hard_slow,0.0,5.0,0.5,1.0,7,0.55,0.54,100,0,0,0,0,0,0.4792,0.4767,0.2899,NaN,NaN,NaN,NaN,-0.18,1.181,0,0
hard_slow,0.0,5.0,0.5,1.0,8,0.53,0.42,100,0,0,0,0,0,0.5108,0.4792,0.2734,NaN,NaN,NaN,NaN,-0.157,1.312,0,0
hard_slow,0.0,5.0,0.5,1.0,9,0.6,0.56,100,0,0,0,0,0,0.565,0.5108,0.2637,NaN,NaN,NaN,NaN,-0.067,1.425,0,0
hard_slow,0.0,5.0,0.5,1.0,10,0.57,0.54,100,0,0,0,0,0,0.57,0.565,0.2686,NaN,NaN,NaN,NaN,0.025,1.562,0,0
hard_slow,0.0,5.0,0.5,1.0,11,0.53,0.5,100,0,0,0,0,0,0.5642,0.57,0.2643,NaN,NaN,NaN,NaN,0.105,1.616,0,0
hard_slow,0.0,5.0,0.5,1.0,12,0.52,0.52,100,0,0,0,0,0,0.5333,0.5642,0.2572,NaN,NaN,NaN,NaN,0.135,1.678,0,0
hard_slow,0.0,5.0,0.5,1.0,13,0.55,0.54,99,1,0,1,0,0,0.535,0.5333,0.2626,0.5,NaN,0.0,NaN,0.118,1.784,0,0
hard_slow,0.0,5.0,0.5,1.0,14,0.57,0.58,98,1,1,0,1,0,0.5542,0.5367,0.2709,0.5025,0.5,0.0,0.0,0.23,1.862,0,0
hard_slow,0.0,5.0,0.5,1.0,15,0.48,0.4,93,5,2,4,1,0,0.5417,0.5558,0.2614,0.501,0.5,0.0,0.5,0.134,1.782,0,0
hard_slow,0.0,5.0,0.5,1.0,16,0.54,0.44,92,6,2,1,0,0,0.5158,0.5467,0.2622,0.5025,0.5,0.17,1.5,0.067,1.794,0,0
hard_slow,0.0,5.0,0.5,1.0,17,0.51,0.5,92,6,2,0,0,0,0.51,0.5188,0.2561,0.5033,0.5025,0.83,1.5,0.047,1.803,0,0
hard_slow,0.0,5.0,0.5,1.0,18,0.59,0.34,91,7,2,1,0,0,0.5642,0.5167,0.2456,0.5036,0.5025,1.29,2.5,0.065,1.795,0,0
hard_slow,0.0,5.0,0.5,1.0,19,0.62,0.52,89,8,3,1,1,0,0.5933,0.5722,0.2593,0.505,0.5025,1.25,2.0,0.183,1.817,0,0
hard_slow,0.0,5.0,0.5,1.0,20,0.59,0.62,88,9,3,1,0,0,0.6108,0.6009,0.276,0.5058,0.5033,1.44,2.67,0.265,1.91,0,0
hard_slow,0.0,5.0,0.5,1.0,21,0.65,0.5,87,10,3,1,0,0,0.6292,0.6185,0.2813,0.5072,0.505,1.4,3.0,0.363,1.899,0,0
hard_slow,0.0,5.0,0.5,1.0,22,0.61,0.46,84,13,3,3,0,0,0.6325,0.6352,0.2717,0.5065,0.5058,1.46,3.67,0.36,1.767,0,0
hard_slow,0.0,5.0,0.5,1.0,23,0.62,0.48,84,13,3,0,0,0,0.6375,0.6431,0.2632,0.5078,0.5075,1.92,4.0,0.532,1.773,0,0
hard_slow,0.0,5.0,0.5,1.0,24,0.57,0.46,84,13,3,0,0,0,0.6183,0.6494,0.2672,0.509,0.5083,2.46,4.67,0.704,1.857,0,0
hard_slow,0.0,5.0,0.5,1.0,25,0.61,0.54,80,17,3,4,0,0,0.6008,0.6391,0.2724,0.508,0.5099,2.18,5.0,0.608,1.826,0,0
hard_slow,0.0,5.0,0.5,1.0,26,0.59,0.5,75,20,5,3,2,0,0.61,0.6191,0.2745,0.5078,0.506,2.3,3.6,0.727,1.692,0,0
hard_slow,0.0,5.0,0.5,1.0,27,0.59,0.54,73,21,6,1,1,0,0.5842,0.6378,0.2821,0.5088,0.5062,2.57,3.33,0.871,1.679,0,0
hard_slow,0.0,5.0,0.5,1.0,28,0.59,0.5,72,22,6,1,0,0,0.59,0.6178,0.2874,0.5097,0.5083,2.86,3.5,0.943,1.738,0,0
hard_slow,0.0,5.0,0.5,1.0,29,0.68,0.56,72,22,6,0,0,0,0.64,0.6234,0.3008,0.5114,0.5095,3.18,4.0,1.145,1.857,0,0
hard_slow,0.0,5.0,0.5,1.0,30,0.76,0.64,71,23,6,1,0,0,0.6933,0.6677,0.3116,0.5125,0.3905,3.35,1.33,1.369,2.032,0,0
hard_slow,0.0,5.0,0.5,1.0,31,0.68,0.56,70,24,6,1,0,0,0.7175,0.7212,0.3158,0.5135,0.3909,3.54,2.17,1.587,2.163,0,0
hard_slow,0.0,5.0,0.5,1.0,32,0.7,0.64,69,25,6,1,0,0,0.6975,0.7394,0.3207,0.5146,0.392,3.68,2.83,1.752,2.217,0,0
hard_slow,0.0,5.0,0.5,1.0,33,0.7,0.52,64,30,6,5,0,0,0.71,0.7201,0.3336,0.5137,0.3942,3.3,3.17,1.743,2.133,0,0
hard_slow,0.0,5.0,0.5,1.0,34,0.72,0.72,63,31,6,1,0,0,0.7258,0.7301,0.3481,0.5153,0.3949,3.32,4.0,1.898,2.272,0,0
hard_slow,0.0,5.0,0.5,1.0,35,0.75,0.62,60,34,6,3,0,0,0.725,0.7348,0.3536,0.5157,0.336,3.21,3.0,1.938,2.343,0,0
hard_slow,0.0,5.0,0.5,1.0,36,0.73,0.62,58,36,6,2,0,0,0.7597,0.741,0.3605,0.5165,0.3364,3.28,3.83,2.09,2.449,0,0
hard_slow,0.0,5.0,0.5,1.0,37,0.8,0.68,56,38,6,2,0,0,0.7722,0.7777,0.3663,0.5174,0.3364,3.32,4.83,2.262,2.557,0,0
hard_slow,0.0,5.0,0.5,1.0,38,0.81,0.66,53,41,6,3,0,0,0.8097,0.7942,0.3766,0.4997,0.3378,2.88,5.5,2.586,2.792,0,0
hard_slow,0.0,5.0,0.5,1.0,39,0.88,0.76,45,49,6,8,0,0,0.8518,0.8427,0.4067,0.4938,0.2793,2.37,4.67,2.704,2.811,0,0
hard_slow,0.0,5.0,0.5,1.0,40,0.86,0.8,43,51,6,2,0,0,0.8575,0.8799,0.4344,0.4961,0.2793,2.43,5.67,3.012,3.064,0,0
hard_slow,0.0,5.0,0.5,1.0,41,0.88,0.8,39,55,6,4,0,0,0.8705,0.8841,0.4622,0.4983,0.2797,2.4,6.5,3.228,3.259,0,0
hard_slow,0.0,5.0,0.5,1.0,42,0.91,0.82,34,60,6,5,0,0,0.8885,0.8981,0.4922,0.5005,0.221,2.28,5.5,3.434,3.457,0,0
hard_slow,0.0,5.0,0.5,1.0,43,0.94,0.92,29,66,5,6,0,1,0.9133,0.916,0.5291,0.4969,0.1607,1.97,3.6,3.441,3.454,0,0
hard_slow,0.0,5.0,0.5,1.0,44,0.95,0.94,23,73,4,7,0,1,0.9275,0.9328,0.5716,0.4993,0.1602,1.81,2.75,3.25,3.251,0,0
hard_slow,0.0,5.0,0.5,1.0,45,0.95,0.9,21,75,4,2,0,0,0.9452,0.942,0.5971,0.5016,0.1602,1.83,3.75,3.459,3.459,0,0
hard_slow,0.0,5.0,0.5,1.0,46,0.97,0.94,15,81,4,6,0,0,0.97,0.9552,0.6277,0.5037,0.1602,1.72,4.75,3.271,3.271,0,0
hard_slow,0.0,5.0,0.5,1.0,47,0.97,0.94,13,83,4,2,0,0,0.968,0.9755,0.6576,0.506,0.1602,1.71,5.75,3.313,3.313,0,0
hard_slow,0.0,5.0,0.5,1.0,48,0.95,0.9,14,83,3,0,0,1,0.9582,0.9754,0.6801,0.5084,0.1579,1.75,5.67,3.318,3.318,0,0
hard_slow,0.0,5.0,0.5,1.0,49,0.94,0.88,12,85,3,2,0,0,0.964,0.97,0.6972,0.5104,0.1579,1.78,6.67,3.363,3.363,0,0
hard_slow,0.0,5.0,0.5,1.0,50,0.96,0.92,10,87,3,2,0,0,0.955,0.9755,0.718,0.5125,0.1579,1.76,7.67,3.311,3.311,0,0
hard_slow,0.0,5.0,0.5,1.0,51,0.97,0.94,10,87,3,0,0,0,0.9555,0.9713,0.7386,0.5149,0.1579,1.79,8.67,3.545,3.545,0,0
hard_slow,0.0,5.0,0.5,1.0,52,0.99,0.98,12,87,1,0,0,2,0.9667,0.9717,0.7624,0.5173,0.1544,1.8,9.0,3.143,3.143,0,0
hard_slow,0.0,5.0,0.5,1.0,53,0.98,0.96,12,88,0,1,0,1,0.9752,0.9815,0.7809,0.5194,NaN,1.81,NaN,2.951,2.951,0,0
hard_slow,0.0,5.0,0.5,1.0,54,1.0,1.0,12,88,0,0,0,0,0.985,0.9882,0.8028,0.5218,NaN,1.81,NaN,3.168,3.168,0,0
hard_slow,0.0,5.0,0.5,1.0,55,0.99,0.98,11,89,0,1,0,0,0.9905,0.993,0.8199,0.5239,NaN,1.8,NaN,3.21,3.21,0,0
hard_slow,0.0,5.0,0.5,1.0,56,1.0,1.0,10,90,0,1,0,0,0.9925,0.9955,0.8379,0.526,NaN,1.78,NaN,3.229,3.229,0,1
hard_slow,0.0,5.0,0.5,1.0,57,0.99,0.98,9,91,0,1,0,0,0.9955,0.9965,0.8513,0.528,NaN,1.77,NaN,3.225,3.225,0,2
hard_slow,0.0,5.0,0.5,1.0,58,0.99,0.98,9,91,0,0,0,0,0.9925,0.9979,0.8639,0.5303,NaN,1.78,NaN,3.392,3.392,0,3
hard_slow,0.0,5.0,0.5,1.0,59,1.0,1.0,9,91,0,0,0,0,0.9942,0.9964,0.8775,0.5327,NaN,1.78,NaN,3.542,3.542,0,4
hard_slow,0.0,5.0,0.5,1.0,60,1.0,1.0,9,91,0,0,0,0,0.995,0.9972,0.8898,0.535,NaN,1.78,NaN,3.677,3.677,0,5
hard_slow,0.0,5.0,0.5,1.0,61,1.0,1.0,7,93,0,2,0,0,0.9975,0.9976,0.9008,0.5366,NaN,1.74,NaN,3.442,3.442,0,6
hard_slow,0.0,5.0,0.5,1.0,62,1.0,1.0,6,94,0,1,0,0,1.0,0.9988,0.9107,0.5385,NaN,1.72,NaN,3.296,3.296,0,7
hard_slow,0.0,5.0,0.5,1.0,63,1.0,1.0,6,94,0,0,0,0,1.0,1.0,0.9197,0.5408,NaN,1.72,NaN,3.394,3.394,0,8
hard_slow,0.0,5.0,0.5,1.0,64,1.0,1.0,6,94,0,0,0,0,1.0,1.0,0.9277,0.5431,NaN,1.72,NaN,3.483,3.483,0,9
hard_slow,0.0,5.0,0.5,1.0,65,1.0,1.0,5,95,0,1,0,0,1.0,1.0,0.9349,0.5449,NaN,1.71,NaN,3.269,3.269,0,10
hard_slow,0.0,5.0,0.5,1.0,66,1.0,1.0,5,95,0,0,0,0,1.0,1.0,0.9414,0.5471,NaN,1.71,NaN,3.34,3.34,0,11
hard_slow,0.0,5.0,0.5,1.0,67,1.0,1.0,5,95,0,0,0,0,1.0,1.0,0.9473,0.5494,NaN,1.71,NaN,3.403,3.403,0,12
hard_slow,0.0,5.0,0.5,1.0,68,1.0,1.0,5,95,0,0,0,0,1.0,1.0,0.9526,0.5517,NaN,1.71,NaN,3.46,3.46,0,13
hard_slow,0.0,5.0,0.5,1.0,69,1.0,1.0,5,95,0,0,0,0,1.0,1.0,0.9573,0.5539,NaN,1.71,NaN,3.512,3.512,0,14
hard_slow,0.0,5.0,0.5,1.0,70,1.0,1.0,5,95,0,0,0,0,1.0,1.0,0.9616,0.5561,NaN,1.71,NaN,3.558,3.558,0,15
hard_slow,0.0,5.0,0.5,1.0,71,1.0,1.0,5,95,0,0,0,0,1.0,1.0,0.9654,0.5584,NaN,1.71,NaN,3.6,3.6,0,16
hard_slow,0.0,5.0,0.5,1.0,72,1.0,1.0,5,95,0,0,0,0,1.0,1.0,0.9689,0.5606,NaN,1.71,NaN,3.637,3.637,0,17
hard_slow,0.0,5.0,0.5,1.0,73,1.0,1.0,4,96,0,1,0,0,1.0,1.0,0.972,0.5621,NaN,1.69,NaN,3.331,3.331,0,18
hard_slow,0.0,5.0,0.5,1.0,74,1.0,1.0,4,96,0,0,0,0,1.0,1.0,0.9748,0.5643,NaN,1.69,NaN,3.361,3.361,0,19
hard_slow,0.0,5.0,0.5,1.0,75,1.0,1.0,4,96,0,0,0,0,1.0,1.0,0.9773,0.5665,NaN,1.69,NaN,3.388,3.388,0,20
hard_slow,0.0,5.0,0.5,1.0,76,1.0,1.0,4,96,0,0,0,0,1.0,1.0,0.9796,0.5686,NaN,1.69,NaN,3.413,3.413,0,21
hard_slow,0.0,5.0,0.5,1.0,77,1.0,1.0,4,96,0,0,0,0,1.0,1.0,0.9816,0.5708,NaN,1.69,NaN,3.435,3.435,0,22
hard_slow,0.0,5.0,0.5,1.0,78,1.0,1.0,4,96,0,0,0,0,1.0,1.0,0.9835,0.5729,NaN,1.69,NaN,3.454,3.454,0,23
hard_slow,0.0,5.0,0.5,1.0,79,1.0,1.0,4,96,0,0,0,0,1.0,1.0,0.9851,0.5751,NaN,1.69,NaN,3.472,3.472,0,24
hard_slow,0.0,5.0,0.5,1.0,80,1.0,1.0,4,96,0,0,0,0,1.0,1.0,0.9866,0.5772,NaN,1.69,NaN,3.488,3.488,0,25
hard_slow,0.0,5.0,0.5,1.0,81,1.0,1.0,4,96,0,0,0,0,1.0,1.0,0.9879,0.5793,NaN,1.69,NaN,3.502,3.502,0,26
hard_slow,0.0,5.0,0.5,1.0,82,1.0,1.0,4,96,0,0,0,0,1.0,1.0,0.9891,0.5814,NaN,1.69,NaN,3.515,3.515,0,27
hard_slow,0.0,5.0,0.5,1.0,83,1.0,1.0,4,96,0,0,0,0,1.0,1.0,0.9902,0.5835,NaN,1.69,NaN,3.527,3.527,0,28
hard_slow,0.0,5.0,0.5,1.0,84,1.0,1.0,4,96,0,0,0,0,1.0,1.0,0.9912,0.5856,NaN,1.69,NaN,3.537,3.537,0,29
hard_slow,0.0,5.0,0.5,1.0,85,1.0,1.0,4,96,0,0,0,0,1.0,1.0,0.9921,0.5877,NaN,1.69,NaN,3.547,3.547,0,30
hard_slow,0.0,5.0,0.5,1.0,86,1.0,1.0,4,96,0,0,0,0,1.0,1.0,0.9929,0.5897,NaN,1.69,NaN,3.555,3.555,0,31
hard_slow,0.0,5.0,0.5,1.0,87,1.0,1.0,4,96,0,0,0,0,1.0,1.0,0.9936,0.5918,NaN,1.69,NaN,3.563,3.563,0,32
hard_slow,0.0,5.0,0.5,1.0,88,1.0,1.0,4,96,0,0,0,0,1.0,1.0,0.9942,0.5938,NaN,1.69,NaN,3.57,3.57,0,33
hard_slow,0.0,5.0,0.5,1.0,89,1.0,1.0,4,96,0,0,0,0,1.0,1.0,0.9948,0.5959,NaN,1.69,NaN,3.576,3.576,0,34
hard_slow,0.0,5.0,0.5,1.0,90,1.0,1.0,4,96,0,0,0,0,1.0,1.0,0.9953,0.5979,NaN,1.69,NaN,3.582,3.582,0,35
hard_slow,0.0,5.0,0.5,1.0,91,1.0,1.0,4,96,0,0,0,0,1.0,1.0,0.9958,0.5999,NaN,1.69,NaN,3.587,3.587,0,36
hard_slow,0.0,5.0,0.5,1.0,92,1.0,1.0,4,96,0,0,0,0,1.0,1.0,0.9962,0.6019,NaN,1.69,NaN,3.591,3.591,0,37
hard_slow,0.0,5.0,0.5,1.0,93,1.0,1.0,4,96,0,0,0,0,1.0,1.0,0.9966,0.6039,NaN,1.69,NaN,3.595,3.595,0,38
hard_slow,0.0,5.0,0.5,1.0,94,1.0,1.0,4,96,0,0,0,0,1.0,1.0,0.9969,0.6059,NaN,1.69,NaN,3.599,3.599,0,39
hard_slow,0.0,5.0,0.5,1.0,95,1.0,1.0,4,96,0,0,0,0,1.0,1.0,0.9972,0.6078,NaN,1.69,NaN,3.602,3.602,0,40
hard_slow,0.0,5.0,0.5,1.0,96,1.0,1.0,4,96,0,0,0,0,1.0,1.0,0.9975,0.6098,NaN,1.69,NaN,3.605,3.605,0,41
hard_slow,0.0,5.0,0.5,1.0,97,1.0,1.0,4,96,0,0,0,0,1.0,1.0,0.9978,0.6117,NaN,1.69,NaN,3.608,3.608,0,42
hard_slow,0.0,5.0,0.5,1.0,98,1.0,1.0,4,96,0,0,0,0,1.0,1.0,0.998,0.6137,NaN,1.69,NaN,3.61,3.61,0,43
hard_slow,0.0,5.0,0.5,1.0,99,1.0,1.0,4,96,0,0,0,0,1.0,1.0,0.9982,0.6156,NaN,1.69,NaN,3.612,3.612,0,44
hard_slow,0.0,5.0,0.5,1.0,100,1.0,1.0,4,96,0,0,0,0,1.0,1.0,0.9984,0.6175,NaN,1.69,NaN,3.614,3.614,0,45
hard_slow,0.0,5.0,0.5,1.0,101,1.0,1.0,4,96,0,0,0,0,1.0,1.0,0.9985,0.6194,NaN,1.69,NaN,3.616,3.616,0,46
hard_slow,0.0,5.0,0.5,1.0,102,1.0,1.0,4,96,0,0,0,0,1.0,1.0,0.9987,0.6213,NaN,1.69,NaN,3.617,3.617,0,47
hard_slow,0.0,5.0,0.5,1.0,103,1.0,1.0,4,96,0,0,0,0,1.0,1.0,0.9988,0.6232,NaN,1.69,NaN,3.619,3.619,0,48
hard_slow,0.0,5.0,0.5,1.0,104,1.0,1.0,4,96,0,0,0,0,1.0,1.0,0.9989,0.6251,NaN,1.69,NaN,3.62,3.62,0,49
hard_slow,0.0,5.0,0.5,1.0,105,1.0,1.0,4,96,0,0,0,0,1.0,1.0,0.999,0.627,NaN,1.69,NaN,3.621,3.621,0,50
baseline_phi1,1.0,3.0,0.8,2.0,1,0.49,0.58,100,0,0,0,0,0,0.49,0.5,0.458,NaN,NaN,NaN,NaN,0.011,0.542,0,0
baseline_phi1,1.0,3.0,0.8,2.0,2,0.49,0.38,100,0,0,0,0,0,0.49,0.49,0.3916,NaN,NaN,NaN,NaN,0.01,0.736,0,0
baseline_phi1,1.0,3.0,0.8,2.0,3,0.48,0.44,100,0,0,0,0,0,0.4733,0.49,0.3701,NaN,NaN,NaN,NaN,-0.004,0.76,0,0
baseline_phi1,1.0,3.0,0.8,2.0,4,0.41,0.5,100,0,0,0,0,0,0.4508,0.4733,0.3397,NaN,NaN,NaN,NaN,-0.065,0.862,0,0
baseline_phi1,1.0,3.0,0.8,2.0,5,0.52,0.44,100,0,0,0,0,0,0.4525,0.4508,0.3138,NaN,NaN,NaN,NaN,-0.129,0.99,0,0
baseline_phi1,1.0,3.0,0.8,2.0,6,0.44,0.56,98,1,1,1,1,0,0.4767,0.4525,0.3019,0.8,0.8,0.0,0.0,-0.151,1.033,0,0
baseline_phi1,1.0,3.0,0.8,2.0,7,0.55,0.54,98,1,1,0,0,0,0.4792,0.4767,0.2899,0.801,0.801,0.0,0.0,-0.181,1.133,0,0
baseline_phi1,1.0,3.0,0.8,2.0,8,0.53,0.42,96,2,2,1,1,0,0.5108,0.4792,0.2734,0.8005,0.8005,0.5,0.0,-0.161,1.221,2,0
baseline_phi1,1.0,3.0,0.8,2.0,9,0.6,0.56,92,4,4,2,2,0,0.5633,0.5103,0.2643,0.8007,0.8005,0.25,0.0,-0.094,1.259,1,0
baseline_phi1,1.0,3.0,0.8,2.0,10,0.57,0.5,87,7,6,3,2,0,0.5692,0.5591,0.2616,0.8009,0.8005,0.14,0.0,-0.07,1.306,4,0
baseline_phi1,1.0,3.0,0.8,2.0,11,0.56,0.52,82,9,9,2,3,0,0.5733,0.5596,0.2744,0.8011,0.8007,0.11,0.0,0.01,1.316,6,0
baseline_phi1,1.0,3.0,0.8,2.0,12,0.47,0.54,74,13,13,4,4,0,0.5308,0.5621,0.2676,0.8012,0.8008,0.08,0.0,0.076,1.286,7,0
baseline_phi1,1.0,3.0,0.8,2.0,13,0.53,0.54,70,16,14,3,1,0,0.5117,0.5271,0.2747,0.8014,0.8011,0.19,0.14,-0.053,1.268,15,0
baseline_phi1,1.0,3.0,0.8,2.0,14,0.54,0.56,63,19,18,3,4,0,0.5058,0.5096,0.2764,0.8016,0.8011,0.42,0.39,-0.064,1.222,18,0
baseline_phi1,1.0,3.0,0.8,2.0,15,0.46,0.56,60,20,20,1,2,0,0.52,0.4963,0.2759,0.802,0.8014,0.55,0.6,-0.08,1.225,18,0
baseline_phi1,1.0,3.0,0.8,2.0,16,0.45,0.54,56,22,22,2,2,0,0.4675,0.5014,0.2853,0.8023,0.8017,0.77,0.86,-0.198,1.283,19,0
baseline_phi1,1.0,3.0,0.8,2.0,17,0.5,0.52,54,22,24,0,2,0,0.46,0.4611,0.2809,0.8029,0.8019,1.05,1.08,-0.193,1.319,22,0
baseline_phi1,1.0,3.0,0.8,2.0,18,0.45,0.58,50,22,28,0,4,0,0.4617,0.451,0.2786,0.8036,0.8021,1.14,1.11,-0.192,1.217,19,0
baseline_phi1,1.0,3.0,0.8,2.0,19,0.46,0.44,46,23,31,1,3,0,0.4525,0.4414,0.2664,0.8038,0.8024,1.26,1.1,-0.187,1.272,26,0
baseline_phi1,1.0,3.0,0.8,2.0,20,0.48,0.56,45,23,32,0,1,0,0.48,0.4366,0.2754,0.8043,0.8029,1.52,1.22,-0.059,1.357,23,0
baseline_phi1,1.0,3.0,0.8,2.0,21,0.42,0.52,40,26,34,3,2,0,0.4533,0.4662,0.2768,0.8041,0.8033,1.62,1.35,-0.267,1.278,27,0
baseline_phi1,1.0,3.0,0.8,2.0,22,0.48,0.4,34,29,37,3,3,0,0.4417,0.4513,0.2532,0.804,0.8033,1.86,1.59,-0.37,1.383,41,0
baseline_phi1,1.0,3.0,0.8,2.0,23,0.4,0.64,25,31,44,2,7,0,0.4367,0.4365,0.2744,0.8043,0.8033,2.03,1.55,-0.273,1.239,25,0
baseline_phi1,1.0,3.0,0.8,2.0,24,0.4,0.36,23,31,46,0,2,0,0.4125,0.4217,0.2553,0.8045,0.8036,2.61,1.89,-0.315,1.53,47,0
baseline_phi1,1.0,3.0,0.8,2.0,25,0.41,0.54,22,31,47,0,1,0,0.4025,0.4082,0.2612,0.8049,0.8041,3.03,2.13,-0.173,1.245,36,0
baseline_phi1,1.0,3.0,0.8,2.0,26,0.36,0.56,19,33,48,2,1,0,0.3825,0.4021,0.2674,0.8049,0.8047,3.3,2.4,-0.437,1.179,36,0
baseline_phi1,1.0,3.0,0.8,2.0,27,0.35,0.5,18,33,49,0,1,0,0.3592,0.4017,0.2564,0.7882,0.8051,3.58,2.61,-0.185,1.567,42,0
baseline_phi1,1.0,3.0,0.8,2.0,28,0.37,0.5,15,35,50,2,1,0,0.3667,0.3803,0.263,0.7893,0.8057,3.91,2.82,-0.878,1.617,38,0
baseline_phi1,1.0,3.0,0.8,2.0,29,0.39,0.58,14,35,51,0,1,0,0.3833,0.3907,0.2809,0.79,0.8062,4.29,3.04,-1.079,1.606,31,0
baseline_phi1,1.0,3.0,0.8,2.0,30,0.4,0.44,11,35,54,0,3,0,0.3883,0.3908,0.2691,0.7903,0.8063,4.89,3.22,-1.374,1.768,45,0
baseline_phi1,1.0,3.0,0.8,2.0,31,0.35,0.5,7,35,58,0,4,0,0.3667,0.375,0.2644,0.7745,0.8064,5.29,3.34,-1.639,1.639,46,0
baseline_phi1,1.0,3.0,0.8,2.0,32,0.34,0.56,7,35,58,0,0,0,0.3542,0.3632,0.2798,0.7267,0.8071,4.97,3.6,-1.945,1.945,35,0
baseline_phi1,1.0,3.0,0.8,2.0,33,0.35,0.38,5,35,60,0,2,0,0.3492,0.3402,0.2788,0.7111,0.798,5.31,3.65,-2.144,2.144,43,0
baseline_phi1,1.0,3.0,0.8,2.0,34,0.34,0.52,4,35,61,0,1,0,0.3478,0.3419,0.2792,0.6469,0.7988,4.8,3.89,-0.833,1.712,40,0
baseline_phi1,1.0,3.0,0.8,2.0,35,0.33,0.54,4,35,61,0,0,0,0.3233,0.3271,0.2894,0.615,0.7994,4.89,4.2,0.071,2.17,34,0
baseline_phi1,1.0,3.0,0.8,2.0,36,0.35,0.46,4,35,61,0,0,0,0.3308,0.3002,0.2885,0.5832,0.8001,4.97,4.54,0.004,1.262,39,0
baseline_phi1,1.0,3.0,0.8,2.0,37,0.3,0.6,4,35,61,0,0,0,0.3025,0.2935,0.2933,0.5351,0.7821,4.83,4.52,-0.879,1.812,33,0
baseline_phi1,1.0,3.0,0.8,2.0,38,0.28,0.6,3,35,62,0,1,0,0.295,0.2654,0.297,0.4543,0.7739,4.29,4.68,-0.515,1.759,37,0
baseline_phi1,1.0,3.0,0.8,2.0,39,0.24,0.6,3,35,62,0,0,0,0.2608,0.2389,0.3098,0.3905,0.7748,3.86,4.87,-0.244,1.487,22,0
baseline_phi1,1.0,3.0,0.8,2.0,40,0.2,0.68,3,35,62,0,0,0,0.2187,0.2132,0.3273,0.3589,0.7757,4.06,5.05,-1.423,1.423,20,0
baseline_phi1,1.0,3.0,0.8,2.0,41,0.12,0.84,2,34,64,0,2,1,0.1758,0.1863,0.371,0.3296,0.7687,4.06,4.78,-0.776,0.776,7,0
baseline_phi1,1.0,3.0,0.8,2.0,42,0.15,0.74,3,33,64,0,0,1,0.1445,0.1583,0.3905,0.2816,0.7607,3.85,4.78,-0.985,0.985,14,0
baseline_phi1,1.0,3.0,0.8,2.0,43,0.13,0.82,3,33,64,0,0,0,0.1245,0.1269,0.4248,0.2649,0.744,4.36,4.58,-1.511,1.511,9,0
baseline_phi1,1.0,3.0,0.8,2.0,44,0.12,0.8,3,32,65,0,1,1,0.127,0.1131,0.4488,0.2662,0.746,5.06,4.62,-0.825,0.825,6,0
baseline_phi1,1.0,3.0,0.8,2.0,45,0.16,0.76,7,28,65,0,0,4,0.125,0.1154,0.4651,0.2693,0.747,5.29,4.77,-0.504,0.504,10,0
baseline_phi1,1.0,3.0,0.8,2.0,46,0.07,0.86,7,28,65,0,0,0,0.1058,0.1013,0.4988,0.2495,0.7482,5.82,4.82,-1.016,1.016,3,0
baseline_phi1,1.0,3.0,0.8,2.0,47,0.07,0.86,9,25,66,0,1,3,0.09,0.0861,0.5257,0.2495,0.7502,6.36,4.8,-0.687,0.687,5,0
baseline_phi1,1.0,3.0,0.8,2.0,48,0.05,0.9,13,21,66,0,0,4,0.0582,0.0671,0.5593,0.2489,0.7514,6.86,4.88,-0.803,0.803,5,0
baseline_phi1,1.0,3.0,0.8,2.0,49,0.03,0.98,17,17,66,0,0,4,0.0517,0.0423,0.5975,0.2485,0.7526,7.35,4.92,-0.955,0.955,3,0
baseline_phi1,1.0,3.0,0.8,2.0,50,0.02,0.96,21,13,66,0,0,4,0.037,0.0336,0.6327,0.2474,0.7538,7.85,4.95,-1.113,1.113,2,0
baseline_phi1,1.0,3.0,0.8,2.0,51,0.02,0.96,23,9,68,0,2,4,0.0258,0.0202,0.6654,0.247,0.7563,8.22,4.82,-1.096,1.096,1,0
baseline_phi1,1.0,3.0,0.8,2.0,52,0.03,0.94,26,5,69,0,1,4,0.0262,0.016,0.6929,0.2513,0.7581,8.4,4.75,-1.149,1.149,1,0
baseline_phi1,1.0,3.0,0.8,2.0,53,0.01,0.98,29,1,70,0,1,4,0.0217,0.02,0.7207,0.2426,0.7599,7.0,4.69,-1.213,1.213,0,0
baseline_phi1,1.0,3.0,0.8,2.0,54,0.0,1.0,28,1,71,0,1,0,0.01,0.0154,0.7459,0.2426,0.7617,8.0,4.62,-1.462,1.462,0,0
baseline_phi1,1.0,3.0,0.8,2.0,55,0.01,0.98,26,1,73,0,2,0,0.005,0.0072,0.769,0.2426,0.7639,9.0,4.49,-1.657,1.657,1,0
baseline_phi1,1.0,3.0,0.8,2.0,56,0.0,1.0,25,0,75,0,2,1,0.0033,0.0022,0.7921,NaN,0.766,NaN,4.37,-1.754,1.754,0,0
baseline_phi1,1.0,3.0,0.8,2.0,57,0.0,1.0,23,0,77,0,2,0,0.0025,0.0011,0.8129,NaN,0.768,NaN,4.26,-1.885,1.885,0,0
baseline_phi1,1.0,3.0,0.8,2.0,58,0.0,1.0,22,0,78,0,1,0,0.0025,0.0008,0.8316,NaN,0.7696,NaN,4.21,-2.028,2.028,0,0
baseline_phi1,1.0,3.0,0.8,2.0,59,0.0,1.0,22,0,78,0,0,0,0.0,0.0008,0.8484,NaN,0.7707,NaN,4.21,-2.197,2.197,0,0
baseline_phi1,1.0,3.0,0.8,2.0,60,0.0,1.0,21,0,79,0,1,0,0.0,0.0,0.8636,NaN,0.7722,NaN,4.15,-2.31,2.31,0,0
baseline_phi1,1.0,3.0,0.8,2.0,61,0.0,1.0,17,0,83,0,4,0,0.0,0.0,0.8772,NaN,0.7746,NaN,3.95,-2.301,2.301,0,0
baseline_phi1,1.0,3.0,0.8,2.0,62,0.0,1.0,16,0,84,0,1,0,0.0,0.0,0.8895,NaN,0.7761,NaN,3.9,-2.372,2.372,0,0
baseline_phi1,1.0,3.0,0.8,2.0,63,0.0,1.0,13,0,87,0,3,0,0.0,0.0,0.9005,NaN,0.778,NaN,3.77,-2.34,2.34,0,0
baseline_phi1,1.0,3.0,0.8,2.0,64,0.0,1.0,13,0,87,0,0,0,0.0,0.0,0.9105,NaN,0.7791,NaN,3.77,-2.425,2.425,0,0
baseline_phi1,1.0,3.0,0.8,2.0,65,0.0,1.0,12,0,88,0,1,0,0.0,0.0,0.9194,NaN,0.7804,NaN,3.73,-2.453,2.453,0,0
baseline_phi1,1.0,3.0,0.8,2.0,66,0.0,1.0,11,0,89,0,1,0,0.0,0.0,0.9275,NaN,0.7817,NaN,3.69,-2.476,2.476,0,0
baseline_phi1,1.0,3.0,0.8,2.0,67,0.0,1.0,10,0,90,0,1,0,0.0,0.0,0.9347,NaN,0.783,NaN,3.64,-2.48,2.48,0,1
baseline_phi1,1.0,3.0,0.8,2.0,68,0.0,1.0,10,0,90,0,0,0,0.0,0.0,0.9413,NaN,0.7841,NaN,3.64,-2.531,2.531,0,2
baseline_phi1,1.0,3.0,0.8,2.0,69,0.0,1.0,10,0,90,0,0,0,0.0,0.0,0.9471,NaN,0.7852,NaN,3.64,-2.576,2.576,0,3
baseline_phi1,1.0,3.0,0.8,2.0,70,0.0,1.0,10,0,90,0,0,0,0.0,0.0,0.9524,NaN,0.7862,NaN,3.64,-2.617,2.617,0,4
baseline_phi1,1.0,3.0,0.8,2.0,71,0.0,1.0,10,0,90,0,0,0,0.0,0.0,0.9572,NaN,0.7873,NaN,3.64,-2.653,2.653,0,5
baseline_phi1,1.0,3.0,0.8,2.0,72,0.0,1.0,10,0,90,0,0,0,0.0,0.0,0.9615,NaN,0.7884,NaN,3.64,-2.686,2.686,0,6
baseline_phi1,1.0,3.0,0.8,2.0,73,0.0,1.0,10,0,90,0,0,0,0.0,0.0,0.9653,NaN,0.7894,NaN,3.64,-2.716,2.716,0,7
baseline_phi1,1.0,3.0,0.8,2.0,74,0.0,1.0,9,0,91,0,1,0,0.0,0.0,0.9688,NaN,0.7906,NaN,3.6,-2.714,2.714,0,8
baseline_phi1,1.0,3.0,0.8,2.0,75,0.0,1.0,9,0,91,0,0,0,0.0,0.0,0.9719,NaN,0.7916,NaN,3.6,-2.739,2.739,0,9
baseline_phi1,1.0,3.0,0.8,2.0,76,0.0,1.0,9,0,91,0,0,0,0.0,0.0,0.9747,NaN,0.7927,NaN,3.6,-2.762,2.762,0,10
baseline_phi1,1.0,3.0,0.8,2.0,77,0.0,1.0,8,0,92,0,1,0,0.0,0.0,0.9772,NaN,0.7938,NaN,3.57,-2.755,2.755,0,11
baseline_phi1,1.0,3.0,0.8,2.0,78,0.0,1.0,7,0,93,0,1,0,0.0,0.0,0.9795,NaN,0.7949,NaN,3.53,-2.739,2.739,0,12
baseline_phi1,1.0,3.0,0.8,2.0,79,0.0,1.0,7,0,93,0,0,0,0.0,0.0,0.9816,NaN,0.7959,NaN,3.53,-2.756,2.756,0,13
baseline_phi1,1.0,3.0,0.8,2.0,80,0.0,1.0,7,0,93,0,0,0,0.0,0.0,0.9834,NaN,0.7969,NaN,3.53,-2.771,2.771,0,14
baseline_phi1,1.0,3.0,0.8,2.0,81,0.0,1.0,6,0,94,0,1,0,0.0,0.0,0.9851,NaN,0.7979,NaN,3.49,-2.748,2.748,0,15
baseline_phi1,1.0,3.0,0.8,2.0,82,0.0,1.0,6,0,94,0,0,0,0.0,0.0,0.9866,NaN,0.7989,NaN,3.49,-2.76,2.76,0,16
baseline_phi1,1.0,3.0,0.8,2.0,83,0.0,1.0,6,0,94,0,0,0,0.0,0.0,0.9879,NaN,0.8,NaN,3.49,-2.771,2.771,0,17
baseline_phi1,1.0,3.0,0.8,2.0,84,0.0,1.0,6,0,94,0,0,0,0.0,0.0,0.9891,NaN,0.801,NaN,3.49,-2.781,2.781,0,18
baseline_phi1,1.0,3.0,0.8,2.0,85,0.0,1.0,6,0,94,0,0,0,0.0,0.0,0.9902,NaN,0.802,NaN,3.49,-2.789,2.789,0,19
baseline_phi1,1.0,3.0,0.8,2.0,86,0.0,1.0,6,0,94,0,0,0,0.0,0.0,0.9912,NaN,0.8029,NaN,3.49,-2.797,2.797,0,20
baseline_phi1,1.0,3.0,0.8,2.0,87,0.0,1.0,6,0,94,0,0,0,0.0,0.0,0.9921,NaN,0.8039,NaN,3.49,-2.804,2.804,0,21
baseline_phi1,1.0,3.0,0.8,2.0,88,0.0,1.0,6,0,94,0,0,0,0.0,0.0,0.9929,NaN,0.8049,NaN,3.49,-2.811,2.811,0,22
baseline_phi1,1.0,3.0,0.8,2.0,89,0.0,1.0,6,0,94,0,0,0,0.0,0.0,0.9936,NaN,0.8059,NaN,3.49,-2.816,2.816,0,23
baseline_phi1,1.0,3.0,0.8,2.0,90,0.0,1.0,6,0,94,0,0,0,0.0,0.0,0.9942,NaN,0.8069,NaN,3.49,-2.821,2.821,0,24
baseline_phi1,1.0,3.0,0.8,2.0,91,0.0,1.0,6,0,94,0,0,0,0.0,0.0,0.9948,NaN,0.8078,NaN,3.49,-2.826,2.826,0,25
baseline_phi1,1.0,3.0,0.8,2.0,92,0.0,1.0,5,0,95,0,1,0,0.0,0.0,0.9953,NaN,0.8087,NaN,3.45,-2.795,2.795,0,26
baseline_phi1,1.0,3.0,0.8,2.0,93,0.0,1.0,5,0,95,0,0,0,0.0,0.0,0.9958,NaN,0.8096,NaN,3.45,-2.799,2.799,0,27
baseline_phi1,1.0,3.0,0.8,2.0,94,0.0,1.0,5,0,95,0,0,0,0.0,0.0,0.9962,NaN,0.8106,NaN,3.45,-2.802,2.802,0,28
baseline_phi1,1.0,3.0,0.8,2.0,95,0.0,1.0,5,0,95,0,0,0,0.0,0.0,0.9966,NaN,0.8115,NaN,3.45,-2.805,2.805,0,29
baseline_phi1,1.0,3.0,0.8,2.0,96,0.0,1.0,5,0,95,0,0,0,0.0,0.0,0.9969,NaN,0.8125,NaN,3.45,-2.808,2.808,0,30
baseline_phi1,1.0,3.0,0.8,2.0,97,0.0,1.0,5,0,95,0,0,0,0.0,0.0,0.9972,NaN,0.8134,NaN,3.45,-2.81,2.81,0,31
baseline_phi1,1.0,3.0,0.8,2.0,98,0.0,1.0,5,0,95,0,0,0,0.0,0.0,0.9975,NaN,0.8144,NaN,3.45,-2.812,2.812,0,32
baseline_phi1,1.0,3.0,0.8,2.0,99,0.0,1.0,5,0,95,0,0,0,0.0,0.0,0.9978,NaN,0.8153,NaN,3.45,-2.814,2.814,0,33
baseline_phi1,1.0,3.0,0.8,2.0,100,0.0,1.0,5,0,95,0,0,0,0.0,0.0,0.998,NaN,0.8162,NaN,3.45,-2.816,2.816,0,34
baseline_phi1,1.0,3.0,0.8,2.0,101,0.0,1.0,5,0,95,0,0,0,0.0,0.0,0.9982,NaN,0.8171,NaN,3.45,-2.818,2.818,0,35
baseline_phi1,1.0,3.0,0.8,2.0,102,0.0,1.0,5,0,95,0,0,0,0.0,0.0,0.9984,NaN,0.818,NaN,3.45,-2.819,2.819,0,36
baseline_phi1,1.0,3.0,0.8,2.0,103,0.0,1.0,5,0,95,0,0,0,0.0,0.0,0.9985,NaN,0.8189,NaN,3.45,-2.82,2.82,0,37
baseline_phi1,1.0,3.0,0.8,2.0,104,0.0,1.0,5,0,95,0,0,0,0.0,0.0,0.9987,NaN,0.8199,NaN,3.45,-2.821,2.821,0,38
baseline_phi1,1.0,3.0,0.8,2.0,105,0.0,1.0,5,0,95,0,0,0,0.0,0.0,0.9988,NaN,0.8208,NaN,3.45,-2.822,2.822,0,39
baseline_phi1,1.0,3.0,0.8,2.0,106,0.0,1.0,5,0,95,0,0,0,0.0,0.0,0.9989,NaN,0.8217,NaN,3.45,-2.823,2.823,0,40
baseline_phi1,1.0,3.0,0.8,2.0,107,0.0,1.0,5,0,95,0,0,0,0.0,0.0,0.999,NaN,0.8225,NaN,3.45,-2.824,2.824,0,41
baseline_phi1,1.0,3.0,0.8,2.0,108,0.0,1.0,5,0,95,0,0,0,0.0,0.0,0.9991,NaN,0.8234,NaN,3.45,-2.825,2.825,0,42
baseline_phi1,1.0,3.0,0.8,2.0,109,0.0,1.0,5,0,95,0,0,0,0.0,0.0,0.9992,NaN,0.8243,NaN,3.45,-2.825,2.825,0,43
baseline_phi1,1.0,3.0,0.8,2.0,110,0.0,1.0,5,0,95,0,0,0,0.0,0.0,0.9993,NaN,0.8252,NaN,3.45,-2.826,2.826,0,44
baseline_phi1,1.0,3.0,0.8,2.0,111,0.0,1.0,5,0,95,0,0,0,0.0,0.0,0.9994,NaN,0.8261,NaN,3.45,-2.827,2.827,0,45
baseline_phi1,1.0,3.0,0.8,2.0,112,0.0,1.0,5,0,95,0,0,0,0.0,0.0,0.9994,NaN,0.8269,NaN,3.45,-2.827,2.827,0,46
baseline_phi1,1.0,3.0,0.8,2.0,113,0.0,1.0,4,0,96,0,1,0,0.0,0.0,0.9995,NaN,0.8275,NaN,3.42,-2.784,2.784,0,47
baseline_phi1,1.0,3.0,0.8,2.0,114,0.0,1.0,4,0,96,0,0,0,0.0,0.0,0.9995,NaN,0.8284,NaN,3.42,-2.785,2.785,0,48
baseline_phi1,1.0,3.0,0.8,2.0,115,0.0,1.0,4,0,96,0,0,0,0.0,0.0,0.9996,NaN,0.8292,NaN,3.42,-2.785,2.785,0,49
baseline_phi1,1.0,3.0,0.8,2.0,116,0.0,1.0,4,0,96,0,0,0,0.0,0.0,0.9996,NaN,0.8301,NaN,3.42,-2.785,2.785,0,50
baseline_phi2,2.0,3.0,0.8,2.0,1,0.49,0.58,100,0,0,0,0,0,0.49,0.5,0.458,NaN,NaN,NaN,NaN,0.011,0.542,0,0
baseline_phi2,2.0,3.0,0.8,2.0,2,0.49,0.38,100,0,0,0,0,0,0.49,0.49,0.3916,NaN,NaN,NaN,NaN,0.01,0.736,0,0
baseline_phi2,2.0,3.0,0.8,2.0,3,0.48,0.44,100,0,0,0,0,0,0.4733,0.49,0.3701,NaN,NaN,NaN,NaN,-0.004,0.76,0,0
baseline_phi2,2.0,3.0,0.8,2.0,4,0.41,0.5,100,0,0,0,0,0,0.4508,0.4733,0.3397,NaN,NaN,NaN,NaN,-0.065,0.862,0,0
baseline_phi2,2.0,3.0,0.8,2.0,5,0.52,0.44,100,0,0,0,0,0,0.4525,0.4508,0.3138,NaN,NaN,NaN,NaN,-0.129,0.99,0,0
baseline_phi2,2.0,3.0,0.8,2.0,6,0.44,0.56,98,1,1,1,1,0,0.4767,0.4525,0.3019,0.8,0.8,0.0,0.0,-0.151,1.033,0,0
baseline_phi2,2.0,3.0,0.8,2.0,7,0.55,0.54,98,1,1,0,0,0,0.4792,0.4767,0.2899,0.801,0.801,0.0,0.0,-0.181,1.133,0,0
baseline_phi2,2.0,3.0,0.8,2.0,8,0.53,0.42,96,2,2,1,1,0,0.5108,0.4792,0.2734,0.8005,0.8005,0.5,0.0,-0.161,1.221,2,0
baseline_phi2,2.0,3.0,0.8,2.0,9,0.6,0.56,92,4,4,2,2,0,0.5633,0.5103,0.2643,0.8007,0.8005,0.25,0.0,-0.111,1.276,1,0
baseline_phi2,2.0,3.0,0.8,2.0,10,0.57,0.5,86,7,7,3,3,0,0.5692,0.5591,0.2616,0.8009,0.8004,0.14,0.0,-0.066,1.316,4,0
baseline_phi2,2.0,3.0,0.8,2.0,11,0.57,0.58,80,9,11,2,4,0,0.5767,0.5564,0.2749,0.8012,0.8006,0.11,0.0,0.039,1.295,5,0
baseline_phi2,2.0,3.0,0.8,2.0,12,0.55,0.5,71,15,14,6,3,0,0.5708,0.5569,0.2778,0.8012,0.8009,0.07,0.07,-0.059,1.324,7,0
baseline_phi2,2.0,3.0,0.8,2.0,13,0.59,0.62,67,16,17,1,3,0,0.58,0.55,0.2937,0.8018,0.8011,0.19,0.29,0.026,1.36,13,0
baseline_phi2,2.0,3.0,0.8,2.0,14,0.59,0.5,62,18,20,2,3,0,0.5917,0.5565,0.2858,0.8022,0.8012,0.28,0.5,0.086,1.468,16,0
baseline_phi2,2.0,3.0,0.8,2.0,15,0.52,0.4,51,24,25,6,5,0,0.56,0.5511,0.2642,0.802,0.8013,0.46,0.6,0.091,1.367,22,0
baseline_phi2,2.0,3.0,0.8,2.0,16,0.53,0.46,46,26,28,2,3,0,0.5433,0.5302,0.2446,0.8023,0.8014,0.81,0.86,0.216,1.499,29,0
baseline_phi2,2.0,3.0,0.8,2.0,17,0.52,0.56,38,28,34,2,6,0,0.5108,0.5098,0.2532,0.8027,0.8016,0.93,0.97,0.124,1.328,26,0
baseline_phi2,2.0,3.0,0.8,2.0,18,0.47,0.42,30,32,38,4,4,0,0.4842,0.4848,0.2484,0.8028,0.8019,1.09,1.13,0.334,1.242,28,0
baseline_phi2,2.0,3.0,0.8,2.0,19,0.53,0.42,25,36,39,4,1,0,0.5042,0.4773,0.2442,0.8029,0.8022,1.31,1.51,0.143,1.401,38,0
baseline_phi2,2.0,3.0,0.8,2.0,20,0.48,0.36,21,37,42,1,3,0,0.5042,0.4866,0.2337,0.8032,0.8025,1.68,1.81,-0.044,1.622,43,0
baseline_phi2,2.0,3.0,0.8,2.0,21,0.4,0.56,19,38,43,1,1,0,0.4533,0.4726,0.2377,0.8035,0.803,2.16,2.12,0.059,1.501,40,0
baseline_phi2,2.0,3.0,0.8,2.0,22,0.46,0.48,14,40,46,2,3,0,0.4417,0.4566,0.2432,0.8037,0.8033,2.52,2.37,0.532,1.867,42,0
baseline_phi2,2.0,3.0,0.8,2.0,23,0.46,0.48,10,43,47,3,1,0,0.4533,0.4589,0.2573,0.804,0.8038,2.7,2.7,-0.132,1.763,36,0
baseline_phi2,2.0,3.0,0.8,2.0,24,0.43,0.62,5,45,50,2,3,0,0.4558,0.4621,0.2697,0.8043,0.8042,2.98,2.84,-0.549,1.638,35,0
baseline_phi2,2.0,3.0,0.8,2.0,25,0.43,0.58,5,45,50,0,0,0,0.4417,0.4607,0.2684,0.8048,0.8048,3.47,3.22,0.204,1.725,44,0
baseline_phi2,2.0,3.0,0.8,2.0,26,0.47,0.5,2,48,50,3,0,0,0.4333,0.4643,0.2602,0.8049,0.8053,3.75,3.68,-1.313,1.313,48,0
baseline_phi2,2.0,3.0,0.8,2.0,27,0.47,0.46,2,48,50,0,0,0,0.4583,0.4741,0.2548,0.8053,0.8058,4.31,4.16,1.09,1.733,51,0
baseline_phi2,2.0,3.0,0.8,2.0,28,0.48,0.48,2,48,50,0,0,0,0.4775,0.4851,0.2608,0.8058,0.8064,4.79,4.6,1.418,1.418,45,0
baseline_phi2,2.0,3.0,0.8,2.0,29,0.51,0.34,2,48,50,0,0,0,0.4817,0.4885,0.2404,0.7827,0.8067,4.96,5.2,1.544,1.544,60,0
baseline_phi2,2.0,3.0,0.8,2.0,30,0.51,0.46,1,49,50,1,0,0,0.5075,0.4819,0.2341,0.7491,0.7959,4.78,5.56,-2.468,2.468,53,0
baseline_phi2,2.0,3.0,0.8,2.0,31,0.46,0.44,1,49,50,0,0,0,0.485,0.4728,0.2303,0.7495,0.7625,5.37,5.48,0.386,0.386,51,0
baseline_phi2,2.0,3.0,0.8,2.0,32,0.48,0.48,1,49,50,0,0,0,0.47,0.4846,0.2302,0.7386,0.7293,5.67,5.34,0.386,0.386,45,0
baseline_phi2,2.0,3.0,0.8,2.0,33,0.5,0.6,1,49,50,0,0,0,0.4817,0.4852,0.2378,0.7275,0.7073,5.98,5.44,1.146,1.146,41,0
baseline_phi2,2.0,3.0,0.8,2.0,34,0.47,0.46,1,49,50,0,0,0,0.4762,0.4966,0.2271,0.6356,0.6852,4.98,5.6,1.146,1.146,48,0
baseline_phi2,2.0,3.0,0.8,2.0,35,0.44,0.32,1,49,50,0,0,0,0.4525,0.4695,0.2142,0.5438,0.6407,4.0,5.34,-2.384,2.384,48,0
baseline_phi2,2.0,3.0,0.8,2.0,36,0.48,0.56,1,49,50,0,0,0,0.4767,0.4303,0.2243,0.5104,0.5963,3.86,4.96,0.793,0.793,29,0
baseline_phi2,2.0,3.0,0.8,2.0,37,0.47,0.46,0,49,51,0,1,0,0.4608,0.4635,0.221,0.4539,0.5569,3.33,4.51,NaN,NaN,26,0
baseline_phi2,2.0,3.0,0.8,2.0,38,0.49,0.5,0,49,51,0,0,0,0.4683,0.4552,0.2232,0.4437,0.4914,3.63,3.82,NaN,NaN,23,0
baseline_phi2,2.0,3.0,0.8,2.0,39,0.44,0.48,0,49,51,0,0,0,0.4783,0.4675,0.2293,0.41,0.4482,3.63,3.53,NaN,NaN,23,0
baseline_phi2,2.0,3.0,0.8,2.0,40,0.48,0.56,0,49,51,0,0,0,0.4617,0.4828,0.2299,0.3885,0.4275,3.69,3.57,NaN,NaN,16,0
baseline_phi2,2.0,3.0,0.8,2.0,41,0.46,0.52,0,49,51,0,0,0,0.4642,0.4631,0.2365,0.3785,0.4068,4.0,3.61,NaN,NaN,13,0
baseline_phi2,2.0,3.0,0.8,2.0,42,0.43,0.5,1,48,51,0,0,1,0.4225,0.471,0.2387,0.3705,0.3861,4.23,3.63,0.0,0.0,10,0
baseline_phi2,2.0,3.0,0.8,2.0,43,0.5,0.48,2,47,51,0,0,1,0.4633,0.4306,0.2256,0.3625,0.3652,4.43,3.76,-0.465,0.465,12,0
baseline_phi2,2.0,3.0,0.8,2.0,44,0.52,0.48,2,47,51,0,0,0,0.5233,0.4689,0.2268,0.3404,0.3558,4.43,4.04,-0.922,0.922,11,0
baseline_phi2,2.0,3.0,0.8,2.0,45,0.5,0.52,2,47,51,0,0,0,0.4967,0.5166,0.2369,0.3059,0.3574,4.3,4.53,-0.439,0.475,9,0
baseline_phi2,2.0,3.0,0.8,2.0,46,0.45,0.46,3,46,51,0,0,1,0.4775,0.4798,0.2373,0.2957,0.3589,4.61,5.06,-0.293,0.317,7,0
baseline_phi2,2.0,3.0,0.8,2.0,47,0.48,0.56,5,44,51,0,1,3,0.4633,0.4558,0.2376,0.2987,0.326,5.05,4.67,-0.427,0.427,6,0
baseline_phi2,2.0,3.0,0.8,2.0,48,0.51,0.5,9,42,49,0,0,4,0.4925,0.4519,0.245,0.3026,0.307,5.33,4.59,-0.213,0.341,5,0
baseline_phi2,2.0,3.0,0.8,2.0,49,0.47,0.54,12,41,47,0,0,3,0.4858,0.4876,0.25,0.2911,0.2864,5.54,4.38,0.215,0.657,5,0
baseline_phi2,2.0,3.0,0.8,2.0,50,0.46,0.52,17,39,44,0,0,5,0.4575,0.4876,0.2525,0.2946,0.2898,5.77,4.39,0.196,0.556,2,0
baseline_phi2,2.0,3.0,0.8,2.0,51,0.38,0.48,19,36,45,0,1,3,0.43,0.4588,0.2476,0.2817,0.3035,5.86,4.62,0.241,0.615,2,0
baseline_phi2,2.0,3.0,0.8,2.0,52,0.46,0.48,19,36,45,1,0,1,0.4233,0.4286,0.2465,0.2821,0.3051,5.83,5.13,-0.049,0.846,1,0
baseline_phi2,2.0,3.0,0.8,2.0,53,0.4,0.52,21,35,44,0,0,2,0.4045,0.4211,0.2383,0.2835,0.3078,6.37,5.43,-0.22,1.022,3,0
baseline_phi2,2.0,3.0,0.8,2.0,54,0.43,0.58,31,29,40,1,0,11,0.4125,0.4042,0.2389,0.3064,0.3138,6.07,5.5,-0.307,0.784,3,0
baseline_phi2,2.0,3.0,0.8,2.0,55,0.43,0.3,35,25,40,0,2,6,0.43,0.4101,0.2305,0.313,0.3412,6.24,5.55,-0.243,0.822,5,0
baseline_phi2,2.0,3.0,0.8,2.0,56,0.34,0.4,37,22,41,1,1,4,0.3875,0.4218,0.2189,0.3426,0.3543,6.14,5.78,-0.386,0.797,5,0
baseline_phi2,2.0,3.0,0.8,2.0,57,0.39,0.42,43,19,38,0,1,7,0.3517,0.3823,0.2338,0.3553,0.3763,6.05,5.61,-0.481,0.814,6,0
baseline_phi2,2.0,3.0,0.8,2.0,58,0.31,0.66,44,16,40,1,3,5,0.3567,0.3519,0.2653,0.4036,0.3981,5.5,5.08,-0.308,0.902,6,0
baseline_phi2,2.0,3.0,0.8,2.0,59,0.32,0.52,44,15,41,1,3,4,0.3283,0.3497,0.2795,0.4488,0.4355,5.07,4.71,-0.551,0.957,2,0
baseline_phi2,2.0,3.0,0.8,2.0,60,0.28,0.68,46,13,41,1,1,4,0.2825,0.3275,0.2971,0.5144,0.4499,4.46,4.71,-0.683,1.068,6,0
baseline_phi2,2.0,3.0,0.8,2.0,61,0.29,0.66,44,11,45,0,4,2,0.2667,0.2885,0.3055,0.5582,0.4827,3.91,4.56,-0.815,1.196,12,0
baseline_phi2,2.0,3.0,0.8,2.0,62,0.29,0.78,43,10,47,0,4,3,0.285,0.26,0.3354,0.5888,0.5199,3.7,4.13,-0.903,1.402,8,0
baseline_phi2,2.0,3.0,0.8,2.0,63,0.3,0.56,41,10,49,0,6,4,0.2975,0.2641,0.3385,0.5897,0.5743,3.9,3.37,-0.921,1.438,10,0
baseline_phi2,2.0,3.0,0.8,2.0,64,0.29,0.58,36,10,54,0,7,2,0.2625,0.2725,0.3376,0.5904,0.615,4.4,2.87,-0.657,1.33,10,0
baseline_phi2,2.0,3.0,0.8,2.0,65,0.21,0.7,33,9,58,0,4,1,0.2525,0.2384,0.359,0.6255,0.6292,4.11,2.78,-0.785,1.243,13,0
baseline_phi2,2.0,3.0,0.8,2.0,66,0.22,0.72,22,11,67,2,9,0,0.225,0.2234,0.3802,0.6584,0.6536,3.55,2.52,-0.754,1.429,15,0
baseline_phi2,2.0,3.0,0.8,2.0,67,0.22,0.6,19,12,69,2,4,3,0.1942,0.191,0.3834,0.7148,0.6737,3.17,2.39,-1.15,1.15,20,0
baseline_phi2,2.0,3.0,0.8,2.0,68,0.14,0.76,17,11,72,0,4,2,0.1708,0.1677,0.4091,0.7549,0.6868,3.36,2.29,-1.162,1.192,15,0
baseline_phi2,2.0,3.0,0.8,2.0,69,0.16,0.72,17,11,72,0,2,2,0.169,0.1578,0.4224,0.755,0.702,4.09,2.19,-1.036,1.036,19,0
baseline_phi2,2.0,3.0,0.8,2.0,70,0.16,0.72,15,11,74,0,2,0,0.1442,0.1672,0.4322,0.755,0.7059,4.82,2.27,-0.86,1.256,23,0
baseline_phi2,2.0,3.0,0.8,2.0,71,0.1,0.8,13,11,76,0,3,1,0.1317,0.1418,0.4594,0.704,0.7159,4.73,2.16,-0.769,1.237,15,0
baseline_phi2,2.0,3.0,0.8,2.0,72,0.08,0.84,13,10,77,0,1,1,0.1142,0.1209,0.4841,0.6896,0.7182,4.2,2.21,-0.792,1.363,13,0
baseline_phi2,2.0,3.0,0.8,2.0,73,0.1,0.8,11,11,78,1,1,0,0.0782,0.1119,0.502,0.6996,0.7206,4.55,2.24,-1.22,1.526,15,0
baseline_phi2,2.0,3.0,0.8,2.0,74,0.11,0.78,5,12,83,1,5,0,0.0917,0.0982,0.5197,0.7083,0.7265,4.92,2.23,-1.204,1.214,19,0
baseline_phi2,2.0,3.0,0.8,2.0,75,0.09,0.86,5,12,83,0,0,0,0.1132,0.107,0.5419,0.6616,0.7278,4.83,2.31,-1.505,1.505,13,0
baseline_phi2,2.0,3.0,0.8,2.0,76,0.1,0.84,5,12,83,0,0,0,0.109,0.1107,0.5603,0.5681,0.7291,4.0,2.4,-1.581,1.787,14,0
baseline_phi2,2.0,3.0,0.8,2.0,77,0.08,0.84,4,12,84,0,1,0,0.0903,0.0954,0.5806,0.5681,0.7311,4.83,2.45,-1.525,1.666,12,0
baseline_phi2,2.0,3.0,0.8,2.0,78,0.13,0.82,4,12,84,0,0,0,0.1025,0.0858,0.5937,0.5222,0.7324,4.67,2.54,-1.73,1.766,13,0
baseline_phi2,2.0,3.0,0.8,2.0,79,0.1,0.8,2,12,86,0,2,0,0.1077,0.0917,0.6022,0.4287,0.7351,4.0,2.58,-1.035,1.035,12,0
baseline_phi2,2.0,3.0,0.8,2.0,80,0.07,0.86,2,12,86,0,0,0,0.0815,0.0825,0.6188,0.3819,0.7333,4.17,2.53,-1.216,1.216,9,0
baseline_phi2,2.0,3.0,0.8,2.0,81,0.04,0.92,2,11,87,0,1,1,0.0793,0.0637,0.643,0.3437,0.7354,3.82,2.55,-0.29,0.29,7,0
baseline_phi2,2.0,3.0,0.8,2.0,82,0.05,0.9,2,11,87,0,0,0,0.057,0.0543,0.6645,0.3437,0.7366,4.82,2.61,-0.526,0.526,6,0
baseline_phi2,2.0,3.0,0.8,2.0,83,0.06,0.88,2,11,87,0,0,0,0.0478,0.0478,0.682,0.3437,0.7378,5.82,2.68,-0.811,0.811,7,0
baseline_phi2,2.0,3.0,0.8,2.0,84,0.04,0.96,3,10,87,0,0,1,0.0508,0.0389,0.7026,0.2975,0.736,5.4,2.6,-0.712,0.712,4,0
baseline_phi2,2.0,3.0,0.8,2.0,85,0.03,0.94,3,10,87,0,0,0,0.0465,0.0355,0.724,0.2975,0.7372,6.4,2.63,-1.053,1.053,3,0
baseline_phi2,2.0,3.0,0.8,2.0,86,0.05,0.9,5,8,87,0,0,2,0.0405,0.0356,0.7375,0.241,0.7384,5.5,2.69,-0.816,0.816,4,0
baseline_phi2,2.0,3.0,0.8,2.0,87,0.04,0.92,6,7,87,0,0,1,0.0402,0.0268,0.7537,0.2404,0.7397,6.0,2.72,-0.906,0.906,4,0
baseline_phi2,2.0,3.0,0.8,2.0,88,0.01,0.98,7,6,87,0,0,1,0.0312,0.0248,0.7756,0.2404,0.741,6.5,2.74,-1.263,1.263,1,0
baseline_phi2,2.0,3.0,0.8,2.0,89,0.06,0.88,9,4,87,0,0,2,0.0383,0.0179,0.7819,0.2404,0.7422,6.25,2.78,-1.196,1.196,4,0
baseline_phi2,2.0,3.0,0.8,2.0,90,0.01,0.98,10,3,87,0,0,1,0.0308,0.0205,0.8012,0.2404,0.7435,6.33,2.79,-1.425,1.425,1,0
baseline_phi2,2.0,3.0,0.8,2.0,91,0.02,0.96,10,2,88,0,1,1,0.0253,0.0155,0.8166,0.2422,0.7454,5.5,2.77,-1.355,1.355,1,0
baseline_phi2,2.0,3.0,0.8,2.0,92,0.0,1.0,9,2,89,0,1,0,0.025,0.0145,0.835,0.2422,0.7473,6.5,2.74,-1.397,1.397,0,0
baseline_phi2,2.0,3.0,0.8,2.0,93,0.03,0.94,9,2,89,0,0,0,0.0143,0.0154,0.8412,0.2422,0.7485,7.5,2.78,-1.611,1.611,2,0
baseline_phi2,2.0,3.0,0.8,2.0,94,0.0,1.0,10,1,89,0,0,1,0.01,0.0089,0.8571,0.2444,0.7497,7.0,2.78,-1.624,1.624,0,0
baseline_phi2,2.0,3.0,0.8,2.0,95,0.0,1.0,10,1,89,0,0,0,0.0075,0.0051,0.8714,0.2444,0.751,8.0,2.78,-1.811,1.811,0,0
baseline_phi2,2.0,3.0,0.8,2.0,96,0.0,1.0,9,1,90,0,1,0,0.0075,0.0043,0.8842,0.2444,0.7528,9.0,2.74,-1.866,1.866,0,1
baseline_phi2,2.0,3.0,0.8,2.0,97,0.02,0.96,10,0,90,0,0,1,0.0085,0.0043,0.8905,NaN,0.754,NaN,2.74,-1.824,1.824,1,2
baseline_phi2,2.0,3.0,0.8,2.0,98,0.01,0.98,9,0,91,0,1,0,0.007,0.0054,0.8986,NaN,0.7557,NaN,2.73,-2.081,2.081,0,3
baseline_phi2,2.0,3.0,0.8,2.0,99,0.01,0.98,8,0,92,0,1,0,0.0095,0.005,0.906,NaN,0.7573,NaN,2.71,-2.145,2.145,1,4
baseline_phi2,2.0,3.0,0.8,2.0,100,0.01,0.98,7,0,93,0,1,0,0.012,0.006,0.9125,NaN,0.759,NaN,2.68,-2.185,2.185,1,5
baseline_phi2,2.0,3.0,0.8,2.0,101,0.0,1.0,6,0,94,0,1,0,0.0095,0.0068,0.9212,NaN,0.7606,NaN,2.65,-2.405,2.405,0,6
baseline_phi2,2.0,3.0,0.8,2.0,102,0.0,1.0,5,0,95,0,1,0,0.005,0.0043,0.9291,NaN,0.7622,NaN,2.62,-2.37,2.37,0,7
baseline_phi2,2.0,3.0,0.8,2.0,103,0.0,1.0,5,0,95,0,0,0,0.0025,0.0016,0.9362,NaN,0.7634,NaN,2.62,-2.44,2.44,0,8
baseline_phi2,2.0,3.0,0.8,2.0,104,0.0,1.0,5,0,95,0,0,0,0.002,0.0008,0.9426,NaN,0.7646,NaN,2.62,-2.503,2.503,0,9
baseline_phi2,2.0,3.0,0.8,2.0,105,0.0,1.0,5,0,95,0,0,0,0.0,0.0006,0.9483,NaN,0.7658,NaN,2.62,-2.56,2.56,0,10
baseline_phi2,2.0,3.0,0.8,2.0,106,0.0,1.0,5,0,95,0,0,0,0.0,0.0,0.9535,NaN,0.7669,NaN,2.62,-2.611,2.611,0,11
baseline_phi2,2.0,3.0,0.8,2.0,107,0.0,1.0,5,0,95,0,0,0,0.0,0.0,0.9581,NaN,0.7681,NaN,2.62,-2.657,2.657,0,12
baseline_phi2,2.0,3.0,0.8,2.0,108,0.0,1.0,5,0,95,0,0,0,0.0,0.0,0.9623,NaN,0.7693,NaN,2.62,-2.698,2.698,0,13
baseline_phi2,2.0,3.0,0.8,2.0,109,0.0,1.0,5,0,95,0,0,0,0.0,0.0,0.9661,NaN,0.7704,NaN,2.62,-2.735,2.735,0,14
baseline_phi2,2.0,3.0,0.8,2.0,110,0.0,1.0,5,0,95,0,0,0,0.0,0.0,0.9695,NaN,0.7716,NaN,2.62,-2.769,2.769,0,15
baseline_phi2,2.0,3.0,0.8,2.0,111,0.0,1.0,5,0,95,0,0,0,0.0,0.0,0.9725,NaN,0.7727,NaN,2.62,-2.799,2.799,0,16
baseline_phi2,2.0,3.0,0.8,2.0,112,0.0,1.0,5,0,95,0,0,0,0.0,0.0,0.9753,NaN,0.7739,NaN,2.62,-2.826,2.826,0,17
baseline_phi2,2.0,3.0,0.8,2.0,113,0.0,1.0,5,0,95,0,0,0,0.0,0.0,0.9777,NaN,0.775,NaN,2.62,-2.851,2.851,0,18
baseline_phi2,2.0,3.0,0.8,2.0,114,0.0,1.0,5,0,95,0,0,0,0.0,0.0,0.98,NaN,0.7761,NaN,2.62,-2.873,2.873,0,19
baseline_phi2,2.0,3.0,0.8,2.0,115,0.0,1.0,4,0,96,0,1,0,0.0,0.0,0.982,NaN,0.7775,NaN,2.59,-2.865,2.865,0,20
baseline_phi2,2.0,3.0,0.8,2.0,116,0.0,1.0,4,0,96,0,0,0,0.0,0.0,0.9838,NaN,0.7786,NaN,2.59,-2.885,2.885,0,21
baseline_phi2,2.0,3.0,0.8,2.0,117,0.0,1.0,3,0,97,0,1,0,0.0,0.0,0.9854,NaN,0.7799,NaN,2.57,-2.871,2.871,0,22
baseline_phi2,2.0,3.0,0.8,2.0,118,0.0,1.0,3,0,97,0,0,0,0.0,0.0,0.9869,NaN,0.781,NaN,2.57,-2.889,2.889,0,23
baseline_phi2,2.0,3.0,0.8,2.0,119,0.0,1.0,3,0,97,0,0,0,0.0,0.0,0.9882,NaN,0.7821,NaN,2.57,-2.905,2.905,0,24
baseline_phi2,2.0,3.0,0.8,2.0,120,0.0,1.0,2,0,98,0,1,0,0.0,0.0,0.9894,NaN,0.7833,NaN,2.54,-2.874,2.874,0,25
baseline_phi2,2.0,3.0,0.8,2.0,121,0.0,1.0,2,0,98,0,0,0,0.0,0.0,0.9904,NaN,0.7844,NaN,2.54,-2.888,2.888,0,26
baseline_phi2,2.0,3.0,0.8,2.0,122,0.0,1.0,2,0,98,0,0,0,0.0,0.0,0.9914,NaN,0.7855,NaN,2.54,-2.9,2.9,0,27
baseline_phi2,2.0,3.0,0.8,2.0,123,0.0,1.0,2,0,98,0,0,0,0.0,0.0,0.9922,NaN,0.7866,NaN,2.54,-2.911,2.911,0,28
baseline_phi2,2.0,3.0,0.8,2.0,124,0.0,1.0,2,0,98,0,0,0,0.0,0.0,0.993,NaN,0.7877,NaN,2.54,-2.921,2.921,0,29
baseline_phi2,2.0,3.0,0.8,2.0,125,0.0,1.0,2,0,98,0,0,0,0.0,0.0,0.9937,NaN,0.7887,NaN,2.54,-2.929,2.929,0,30
baseline_phi2,2.0,3.0,0.8,2.0,126,0.0,1.0,2,0,98,0,0,0,0.0,0.0,0.9943,NaN,0.7898,NaN,2.54,-2.937,2.937,0,31
baseline_phi2,2.0,3.0,0.8,2.0,127,0.0,1.0,2,0,98,0,0,0,0.0,0.0,0.9949,NaN,0.7908,NaN,2.54,-2.945,2.945,0,32
baseline_phi2,2.0,3.0,0.8,2.0,128,0.0,1.0,2,0,98,0,0,0,0.0,0.0,0.9954,NaN,0.7919,NaN,2.54,-2.951,2.951,0,33
baseline_phi2,2.0,3.0,0.8,2.0,129,0.0,1.0,2,0,98,0,0,0,0.0,0.0,0.9959,NaN,0.7929,NaN,2.54,-2.957,2.957,0,34
baseline_phi2,2.0,3.0,0.8,2.0,130,0.0,1.0,2,0,98,0,0,0,0.0,0.0,0.9963,NaN,0.7939,NaN,2.54,-2.962,2.962,0,35
baseline_phi2,2.0,3.0,0.8,2.0,131,0.0,1.0,2,0,98,0,0,0,0.0,0.0,0.9967,NaN,0.795,NaN,2.54,-2.967,2.967,0,36
baseline_phi2,2.0,3.0,0.8,2.0,132,0.0,1.0,2,0,98,0,0,0,0.0,0.0,0.997,NaN,0.796,NaN,2.54,-2.971,2.971,0,37
baseline_phi2,2.0,3.0,0.8,2.0,133,0.0,1.0,2,0,98,0,0,0,0.0,0.0,0.9973,NaN,0.797,NaN,2.54,-2.975,2.975,0,38
baseline_phi2,2.0,3.0,0.8,2.0,134,0.0,1.0,2,0,98,0,0,0,0.0,0.0,0.9976,NaN,0.798,NaN,2.54,-2.978,2.978,0,39
baseline_phi2,2.0,3.0,0.8,2.0,135,0.0,1.0,2,0,98,0,0,0,0.0,0.0,0.9978,NaN,0.799,NaN,2.54,-2.981,2.981,0,40
baseline_phi2,2.0,3.0,0.8,2.0,136,0.0,1.0,2,0,98,0,0,0,0.0,0.0,0.998,NaN,0.8,NaN,2.54,-2.984,2.984,0,41
baseline_phi2,2.0,3.0,0.8,2.0,137,0.0,1.0,2,0,98,0,0,0,0.0,0.0,0.9982,NaN,0.801,NaN,2.54,-2.987,2.987,0,42
baseline_phi2,2.0,3.0,0.8,2.0,138,0.0,1.0,2,0,98,0,0,0,0.0,0.0,0.9984,NaN,0.802,NaN,2.54,-2.989,2.989,0,43
baseline_phi2,2.0,3.0,0.8,2.0,139,0.0,1.0,2,0,98,0,0,0,0.0,0.0,0.9986,NaN,0.803,NaN,2.54,-2.991,2.991,0,44
baseline_phi2,2.0,3.0,0.8,2.0,140,0.0,1.0,2,0,98,0,0,0,0.0,0.0,0.9987,NaN,0.804,NaN,2.54,-2.993,2.993,0,45
baseline_phi2,2.0,3.0,0.8,2.0,141,0.0,1.0,2,0,98,0,0,0,0.0,0.0,0.9988,NaN,0.805,NaN,2.54,-2.994,2.994,0,46
baseline_phi2,2.0,3.0,0.8,2.0,142,0.0,1.0,2,0,98,0,0,0,0.0,0.0,0.999,NaN,0.806,NaN,2.54,-2.996,2.996,0,47
baseline_phi2,2.0,3.0,0.8,2.0,143,0.0,1.0,2,0,98,0,0,0,0.0,0.0,0.9991,NaN,0.8069,NaN,2.54,-2.997,2.997,0,48
baseline_phi2,2.0,3.0,0.8,2.0,144,0.0,1.0,2,0,98,0,0,0,0.0,0.0,0.9992,NaN,0.8079,NaN,2.54,-2.998,2.998,0,49
baseline_phi2,2.0,3.0,0.8,2.0,145,0.0,1.0,1,0,99,0,1,0,0.0,0.0,0.9992,NaN,0.8088,NaN,2.52,-2.998,2.998,0,50
