tick,Phi,fraction_A,majority,coordination_rate,num_crystallised,norm_A,norm_B,no_norm,norm_split,num_enforcements,mean_anomaly,mean_norm_strength
1,0.0,0.49,0.51,0.58,0,0,0,100,0,0,0.0,0.0
2,0.0,0.49,0.51,0.38,0,0,0,100,0,0,0.0,0.0
3,0.0,0.48,0.52,0.44,0,0,0,100,0,0,0.0,0.0
4,0.0,0.41,0.5900000000000001,0.5,0,0,0,100,0,0,0.0,0.0
5,0.0,0.52,0.52,0.44,0,0,0,100,0,0,0.0,0.0
6,0.0,0.44,0.56,0.56,2,1,1,98,1,0,0.0,0.8
7,0.0,0.55,0.55,0.54,2,1,1,98,1,0,0.0,0.801
8,0.0,0.53,0.53,0.42,4,2,2,96,2,0,0.5,0.8005
9,0.0,0.6,0.6,0.56,8,4,4,92,4,0,0.38,0.800624375
10,0.0,0.57,0.57,0.5,13,7,6,87,6,0,0.54,0.8006915384615385
11,0.0,0.56,0.56,0.52,17,9,8,83,8,0,0.76,0.8009385323529413
12,0.0,0.47,0.53,0.54,23,12,11,77,11,0,0.83,0.8011700076032611
13,0.0,0.54,0.54,0.52,24,13,11,76,11,0,1.38,0.8014943874895833
14,0.0,0.54,0.54,0.56,27,15,12,73,12,0,1.7,0.8017329814629632
15,0.0,0.51,0.51,0.54,29,16,13,71,13,0,2.07,0.8020591628965734
16,0.0,0.52,0.52,0.48,30,17,13,70,13,0,2.5,0.8024522207001876
17,0.0,0.55,0.55,0.54,32,18,14,68,14,0,2.81,0.8027614958091989
18,0.0,0.62,0.62,0.6,37,22,15,63,15,0,2.86,0.802814713771249
19,0.0,0.56,0.56,0.36,39,24,15,61,15,0,3.33,0.8030002623568097
20,0.0,0.58,0.58,0.48,44,28,16,56,16,0,3.32,0.8031747276611753
21,0.0,0.59,0.59,0.46,46,29,17,54,17,0,3.61,0.80355046297942
22,0.0,0.48,0.52,0.52,48,29,19,52,19,0,3.46,0.7804854524685357
23,0.0,0.57,0.57,0.46,48,29,19,52,19,0,3.81,0.7692498418172932
24,0.0,0.49,0.51,0.54,49,29,20,51,20,0,4.06,0.7705735680398619
25,0.0,0.6,0.6,0.56,51,30,21,49,21,0,4.0,0.761438795642977
26,0.0,0.55,0.55,0.58,52,30,22,48,22,0,3.83,0.7302003011788221
27,0.0,0.57,0.57,0.5,52,30,22,48,22,0,3.65,0.6872690955565566
28,0.0,0.64,0.64,0.56,55,33,22,45,22,0,3.6,0.6840807423959606
29,0.0,0.63,0.63,0.5,56,34,22,44,22,0,3.96,0.686985776711144
30,0.0,0.64,0.64,0.48,61,38,23,39,23,0,3.74,0.6785267910623297
31,0.0,0.63,0.63,0.62,61,38,23,39,23,0,3.9,0.6606542729179555
32,0.0,0.62,0.62,0.44,64,41,23,36,23,0,3.86,0.6503781627737485
33,0.0,0.65,0.65,0.58,67,44,23,33,23,0,4.06,0.658013187654155
34,0.0,0.68,0.68,0.44,70,47,23,30,23,0,3.97,0.640511440241402
35,0.0,0.68,0.68,0.6,71,48,23,29,23,0,4.03,0.6275998297277426
36,0.0,0.73,0.73,0.54,74,51,23,26,23,0,3.85,0.6127029245088793
37,0.0,0.74,0.74,0.72,74,52,22,26,22,0,4.07,0.621045626823286
38,0.0,0.75,0.75,0.58,75,54,21,25,21,0,4.09,0.6166115672176985
39,0.0,0.85,0.85,0.74,80,60,20,20,20,0,3.86,0.62876879308018
40,0.0,0.79,0.79,0.66,80,61,19,20,19,0,3.58,0.6080799893743993
41,0.0,0.86,0.86,0.84,79,62,17,21,17,0,3.47,0.6135428079101178
42,0.0,0.85,0.85,0.78,83,66,17,17,17,0,3.58,0.6235632817670085
43,0.0,0.86,0.86,0.76,83,66,17,17,17,0,3.78,0.6177270146445158
44,0.0,0.92,0.92,0.88,81,68,13,19,13,0,3.64,0.6410619525172986
45,0.0,0.89,0.89,0.82,80,70,10,20,10,0,3.34,0.65407051823092
46,0.0,0.95,0.95,0.9,81,73,8,19,8,0,3.23,0.6707031249019884
47,0.0,0.93,0.93,0.9,82,74,8,18,8,0,3.22,0.6664937214055198
48,0.0,0.95,0.95,0.9,83,77,6,17,6,0,2.95,0.6757178101473422
49,0.0,0.95,0.95,0.9,85,80,5,15,5,0,2.89,0.6864665396054447
50,0.0,0.96,0.96,0.92,86,82,4,14,4,0,2.84,0.695502237247066
51,0.0,0.98,0.98,0.96,88,85,3,12,3,0,2.73,0.7054727694596934
52,0.0,0.97,0.97,0.94,89,87,2,11,2,0,2.65,0.7139816269396414
53,0.0,1.0,1.0,1.0,89,87,2,11,2,0,2.67,0.7153268023839543
54,0.0,0.99,0.99,0.98,88,87,1,12,1,0,2.62,0.721992352078593
55,0.0,1.0,1.0,1.0,88,88,0,12,0,0,2.52,0.7296860533927614
56,0.0,0.99,0.99,0.98,89,89,0,11,0,0,2.49,0.7318124812929231
57,0.0,1.0,1.0,1.0,89,89,0,11,0,0,2.49,0.7331534188864585
58,0.0,0.99,0.99,0.98,90,90,0,10,0,0,2.48,0.7352048924049642
59,0.0,1.0,1.0,1.0,91,91,0,9,0,0,2.45,0.7372263529105992
60,0.0,1.0,1.0,1.0,91,91,0,9,0,0,2.45,0.7385402211460466
61,0.0,1.0,1.0,1.0,92,92,0,8,0,0,2.42,0.7405013513442256
62,0.0,1.0,1.0,1.0,92,92,0,8,0,0,2.42,0.7417988445875049
63,0.0,1.0,1.0,1.0,92,92,0,8,0,0,2.42,0.743089850364567
64,0.0,1.0,1.0,1.0,92,92,0,8,0,0,2.42,0.7443744011127443
65,0.0,1.0,1.0,1.0,93,93,0,7,0,0,2.4,0.7462369105146304
66,0.0,1.0,1.0,1.0,94,94,0,6,0,0,2.37,0.7480641756858649
67,0.0,1.0,1.0,1.0,96,96,0,4,0,0,2.32,0.750379607832281
68,0.0,1.0,1.0,1.0,96,96,0,4,0,0,2.32,0.7516277097931191
69,0.0,1.0,1.0,1.0,96,96,0,4,0,0,2.32,0.7528695712441538
70,0.0,1.0,1.0,1.0,96,96,0,4,0,0,2.32,0.754105223387933
71,0.0,1.0,1.0,1.0,96,96,0,4,0,0,2.32,0.7553346972709934
72,0.0,1.0,1.0,1.0,96,96,0,4,0,0,2.32,0.7565580237846384
73,0.0,1.0,1.0,1.0,96,96,0,4,0,0,2.32,0.7577752336657153
74,0.0,1.0,1.0,1.0,96,96,0,4,0,0,2.32,0.758986357497387
75,0.0,1.0,1.0,1.0,96,96,0,4,0,0,2.32,0.7601914257098993
76,0.0,1.0,1.0,1.0,96,96,0,4,0,0,2.32,0.7613904685813506
77,0.0,1.0,1.0,1.0,96,96,0,4,0,0,2.32,0.7625835162384434
78,0.0,1.0,1.0,1.0,96,96,0,4,0,0,2.32,0.763770598657251
79,0.0,1.0,1.0,1.0,96,96,0,4,0,0,2.32,0.7649517456639647
80,0.0,1.0,1.0,1.0,96,96,0,4,0,0,2.32,0.766126986935645
81,0.0,1.0,1.0,1.0,96,96,0,4,0,0,2.32,0.7672963520009671
82,0.0,1.0,1.0,1.0,96,96,0,4,0,0,2.32,0.7684598702409624
83,0.0,1.0,1.0,1.0,96,96,0,4,0,0,2.32,0.7696175708897574
84,0.0,1.0,1.0,1.0,96,96,0,4,0,0,2.32,0.7707694830353086
85,0.0,1.0,1.0,1.0,97,97,0,3,0,0,2.3,0.7722051651498213
86,0.0,1.0,1.0,1.0,97,97,0,3,0,0,2.3,0.7733441393240722
87,0.0,1.0,1.0,1.0,97,97,0,3,0,0,2.3,0.7744774186274515
88,0.0,1.0,1.0,1.0,97,97,0,3,0,0,2.3,0.7756050315343148
89,0.0,1.0,1.0,1.0,97,97,0,3,0,0,2.3,0.7767270063766432
90,0.0,1.0,1.0,1.0,97,97,0,3,0,0,2.3,0.7778433713447593
91,0.0,1.0,1.0,1.0,97,97,0,3,0,0,2.3,0.778954154488036
92,0.0,1.0,1.0,1.0,97,97,0,3,0,0,2.3,0.7800593837155958
93,0.0,1.0,1.0,1.0,97,97,0,3,0,0,2.3,0.7811590867970174
94,0.0,1.0,1.0,1.0,97,97,0,3,0,0,2.3,0.782253291363033
95,0.0,1.0,1.0,1.0,97,97,0,3,0,0,2.3,0.7833420249062176
96,0.0,1.0,1.0,1.0,97,97,0,3,0,0,2.3,0.7844253147816866
97,0.0,1.0,1.0,1.0,97,97,0,3,0,0,2.3,0.7855031882077782
98,0.0,1.0,1.0,1.0,97,97,0,3,0,0,2.3,0.7865756722667393
99,0.0,1.0,1.0,1.0,97,97,0,3,0,0,2.3,0.7876427939054054
100,0.0,1.0,1.0,1.0,97,97,0,3,0,0,2.3,0.7887045799358781
101,0.0,1.0,1.0,1.0,97,97,0,3,0,0,2.3,0.7897610570361987
102,0.0,1.0,1.0,1.0,97,97,0,3,0,0,2.3,0.7908122517510179
103,0.0,1.0,1.0,1.0,97,97,0,3,0,0,2.3,0.7918581904922629
104,0.0,1.0,1.0,1.0,97,97,0,3,0,0,2.3,0.7928988995398017
105,0.0,1.0,1.0,1.0,97,97,0,3,0,0,2.3,0.7939344050421026
106,0.0,1.0,1.0,1.0,97,97,0,3,0,0,2.3,0.7949647330168922
107,0.0,1.0,1.0,1.0,97,97,0,3,0,0,2.3,0.7959899093518074
108,0.0,1.0,1.0,1.0,97,97,0,3,0,0,2.3,0.7970099598050484
109,0.0,1.0,1.0,1.0,97,97,0,3,0,0,2.3,0.7980249100060229
110,0.0,1.0,1.0,1.0,97,97,0,3,0,0,2.3,0.799034785455993
111,0.0,1.0,1.0,1.0,97,97,0,3,0,0,2.3,0.8000396115287133
112,0.0,1.0,1.0,1.0,97,97,0,3,0,0,2.3,0.8010394134710697
113,0.0,1.0,1.0,1.0,97,97,0,3,0,0,2.3,0.8020342164037149
114,0.0,1.0,1.0,1.0,97,97,0,3,0,0,2.3,0.8030240453216955
115,0.0,1.0,1.0,1.0,97,97,0,3,0,0,2.3,0.804008925095087
116,0.0,1.0,1.0,1.0,97,97,0,3,0,0,2.3,0.8049888804696118
117,0.0,1.0,1.0,1.0,97,97,0,3,0,0,2.3,0.8059639360672632
118,0.0,1.0,1.0,1.0,97,97,0,3,0,0,2.3,0.8069341163869272
119,0.0,1.0,1.0,1.0,97,97,0,3,0,0,2.3,0.8078994458049928
120,0.0,1.0,1.0,1.0,97,97,0,3,0,0,2.3,0.8088599485759678
121,0.0,1.0,1.0,1.0,97,97,0,3,0,0,2.3,0.8098156488330883
122,0.0,1.0,1.0,1.0,97,97,0,3,0,0,2.3,0.8107665705889223
123,0.0,1.0,1.0,1.0,97,97,0,3,0,0,2.3,0.8117127377359781
124,0.0,1.0,1.0,1.0,97,97,0,3,0,0,2.3,0.8126541740472979
125,0.0,1.0,1.0,1.0,97,97,0,3,0,0,2.3,0.8135909031770613
126,0.0,1.0,1.0,1.0,97,97,0,3,0,0,2.3,0.8145229486611759
127,0.0,1.0,1.0,1.0,97,97,0,3,0,0,2.3,0.8154503339178705
128,0.0,1.0,1.0,1.0,97,97,0,3,0,0,2.3,0.8163730822482811
129,0.0,1.0,1.0,1.0,97,97,0,3,0,0,2.3,0.8172912168370394
130,0.0,1.0,1.0,1.0,97,97,0,3,0,0,2.3,0.8182047607528545
131,0.0,1.0,1.0,1.0,97,97,0,3,0,0,2.3,0.8191137369490903
132,0.0,1.0,1.0,1.0,97,97,0,3,0,0,2.3,0.8200181682643446
133,0.0,1.0,1.0,1.0,97,97,0,3,0,0,2.3,0.820918077423023
134,0.0,1.0,1.0,1.0,97,97,0,3,0,0,2.3,0.8218134870359075
135,0.0,1.0,1.0,1.0,97,97,0,3,0,0,2.3,0.822704419600728
136,0.0,1.0,1.0,1.0,97,97,0,3,0,0,2.3,0.8235908975027245
137,0.0,1.0,1.0,1.0,97,97,0,3,0,0,2.3,0.8244729430152108
138,0.0,1.0,1.0,1.0,97,97,0,3,0,0,2.3,0.8253505783001351
139,0.0,1.0,1.0,1.0,97,97,0,3,0,0,2.3,0.8262238254086345
140,0.0,1.0,1.0,1.0,97,97,0,3,0,0,2.3,0.827092706281591
141,0.0,1.0,1.0,1.0,97,97,0,3,0,0,2.3,0.8279572427501829
142,0.0,1.0,1.0,1.0,97,97,0,3,0,0,2.3,0.8288174565364324
143,0.0,1.0,1.0,1.0,97,97,0,3,0,0,2.3,0.8296733692537499
144,0.0,1.0,1.0,1.0,97,97,0,3,0,0,2.3,0.8305250024074811
145,0.0,1.0,1.0,1.0,97,97,0,3,0,0,2.3,0.8313723773954439
146,0.0,1.0,1.0,1.0,97,97,0,3,0,0,2.3,0.8322155155084668
147,0.0,1.0,1.0,1.0,97,97,0,3,0,0,2.3,0.8330544379309243
148,0.0,1.0,1.0,1.0,97,97,0,3,0,0,2.3,0.8338891657412696
149,0.0,1.0,1.0,1.0,97,97,0,3,0,0,2.3,0.834719719912563
150,0.0,1.0,1.0,1.0,97,97,0,3,0,0,2.3,0.8355461213130008
151,0.0,1.0,1.0,1.0,97,97,0,3,0,0,2.3,0.8363683907064353
152,0.0,1.0,1.0,1.0,97,97,0,3,0,0,2.3,0.8371865487529033
153,0.0,1.0,1.0,1.0,97,97,0,3,0,0,2.3,0.8380006160091388
154,0.0,1.0,1.0,1.0,97,97,0,3,0,0,2.3,0.8388106129290933
155,0.0,1.0,1.0,1.0,97,97,0,3,0,0,2.3,0.8396165598644476
156,0.0,1.0,1.0,1.0,97,97,0,3,0,0,2.3,0.8404184770651253
157,0.0,1.0,1.0,1.0,97,97,0,3,0,0,2.3,0.8412163846798
158,0.0,1.0,1.0,1.0,97,97,0,3,0,0,2.3,0.8420103027564009
159,0.0,1.0,1.0,1.0,97,97,0,3,0,0,2.3,0.8428002512426187
160,0.0,1.0,1.0,1.0,97,97,0,3,0,0,2.3,0.8435862499864055
161,0.0,1.0,1.0,1.0,97,97,0,3,0,0,2.3,0.8443683187364739
162,0.0,1.0,1.0,1.0,97,97,0,3,0,0,2.3,0.8451464771427916
163,0.0,1.0,1.0,1.0,97,97,0,3,0,0,2.3,0.8459207447570771
164,0.0,1.0,1.0,1.0,97,97,0,3,0,0,2.3,0.8466911410332925
165,0.0,1.0,1.0,1.0,97,97,0,3,0,0,2.3,0.8474576853281259
166,0.0,1.0,1.0,1.0,97,97,0,3,0,0,2.3,0.8482203969014845
167,0.0,1.0,1.0,1.0,97,97,0,3,0,0,2.3,0.8489792949169774
168,0.0,1.0,1.0,1.0,97,97,0,3,0,0,2.3,0.8497343984423926
169,0.0,1.0,1.0,1.0,97,97,0,3,0,0,2.3,0.8504857264501807
170,0.0,1.0,1.0,1.0,97,97,0,3,0,0,2.3,0.8512332978179293
171,0.0,1.0,1.0,1.0,97,97,0,3,0,0,2.3,0.8519771313288405
172,0.0,1.0,1.0,1.0,97,97,0,3,0,0,2.3,0.8527172456721958
173,0.0,1.0,1.0,1.0,97,97,0,3,0,0,2.3,0.853453659443835
174,0.0,1.0,1.0,1.0,97,97,0,3,0,0,2.3,0.8541863911466157
175,0.0,1.0,1.0,1.0,97,97,0,3,0,0,2.3,0.8549154591908825
176,0.0,1.0,1.0,1.0,97,97,0,3,0,0,2.3,0.8556408818949285
177,0.0,1.0,1.0,1.0,97,97,0,3,0,0,2.3,0.8563626774854538
178,0.0,1.0,1.0,1.0,97,97,0,3,0,0,2.3,0.8570808640980263
179,0.0,1.0,1.0,1.0,97,97,0,3,0,0,2.3,0.8577954597775364
180,0.0,1.0,1.0,1.0,97,97,0,3,0,0,2.3,0.8585064824786481
181,0.0,1.0,1.0,1.0,97,97,0,3,0,0,2.3,0.8592139500662548
182,0.0,1.0,1.0,1.0,97,97,0,3,0,0,2.3,0.8599178803159241
183,0.0,1.0,1.0,1.0,97,97,0,3,0,0,2.3,0.8606182909143443
184,0.0,1.0,1.0,1.0,97,97,0,3,0,0,2.3,0.8613151994597729
185,0.0,1.0,1.0,1.0,97,97,0,3,0,0,2.3,0.862008623462474
186,0.0,1.0,1.0,1.0,97,97,0,3,0,0,2.3,0.8626985803451618
187,0.0,1.0,1.0,1.0,97,97,0,3,0,0,2.3,0.8633850874434357
188,0.0,1.0,1.0,1.0,97,97,0,3,0,0,2.3,0.8640681620062178
189,0.0,1.0,1.0,1.0,97,97,0,3,0,0,2.3,0.8647478211961869
190,0.0,1.0,1.0,1.0,97,97,0,3,0,0,2.3,0.8654240820902065
191,0.0,1.0,1.0,1.0,97,97,0,3,0,0,2.3,0.8660969616797555
192,0.0,1.0,1.0,1.0,97,97,0,3,0,0,2.3,0.8667664768713568
193,0.0,1.0,1.0,1.0,97,97,0,3,0,0,2.3,0.8674326444869997
194,0.0,1.0,1.0,1.0,97,97,0,3,0,0,2.3,0.8680954812645647
195,0.0,1.0,1.0,1.0,97,97,0,3,0,0,2.3,0.8687550038582416
196,0.0,1.0,1.0,1.0,97,97,0,3,0,0,2.3,0.8694112288389506
197,0.0,1.0,1.0,1.0,97,97,0,3,0,0,2.3,0.870064172694756
198,0.0,1.0,1.0,1.0,97,97,0,3,0,0,2.3,0.8707138518312819
199,0.0,1.0,1.0,1.0,97,97,0,3,0,0,2.3,0.8713602825721262
200,0.0,1.0,1.0,1.0,97,97,0,3,0,0,2.3,0.8720034811592654
201,0.0,1.0,1.0,1.0,97,97,0,3,0,0,2.3,0.8726434637534687
202,0.0,1.0,1.0,1.0,97,97,0,3,0,0,2.3,0.8732802464347009
203,0.0,1.0,1.0,1.0,97,97,0,3,0,0,2.3,0.8739138452025275
204,0.0,1.0,1.0,1.0,97,97,0,3,0,0,2.3,0.8745442759765155
205,0.0,1.0,1.0,1.0,97,97,0,3,0,0,2.3,0.8751715545966327
206,0.0,1.0,1.0,1.0,97,97,0,3,0,0,2.3,0.8757956968236497
207,0.0,1.0,1.0,1.0,97,97,0,3,0,0,2.3,0.8764167183395308
208,0.0,1.0,1.0,1.0,97,97,0,3,0,0,2.3,0.8770346347478333
209,0.0,1.0,1.0,1.0,97,97,0,3,0,0,2.3,0.8776494615740941
210,0.0,1.0,1.0,1.0,97,97,0,3,0,0,2.3,0.8782612142662234
211,0.0,1.0,1.0,1.0,97,97,0,3,0,0,2.3,0.8788699081948927
212,0.0,1.0,1.0,1.0,97,97,0,3,0,0,2.3,0.879475558653918
213,0.0,1.0,1.0,1.0,97,97,0,3,0,0,2.3,0.8800781808606487
214,0.0,1.0,1.0,1.0,97,97,0,3,0,0,2.3,0.8806777899563457
215,0.0,1.0,1.0,1.0,97,97,0,3,0,0,2.3,0.8812744010065637
216,0.0,1.0,1.0,1.0,97,97,0,3,0,0,2.3,0.8818680290015306
217,0.0,1.0,1.0,1.0,97,97,0,3,0,0,2.3,0.882458688856523
218,0.0,1.0,1.0,1.0,97,97,0,3,0,0,2.3,0.8830463954122406
219,0.0,1.0,1.0,1.0,97,97,0,3,0,0,2.3,0.883631163435179
220,0.0,1.0,1.0,1.0,97,97,0,3,0,0,2.3,0.8842130076180036
221,0.0,1.0,1.0,1.0,97,97,0,3,0,0,2.3,0.8847919425799136
222,0.0,1.0,1.0,1.0,97,97,0,3,0,0,2.3,0.8853679828670136
223,0.0,1.0,1.0,1.0,97,97,0,3,0,0,2.3,0.8859411429526787
224,0.0,1.0,1.0,1.0,97,97,0,3,0,0,2.3,0.8865114372379149
225,0.0,1.0,1.0,1.0,97,97,0,3,0,0,2.3,0.8870788800517254
226,0.0,1.0,1.0,1.0,97,97,0,3,0,0,2.3,0.8876434856514673
227,0.0,1.0,1.0,1.0,97,97,0,3,0,0,2.3,0.8882052682232098
228,0.0,1.0,1.0,1.0,97,97,0,3,0,0,2.3,0.8887642418820937
229,0.0,1.0,1.0,1.0,97,97,0,3,0,0,2.3,0.8893204206726834
230,0.0,1.0,1.0,1.0,97,97,0,3,0,0,2.3,0.8898738185693199
231,0.0,1.0,1.0,1.0,97,97,0,3,0,0,2.3,0.8904244494764734
232,0.0,1.0,1.0,1.0,97,97,0,3,0,0,2.3,0.8909723272290913
233,0.0,1.0,1.0,1.0,97,97,0,3,0,0,2.3,0.8915174655929454
234,0.0,1.0,1.0,1.0,97,97,0,3,0,0,2.3,0.892059878264981
235,0.0,1.0,1.0,1.0,97,97,0,3,0,0,2.3,0.8925995788736555
236,0.0,1.0,1.0,1.0,97,97,0,3,0,0,2.3,0.8931365809792878
237,0.0,1.0,1.0,1.0,97,97,0,3,0,0,2.3,0.893670898074391
238,0.0,1.0,1.0,1.0,97,97,0,3,0,0,2.3,0.8942025435840195
239,0.0,1.0,1.0,1.0,97,97,0,3,0,0,2.3,0.8947315308660992
240,0.0,1.0,1.0,1.0,97,97,0,3,0,0,2.3,0.8952578732117688
241,0.0,1.0,1.0,1.0,97,97,0,3,0,0,2.3,0.8957815838457098
242,0.0,1.0,1.0,1.0,97,97,0,3,0,0,2.3,0.8963026759264812
243,0.0,1.0,1.0,1.0,97,97,0,3,0,0,2.3,0.8968211625468488
244,0.0,1.0,1.0,1.0,97,97,0,3,0,0,2.3,0.8973370567341146
245,0.0,1.0,1.0,1.0,97,97,0,3,0,0,2.3,0.8978503714504442
246,0.0,1.0,1.0,1.0,97,97,0,3,0,0,2.3,0.8983611195931914
247,0.0,1.0,1.0,1.0,97,97,0,3,0,0,2.3,0.898869313995226
248,0.0,1.0,1.0,1.0,97,97,0,3,0,0,2.3,0.8993749674252501
249,0.0,1.0,1.0,1.0,97,97,0,3,0,0,2.3,0.8998780925881239
250,0.0,1.0,1.0,1.0,97,97,0,3,0,0,2.3,0.9003787021251829
251,0.0,1.0,1.0,1.0,97,97,0,3,0,0,2.3,0.900876808614557
252,0.0,1.0,1.0,1.0,97,97,0,3,0,0,2.3,0.9013724245714839
253,0.0,1.0,1.0,1.0,97,97,0,3,0,0,2.3,0.9018655624486264
254,0.0,1.0,1.0,1.0,97,97,0,3,0,0,2.3,0.9023562346363834
255,0.0,1.0,1.0,1.0,97,97,0,3,0,0,2.3,0.9028444534632016
256,0.0,1.0,1.0,1.0,97,97,0,3,0,0,2.3,0.9033302311958857
257,0.0,1.0,1.0,1.0,97,97,0,3,0,0,2.3,0.9038135800399062
258,0.0,1.0,1.0,1.0,97,97,0,3,0,0,2.3,0.9042945121397067
259,0.0,1.0,1.0,1.0,97,97,0,3,0,0,2.3,0.9047730395790085
260,0.0,1.0,1.0,1.0,97,97,0,3,0,0,2.3,0.9052491743811132
261,0.0,1.0,1.0,1.0,97,97,0,3,0,0,2.3,0.9057229285092071
262,0.0,1.0,1.0,1.0,97,97,0,3,0,0,2.3,0.9061943138666618
263,0.0,1.0,1.0,1.0,97,97,0,3,0,0,2.3,0.9066633422973284
264,0.0,1.0,1.0,1.0,97,97,0,3,0,0,2.3,0.9071300255858418
265,0.0,1.0,1.0,1.0,97,97,0,3,0,0,2.3,0.9075943754579124
266,0.0,1.0,1.0,1.0,97,97,0,3,0,0,2.3,0.908056403580623
267,0.0,1.0,1.0,1.0,97,97,0,3,0,0,2.3,0.9085161215627197
268,0.0,1.0,1.0,1.0,97,97,0,3,0,0,2.3,0.9089735409549056
269,0.0,1.0,1.0,1.0,97,97,0,3,0,0,2.3,0.9094286732501314
270,0.0,1.0,1.0,1.0,97,97,0,3,0,0,2.3,0.9098815298838813
271,0.0,1.0,1.0,1.0,97,97,0,3,0,0,2.3,0.9103321222344618
272,0.0,1.0,1.0,1.0,97,97,0,3,0,0,2.3,0.9107804616232893
273,0.0,1.0,1.0,1.0,97,97,0,3,0,0,2.3,0.9112265593151727
274,0.0,1.0,1.0,1.0,97,97,0,3,0,0,2.3,0.9116704265185969
275,0.0,1.0,1.0,1.0,97,97,0,3,0,0,2.3,0.9121120743860037
276,0.0,1.0,1.0,1.0,97,97,0,3,0,0,2.3,0.9125515140140738
277,0.0,1.0,1.0,1.0,97,97,0,3,0,0,2.3,0.9129887564440033
278,0.0,1.0,1.0,1.0,97,97,0,3,0,0,2.3,0.9134238126617842
279,0.0,1.0,1.0,1.0,97,97,0,3,0,0,2.3,0.9138566935984748
280,0.0,1.0,1.0,1.0,97,97,0,3,0,0,2.3,0.9142874101304821
281,0.0,1.0,1.0,1.0,97,97,0,3,0,0,2.3,0.9147159730798299
282,0.0,1.0,1.0,1.0,97,97,0,3,0,0,2.3,0.9151423932144305
283,0.0,1.0,1.0,1.0,97,97,0,3,0,0,2.3,0.9155666812483585
284,0.0,1.0,1.0,1.0,97,97,0,3,0,0,2.3,0.9159888478421166
285,0.0,1.0,1.0,1.0,97,97,0,3,0,0,2.3,0.9164089036029058
286,0.0,1.0,1.0,1.0,97,97,0,3,0,0,2.3,0.9168268590848916
287,0.0,1.0,1.0,1.0,97,97,0,3,0,0,2.3,0.9172427247894663
288,0.0,1.0,1.0,1.0,97,97,0,3,0,0,2.3,0.9176565111655198
289,0.0,1.0,1.0,1.0,97,97,0,3,0,0,2.3,0.9180682286096923
290,0.0,1.0,1.0,1.0,97,97,0,3,0,0,2.3,0.9184778874666434
291,0.0,1.0,1.0,1.0,97,97,0,3,0,0,2.3,0.9188854980293107
292,0.0,1.0,1.0,1.0,97,97,0,3,0,0,2.3,0.9192910705391644
293,0.0,1.0,1.0,1.0,97,97,0,3,0,0,2.3,0.9196946151864684
294,0.0,1.0,1.0,1.0,97,97,0,3,0,0,2.3,0.9200961421105359
295,0.0,1.0,1.0,1.0,97,97,0,3,0,0,2.3,0.9204956613999827
296,0.0,1.0,1.0,1.0,97,97,0,3,0,0,2.3,0.9208931830929832
297,0.0,1.0,1.0,1.0,97,97,0,3,0,0,2.3,0.9212887171775183
298,0.0,1.0,1.0,1.0,97,97,0,3,0,0,2.3,0.9216822735916308
299,0.0,1.0,1.0,1.0,97,97,0,3,0,0,2.3,0.9220738622236726
300,0.0,1.0,1.0,1.0,97,97,0,3,0,0,2.3,0.9224634929125543
301,0.0,1.0,1.0,1.0,97,97,0,3,0,0,2.3,0.9228511754479918
302,0.0,1.0,1.0,1.0,97,97,0,3,0,0,2.3,0.9232369195707516
303,0.0,1.0,1.0,1.0,97,97,0,3,0,0,2.3,0.9236207349728985
304,0.0,1.0,1.0,1.0,97,97,0,3,0,0,2.3,0.9240026312980335
305,0.0,1.0,1.0,1.0,97,97,0,3,0,0,2.3,0.924382618141543
306,0.0,1.0,1.0,1.0,97,97,0,3,0,0,2.3,0.9247607050508357
307,0.0,1.0,1.0,1.0,97,97,0,3,0,0,2.3,0.9251369015255816
308,0.0,1.0,1.0,1.0,97,97,0,3,0,0,2.3,0.9255112170179539
309,0.0,1.0,1.0,1.0,97,97,0,3,0,0,2.3,0.9258836609328637
310,0.0,1.0,1.0,1.0,97,97,0,3,0,0,2.3,0.9262542426281994
311,0.0,1.0,1.0,1.0,97,97,0,3,0,0,2.3,0.9266229714150583
312,0.0,1.0,1.0,1.0,97,97,0,3,0,0,2.3,0.9269898565579827
313,0.0,1.0,1.0,1.0,97,97,0,3,0,0,2.3,0.9273549072751935
314,0.0,1.0,1.0,1.0,97,97,0,3,0,0,2.3,0.927718132738817
315,0.0,1.0,1.0,1.0,97,97,0,3,0,0,2.3,0.9280795420751233
316,0.0,1.0,1.0,1.0,97,97,0,3,0,0,2.3,0.9284391443647471
317,0.0,1.0,1.0,1.0,97,97,0,3,0,0,2.3,0.928796948642924
318,0.0,1.0,1.0,1.0,97,97,0,3,0,0,2.3,0.9291529638997099
319,0.0,1.0,1.0,1.0,97,97,0,3,0,0,2.3,0.9295071990802107
320,0.0,1.0,1.0,1.0,97,97,0,3,0,0,2.3,0.9298596630848093
321,0.0,1.0,1.0,1.0,97,97,0,3,0,0,2.3,0.9302103647693852
322,0.0,1.0,1.0,1.0,97,97,0,3,0,0,2.3,0.9305593129455385
323,0.0,1.0,1.0,1.0,97,97,0,3,0,0,2.3,0.9309065163808103
324,0.0,1.0,1.0,1.0,97,97,0,3,0,0,2.3,0.9312519837989066
325,0.0,1.0,1.0,1.0,97,97,0,3,0,0,2.3,0.931595723879912
326,0.0,1.0,1.0,1.0,97,97,0,3,0,0,2.3,0.9319377452605128
327,0.0,1.0,1.0,1.0,97,97,0,3,0,0,2.3,0.9322780565342103
328,0.0,1.0,1.0,1.0,97,97,0,3,0,0,2.3,0.932616666251539
329,0.0,1.0,1.0,1.0,97,97,0,3,0,0,2.3,0.9329535829202813
330,0.0,1.0,1.0,1.0,97,97,0,3,0,0,2.3,0.9332888150056797
331,0.0,1.0,1.0,1.0,97,97,0,3,0,0,2.3,0.9336223709306517
332,0.0,1.0,1.0,1.0,97,97,0,3,0,0,2.3,0.9339542590759984
333,0.0,1.0,1.0,1.0,97,97,0,3,0,0,2.3,0.9342844877806186
334,0.0,1.0,1.0,1.0,97,97,0,3,0,0,2.3,0.9346130653417152
335,0.0,1.0,1.0,1.0,97,97,0,3,0,0,2.3,0.9349400000150068
336,0.0,1.0,1.0,1.0,97,97,0,3,0,0,2.3,0.9352653000149318
337,0.0,1.0,1.0,1.0,97,97,0,3,0,0,2.3,0.9355889735148573
338,0.0,1.0,1.0,1.0,97,97,0,3,0,0,2.3,0.9359110286472827
339,0.0,1.0,1.0,1.0,97,97,0,3,0,0,2.3,0.9362314735040465
340,0.0,1.0,1.0,1.0,97,97,0,3,0,0,2.3,0.9365503161365266
341,0.0,1.0,1.0,1.0,97,97,0,3,0,0,2.3,0.9368675645558439
342,0.0,1.0,1.0,1.0,97,97,0,3,0,0,2.3,0.9371832267330648
343,0.0,1.0,1.0,1.0,97,97,0,3,0,0,2.3,0.9374973105993993
344,0.0,1.0,1.0,1.0,97,97,0,3,0,0,2.3,0.9378098240464021
345,0.0,1.0,1.0,1.0,97,97,0,3,0,0,2.3,0.9381207749261703
346,0.0,1.0,1.0,1.0,97,97,0,3,0,0,2.3,0.93843017105154
347,0.0,1.0,1.0,1.0,97,97,0,3,0,0,2.3,0.9387380201962819
348,0.0,1.0,1.0,1.0,97,97,0,3,0,0,2.3,0.9390443300953004
349,0.0,1.0,1.0,1.0,97,97,0,3,0,0,2.3,0.9393491084448244
350,0.0,1.0,1.0,1.0,97,97,0,3,0,0,2.3,0.9396523629025993
351,0.0,1.0,1.0,1.0,97,97,0,3,0,0,2.3,0.9399541010880872
352,0.0,1.0,1.0,1.0,97,97,0,3,0,0,2.3,0.9402543305826465
353,0.0,1.0,1.0,1.0,97,97,0,3,0,0,2.3,0.940553058929733
354,0.0,1.0,1.0,1.0,97,97,0,3,0,0,2.3,0.9408502936350847
355,0.0,1.0,1.0,1.0,97,97,0,3,0,0,2.3,0.9411460421669087
356,0.0,1.0,1.0,1.0,97,97,0,3,0,0,2.3,0.9414403119560748
357,0.0,1.0,1.0,1.0,97,97,0,3,0,0,2.3,0.9417331103962944
358,0.0,1.0,1.0,1.0,97,97,0,3,0,0,2.3,0.9420244448443125
359,0.0,1.0,1.0,1.0,97,97,0,3,0,0,2.3,0.9423143226200911
360,0.0,1.0,1.0,1.0,97,97,0,3,0,0,2.3,0.9426027510069908
361,0.0,1.0,1.0,1.0,97,97,0,3,0,0,2.3,0.942889737251956
362,0.0,1.0,1.0,1.0,97,97,0,3,0,0,2.3,0.9431752885656959
363,0.0,1.0,1.0,1.0,97,97,0,3,0,0,2.3,0.943459412122867
364,0.0,1.0,1.0,1.0,97,97,0,3,0,0,2.3,0.9437421150622527
365,0.0,1.0,1.0,1.0,97,97,0,3,0,0,2.3,0.9440234044869418
366,0.0,1.0,1.0,1.0,97,97,0,3,0,0,2.3,0.9443032874645075
367,0.0,1.0,1.0,1.0,97,97,0,3,0,0,2.3,0.944581771027185
368,0.0,1.0,1.0,1.0,97,97,0,3,0,0,2.3,0.9448588621720487
369,0.0,1.0,1.0,1.0,97,97,0,3,0,0,2.3,0.9451345678611882
370,0.0,1.0,1.0,1.0,97,97,0,3,0,0,2.3,0.9454088950218826
371,0.0,1.0,1.0,1.0,97,97,0,3,0,0,2.3,0.9456818505467728
372,0.0,1.0,1.0,1.0,97,97,0,3,0,0,2.3,0.9459534412940391
373,0.0,1.0,1.0,1.0,97,97,0,3,0,0,2.3,0.9462236740875695
374,0.0,1.0,1.0,1.0,97,97,0,3,0,0,2.3,0.9464925557171309
375,0.0,1.0,1.0,1.0,97,97,0,3,0,0,2.3,0.9467600929385457
376,0.0,1.0,1.0,1.0,97,97,0,3,0,0,2.3,0.947026292473853
377,0.0,1.0,1.0,1.0,97,97,0,3,0,0,2.3,0.9472911610114837
378,0.0,1.0,1.0,1.0,97,97,0,3,0,0,2.3,0.9475547052064264
379,0.0,1.0,1.0,1.0,97,97,0,3,0,0,2.3,0.9478169316803938
380,0.0,1.0,1.0,1.0,97,97,0,3,0,0,2.3,0.9480778470219916
381,0.0,1.0,1.0,1.0,97,97,0,3,0,0,2.3,0.9483374577868824
382,0.0,1.0,1.0,1.0,97,97,0,3,0,0,2.3,0.9485957704979473
383,0.0,1.0,1.0,1.0,97,97,0,3,0,0,2.3,0.948852791645458
384,0.0,1.0,1.0,1.0,97,97,0,3,0,0,2.3,0.949108527687231
385,0.0,1.0,1.0,1.0,97,97,0,3,0,0,2.3,0.9493629850487942
386,0.0,1.0,1.0,1.0,97,97,0,3,0,0,2.3,0.9496161701235507
387,0.0,1.0,1.0,1.0,97,97,0,3,0,0,2.3,0.9498680892729328
388,0.0,1.0,1.0,1.0,97,97,0,3,0,0,2.3,0.9501187488265678
389,0.0,1.0,1.0,1.0,97,97,0,3,0,0,2.3,0.9503681550824351
390,0.0,1.0,1.0,1.0,97,97,0,3,0,0,2.3,0.9506163143070228
391,0.0,1.0,1.0,1.0,97,97,0,3,0,0,2.3,0.9508632327354878
392,0.0,1.0,1.0,1.0,97,97,0,3,0,0,2.3,0.9511089165718105
393,0.0,1.0,1.0,1.0,97,97,0,3,0,0,2.3,0.9513533719889514
394,0.0,1.0,1.0,1.0,97,97,0,3,0,0,2.3,0.9515966051290066
395,0.0,1.0,1.0,1.0,97,97,0,3,0,0,2.3,0.9518386221033612
396,0.0,1.0,1.0,1.0,97,97,0,3,0,0,2.3,0.9520794289928446
397,0.0,1.0,1.0,1.0,97,97,0,3,0,0,2.3,0.9523190318478802
398,0.0,1.0,1.0,1.0,97,97,0,3,0,0,2.3,0.952557436688641
399,0.0,1.0,1.0,1.0,97,97,0,3,0,0,2.3,0.9527946495051977
400,0.0,1.0,1.0,1.0,97,97,0,3,0,0,2.3,0.9530306762576717
401,0.0,1.0,1.0,1.0,97,97,0,3,0,0,2.3,0.9532655228763833
402,0.0,1.0,1.0,1.0,97,97,0,3,0,0,2.3,0.9534991952620013
403,0.0,1.0,1.0,1.0,97,97,0,3,0,0,2.3,0.9537316992856917
404,0.0,1.0,1.0,1.0,97,97,0,3,0,0,2.3,0.9539630407892626
405,0.0,1.0,1.0,1.0,97,97,0,3,0,0,2.3,0.9541932255853165
406,0.0,1.0,1.0,1.0,97,97,0,3,0,0,2.3,0.9544222594573898
407,0.0,1.0,1.0,1.0,97,97,0,3,0,0,2.3,0.9546501481601031
408,0.0,1.0,1.0,1.0,97,97,0,3,0,0,2.3,0.9548768974193035
409,0.0,1.0,1.0,1.0,97,97,0,3,0,0,2.3,0.9551025129322065
410,0.0,1.0,1.0,1.0,97,97,0,3,0,0,2.3,0.9553270003675451
411,0.0,1.0,1.0,1.0,97,97,0,3,0,0,2.3,0.9555503653657075
412,0.0,1.0,1.0,1.0,97,97,0,3,0,0,2.3,0.9557726135388788
413,0.0,1.0,1.0,1.0,97,97,0,3,0,0,2.3,0.9559937504711844
414,0.0,1.0,1.0,1.0,97,97,0,3,0,0,2.3,0.9562137817188282
415,0.0,1.0,1.0,1.0,97,97,0,3,0,0,2.3,0.9564327128102342
416,0.0,1.0,1.0,1.0,97,97,0,3,0,0,2.3,0.9566505492461832
417,0.0,1.0,1.0,1.0,97,97,0,3,0,0,2.3,0.9568672964999525
418,0.0,1.0,1.0,1.0,97,97,0,3,0,0,2.3,0.9570829600174527
419,0.0,1.0,1.0,1.0,97,97,0,3,0,0,2.3,0.9572975452173654
420,0.0,1.0,1.0,1.0,97,97,0,3,0,0,2.3,0.9575110574912786
421,0.0,1.0,1.0,1.0,97,97,0,3,0,0,2.3,0.9577235022038219
422,0.0,1.0,1.0,1.0,97,97,0,3,0,0,2.3,0.9579348846928032
423,0.0,1.0,1.0,1.0,97,97,0,3,0,0,2.3,0.9581452102693389
424,0.0,1.0,1.0,1.0,97,97,0,3,0,0,2.3,0.9583544842179922
425,0.0,1.0,1.0,1.0,97,97,0,3,0,0,2.3,0.9585627117969021
426,0.0,1.0,1.0,1.0,97,97,0,3,0,0,2.3,0.9587698982379179
427,0.0,1.0,1.0,1.0,97,97,0,3,0,0,2.3,0.9589760487467285
428,0.0,1.0,1.0,1.0,97,97,0,3,0,0,2.3,0.9591811685029942
429,0.0,1.0,1.0,1.0,97,97,0,3,0,0,2.3,0.9593852626604794
430,0.0,1.0,1.0,1.0,97,97,0,3,0,0,2.3,0.9595883363471771
431,0.0,1.0,1.0,1.0,97,97,0,3,0,0,2.3,0.9597903946654412
432,0.0,1.0,1.0,1.0,97,97,0,3,0,0,2.3,0.9599914426921147
433,0.0,1.0,1.0,1.0,97,97,0,3,0,0,2.3,0.9601914854786541
434,0.0,1.0,1.0,1.0,97,97,0,3,0,0,2.3,0.9603905280512606
435,0.0,1.0,1.0,1.0,97,97,0,3,0,0,2.3,0.9605885754110042
436,0.0,1.0,1.0,1.0,97,97,0,3,0,0,2.3,0.9607856325339484
437,0.0,1.0,1.0,1.0,97,97,0,3,0,0,2.3,0.9609817043712786
438,0.0,1.0,1.0,1.0,97,97,0,3,0,0,2.3,0.9611767958494228
439,0.0,1.0,1.0,1.0,97,97,0,3,0,0,2.3,0.9613709118701759
440,0.0,1.0,1.0,1.0,97,97,0,3,0,0,2.3,0.9615640573108254
441,0.0,1.0,1.0,1.0,97,97,0,3,0,0,2.3,0.9617562370242707
442,0.0,1.0,1.0,1.0,97,97,0,3,0,0,2.3,0.9619474558391494
443,0.0,1.0,1.0,1.0,97,97,0,3,0,0,2.3,0.9621377185599531
444,0.0,1.0,1.0,1.0,97,97,0,3,0,0,2.3,0.9623270299671542
445,0.0,1.0,1.0,1.0,97,97,0,3,0,0,2.3,0.9625153948173181
446,0.0,1.0,1.0,1.0,97,97,0,3,0,0,2.3,0.9627028178432313
447,0.0,1.0,1.0,1.0,97,97,0,3,0,0,2.3,0.9628893037540159
448,0.0,1.0,1.0,1.0,97,97,0,3,0,0,2.3,0.9630748572352452
449,0.0,1.0,1.0,1.0,97,97,0,3,0,0,2.3,0.9632594829490689
450,0.0,1.0,1.0,1.0,97,97,0,3,0,0,2.3,0.9634431855343235
451,0.0,1.0,1.0,1.0,97,97,0,3,0,0,2.3,0.9636259696066524
452,0.0,1.0,1.0,1.0,97,97,0,3,0,0,2.3,0.9638078397586188
453,0.0,1.0,1.0,1.0,97,97,0,3,0,0,2.3,0.963988800559825
454,0.0,1.0,1.0,1.0,97,97,0,3,0,0,2.3,0.9641688565570267
455,0.0,1.0,1.0,1.0,97,97,0,3,0,0,2.3,0.9643480122742413
456,0.0,1.0,1.0,1.0,97,97,0,3,0,0,2.3,0.96452627221287
457,0.0,1.0,1.0,1.0,97,97,0,3,0,0,2.3,0.9647036408518063
458,0.0,1.0,1.0,1.0,97,97,0,3,0,0,2.3,0.9648801226475467
459,0.0,1.0,1.0,1.0,97,97,0,3,0,0,2.3,0.9650557220343093
460,0.0,1.0,1.0,1.0,97,97,0,3,0,0,2.3,0.965230443424138
461,0.0,1.0,1.0,1.0,97,97,0,3,0,0,2.3,0.9654042912070171
462,0.0,1.0,1.0,1.0,97,97,0,3,0,0,2.3,0.9655772697509821
463,0.0,1.0,1.0,1.0,97,97,0,3,0,0,2.3,0.965749383402227
464,0.0,1.0,1.0,1.0,97,97,0,3,0,0,2.3,0.9659206364852156
465,0.0,1.0,1.0,1.0,97,97,0,3,0,0,2.3,0.9660910333027894
466,0.0,1.0,1.0,1.0,97,97,0,3,0,0,2.3,0.9662605781362755
467,0.0,1.0,1.0,1.0,97,97,0,3,0,0,2.3,0.9664292752455944
468,0.0,1.0,1.0,1.0,97,97,0,3,0,0,2.3,0.9665971288693669
469,0.0,1.0,1.0,1.0,97,97,0,3,0,0,2.3,0.9667641432250202
470,0.0,1.0,1.0,1.0,97,97,0,3,0,0,2.3,0.9669303225088947
471,0.0,1.0,1.0,1.0,97,97,0,3,0,0,2.3,0.9670956708963498
472,0.0,1.0,1.0,1.0,97,97,0,3,0,0,2.3,0.967260192541868
473,0.0,1.0,1.0,1.0,97,97,0,3,0,0,2.3,0.9674238915791586
474,0.0,1.0,1.0,1.0,97,97,0,3,0,0,2.3,0.9675867721212634
475,0.0,1.0,1.0,1.0,97,97,0,3,0,0,2.3,0.967748838260657
476,0.0,1.0,1.0,1.0,97,97,0,3,0,0,2.3,0.967910094069354
477,0.0,1.0,1.0,1.0,97,97,0,3,0,0,2.3,0.9680705435990069
478,0.0,1.0,1.0,1.0,97,97,0,3,0,0,2.3,0.9682301908810118
479,0.0,1.0,1.0,1.0,97,97,0,3,0,0,2.3,0.9683890399266066
480,0.0,1.0,1.0,1.0,97,97,0,3,0,0,2.3,0.9685470947269733
481,0.0,1.0,1.0,1.0,97,97,0,3,0,0,2.3,0.9687043592533389
482,0.0,1.0,1.0,1.0,97,97,0,3,0,0,2.3,0.9688608374570724
483,0.0,1.0,1.0,1.0,97,97,0,3,0,0,2.3,0.9690165332697874
484,0.0,1.0,1.0,1.0,97,97,0,3,0,0,2.3,0.9691714506034381
485,0.0,1.0,1.0,1.0,97,97,0,3,0,0,2.3,0.9693255933504205
486,0.0,1.0,1.0,1.0,97,97,0,3,0,0,2.3,0.9694789653836686
487,0.0,1.0,1.0,1.0,97,97,0,3,0,0,2.3,0.9696315705567502
488,0.0,1.0,1.0,1.0,97,97,0,3,0,0,2.3,0.9697834127039664
489,0.0,1.0,1.0,1.0,97,97,0,3,0,0,2.3,0.9699344956404465
490,0.0,1.0,1.0,1.0,97,97,0,3,0,0,2.3,0.9700848231622448
491,0.0,1.0,1.0,1.0,97,97,0,3,0,0,2.3,0.9702343990464336
492,0.0,1.0,1.0,1.0,97,97,0,3,0,0,2.3,0.9703832270512011
493,0.0,1.0,1.0,1.0,97,97,0,3,0,0,2.3,0.9705313109159451
494,0.0,1.0,1.0,1.0,97,97,0,3,0,0,2.3,0.9706786543613651
495,0.0,1.0,1.0,1.0,97,97,0,3,0,0,2.3,0.9708252610895584
496,0.0,1.0,1.0,1.0,97,97,0,3,0,0,2.3,0.9709711347841103
497,0.0,1.0,1.0,1.0,97,97,0,3,0,0,2.3,0.9711162791101903
498,0.0,1.0,1.0,1.0,97,97,0,3,0,0,2.3,0.97126069771464
499,0.0,1.0,1.0,1.0,97,97,0,3,0,0,2.3,0.9714043942260665
500,0.0,1.0,1.0,1.0,97,97,0,3,0,0,2.3,0.9715473722549355
1,2.0,0.49,0.51,0.58,0,0,0,100,0,0,0.0,0.0
2,2.0,0.49,0.51,0.38,0,0,0,100,0,0,0.0,0.0
3,2.0,0.48,0.52,0.44,0,0,0,100,0,0,0.0,0.0
4,2.0,0.41,0.5900000000000001,0.5,0,0,0,100,0,0,0.0,0.0
5,2.0,0.52,0.52,0.44,0,0,0,100,0,0,0.0,0.0
6,2.0,0.44,0.56,0.56,2,1,1,98,1,0,0.0,0.8
7,2.0,0.55,0.55,0.54,2,1,1,98,1,0,0.0,0.801
8,2.0,0.53,0.53,0.42,4,2,2,96,2,2,0.25,0.8005
9,2.0,0.6,0.6,0.56,8,4,4,92,4,1,0.12,0.800624375
10,2.0,0.57,0.57,0.5,14,7,7,86,7,4,0.07,0.800642142857143
11,2.0,0.57,0.57,0.58,20,9,11,80,9,5,0.05,0.8008977525000001
12,2.0,0.55,0.55,0.5,29,15,14,71,14,7,0.07,0.8010655232715517
13,2.0,0.59,0.59,0.62,33,16,17,67,16,13,0.24,0.8014189492348486
14,2.0,0.59,0.59,0.5,38,18,20,62,18,16,0.39,0.8016762045789643
15,2.0,0.52,0.52,0.4,49,24,25,51,24,22,0.53,0.8016243101658419
16,2.0,0.53,0.53,0.46,54,26,28,46,26,29,0.83,0.8018404147061806
17,2.0,0.52,0.52,0.56,62,28,34,38,28,26,0.95,0.8020503082605035
18,2.0,0.47,0.53,0.42,70,32,38,30,32,28,1.11,0.8022963863779706
19,2.0,0.53,0.53,0.42,75,36,39,25,36,38,1.41,0.8025648710205775
20,2.0,0.48,0.52,0.36,79,37,42,21,37,43,1.75,0.802834865141916
21,2.0,0.4,0.6,0.56,81,38,43,19,38,40,2.14,0.8032399844888146
22,2.0,0.46,0.54,0.48,86,40,46,14,40,42,2.44,0.8034979031674543
23,2.0,0.46,0.54,0.48,90,43,47,10,43,36,2.7,0.8038880967950787
24,2.0,0.43,0.5700000000000001,0.62,95,45,50,5,45,35,2.91,0.8042512134112403
25,2.0,0.43,0.5700000000000001,0.58,95,45,50,5,45,44,3.34,0.804775588032318
26,2.0,0.47,0.53,0.5,98,48,50,2,48,48,3.71,0.805097813194584
27,2.0,0.47,0.53,0.46,98,48,50,2,48,51,4.23,0.8055667371755946
28,2.0,0.48,0.52,0.48,98,48,50,2,48,45,4.69,0.8060916395630269
29,2.0,0.51,0.51,0.34,98,48,50,2,48,60,5.08,0.7949672123930672
30,2.0,0.51,0.51,0.46,99,49,50,1,49,53,5.17,0.7726931845283219
31,2.0,0.46,0.54,0.44,99,49,50,1,49,51,5.42,0.7560585784458639
32,2.0,0.48,0.52,0.48,99,49,50,1,49,45,5.51,0.7338779431841279
33,2.0,0.5,0.5,0.6,99,49,50,1,49,41,5.71,0.7173243367841574
34,2.0,0.47,0.53,0.46,99,49,50,1,49,48,5.29,0.66068264530918
35,2.0,0.44,0.56,0.32,99,49,50,1,49,48,4.68,0.5927717888475116
36,2.0,0.48,0.52,0.56,99,49,50,1,49,29,4.41,0.5538121321481686
37,2.0,0.47,0.53,0.46,100,49,51,0,49,26,3.93,0.5064479296871097
38,2.0,0.49,0.51,0.5,100,49,51,0,49,23,3.73,0.4679918565865819
39,2.0,0.44,0.56,0.48,100,49,51,0,49,23,3.58,0.42946665556352437
40,2.0,0.48,0.52,0.56,100,49,51,0,49,16,3.63,0.40839441725480896
41,2.0,0.46,0.54,0.52,100,49,51,0,49,13,3.8,0.3929126349648114
42,2.0,0.43,0.5700000000000001,0.5,99,48,51,1,48,10,3.92,0.37851430205135367
43,2.0,0.5,0.5,0.48,98,47,51,2,47,12,4.08,0.36391897941255946
44,2.0,0.52,0.52,0.48,98,47,51,2,47,11,4.22,0.34840016688255177
45,2.0,0.5,0.5,0.52,98,47,51,2,47,9,4.42,0.33268328559052857
46,2.0,0.45,0.55,0.46,97,46,51,3,46,7,4.85,0.3288927705638457
47,2.0,0.48,0.52,0.56,95,44,51,5,44,6,4.84,0.31336016844597003
48,2.0,0.51,0.51,0.5,91,42,49,9,42,5,4.93,0.3049604864008652
49,2.0,0.47,0.53,0.54,88,41,47,12,41,5,4.92,0.2885845675012502
50,2.0,0.46,0.54,0.52,83,39,44,17,39,2,5.04,0.2920604937357828
51,2.0,0.38,0.62,0.48,81,36,45,19,36,2,5.17,0.29378722059817547
52,2.0,0.46,0.54,0.48,81,36,45,19,36,1,5.44,0.2948694049495791
53,2.0,0.4,0.6,0.52,79,35,44,21,35,3,5.85,0.29704056951431923
54,2.0,0.43,0.5700000000000001,0.58,69,29,40,31,29,3,5.74,0.31067696968746467
55,2.0,0.43,0.5700000000000001,0.3,65,25,40,35,25,5,5.82,0.33033147643608685
56,2.0,0.34,0.6599999999999999,0.4,63,22,41,37,22,5,5.9,0.3502550778340608
57,2.0,0.39,0.61,0.42,57,19,38,43,19,6,5.75,0.3693267919251449
58,2.0,0.31,0.69,0.66,56,16,40,44,16,6,5.2,0.3996697847208205
59,2.0,0.32,0.6799999999999999,0.52,56,15,41,44,15,2,4.8,0.4390734076062183
60,2.0,0.28,0.72,0.68,54,13,41,46,13,6,4.65,0.4654207112950713
61,2.0,0.29,0.71,0.66,56,11,45,44,11,12,4.43,0.49751863870412294
62,2.0,0.29,0.71,0.78,57,10,47,43,10,8,4.05,0.5319682211300618
63,2.0,0.3,0.7,0.56,59,10,49,41,10,10,3.46,0.5769406798518386
64,2.0,0.29,0.71,0.58,64,10,54,36,10,10,3.11,0.6111089440022791
65,2.0,0.21,0.79,0.7,67,9,58,33,9,13,2.96,0.6287337408315443
66,2.0,0.22,0.78,0.72,78,11,67,22,11,15,2.67,0.6542922077469081
67,2.0,0.22,0.78,0.6,81,12,69,19,12,20,2.51,0.6797903718134584
68,2.0,0.14,0.86,0.76,83,11,72,17,11,15,2.43,0.6958711568732436
69,2.0,0.16,0.84,0.72,83,11,72,17,11,19,2.45,0.7090065574100457
70,2.0,0.16,0.84,0.72,85,11,74,15,11,23,2.6,0.7122598753317526
71,2.0,0.1,0.9,0.8,87,11,76,13,11,15,2.48,0.7143919671458118
72,2.0,0.08,0.92,0.84,87,10,77,13,10,13,2.44,0.7149550556489506
73,2.0,0.1,0.9,0.8,89,11,78,11,11,15,2.53,0.7179722008654229
74,2.0,0.11,0.89,0.78,95,12,83,5,12,19,2.57,0.724238528487628
75,2.0,0.09,0.91,0.86,95,12,83,5,12,13,2.63,0.7194147355328049
76,2.0,0.1,0.9,0.84,95,12,83,5,12,14,2.6,0.7087145017573712
77,2.0,0.08,0.92,0.84,96,12,84,4,12,12,2.75,0.7107541610744561
78,2.0,0.13,0.87,0.82,96,12,84,4,12,13,2.8,0.7061102256228096
79,2.0,0.1,0.9,0.8,98,12,86,2,12,12,2.76,0.6975635092461335
80,2.0,0.07,0.9299999999999999,0.86,98,12,86,2,12,9,2.73,0.6902922160424636
81,2.0,0.04,0.96,0.92,98,11,87,2,11,7,2.69,0.6914013179960492
82,2.0,0.05,0.95,0.9,98,11,87,2,11,6,2.86,0.6924914594572239
83,2.0,0.06,0.94,0.88,98,11,87,2,11,7,3.03,0.6935797714527766
84,2.0,0.04,0.96,0.96,97,10,87,3,10,4,2.89,0.6907609554285162
85,2.0,0.03,0.97,0.94,97,10,87,3,10,3,3.02,0.6918928020925782
86,2.0,0.05,0.95,0.9,95,8,87,5,8,4,2.93,0.6965421478453574
87,2.0,0.04,0.96,0.92,94,7,87,6,7,4,2.97,0.7025192695951372
88,2.0,0.01,0.99,0.98,93,6,87,7,6,1,2.98,0.7086973239915579
89,2.0,0.06,0.94,0.88,91,4,87,9,4,4,2.93,0.7201515193632372
90,2.0,0.01,0.99,0.98,90,3,87,10,3,1,2.91,0.7267159356805954
91,2.0,0.02,0.98,0.96,90,2,88,10,2,1,2.83,0.7342036158182392
92,2.0,0.0,1.0,1.0,91,2,89,9,2,0,2.82,0.7361577557589108
93,2.0,0.03,0.97,0.94,91,2,89,9,2,2,2.88,0.7373411927905883
94,2.0,0.0,1.0,1.0,90,1,89,10,1,0,2.82,0.7441108919862369
95,2.0,0.0,1.0,1.0,90,1,89,10,1,0,2.83,0.7453483594989445
96,2.0,0.0,1.0,1.0,91,1,90,9,1,0,2.81,0.7471666766007465
97,2.0,0.02,0.98,0.96,90,0,90,10,0,1,2.74,0.7539800276016737
98,2.0,0.01,0.99,0.98,91,0,91,9,0,0,2.73,0.7556688299200979
99,2.0,0.01,0.99,0.98,92,0,92,8,0,1,2.71,0.7573494780964384
100,2.0,0.01,0.99,0.98,93,0,93,7,0,1,2.68,0.758999041298452
101,2.0,0.0,1.0,1.0,94,0,94,6,0,0,2.65,0.7606274073037478
102,2.0,0.0,1.0,1.0,95,0,95,5,0,0,2.62,0.7622261200538893
103,2.0,0.0,1.0,1.0,95,0,95,5,0,0,2.62,0.7634149894536204
104,2.0,0.0,1.0,1.0,95,0,95,5,0,0,2.62,0.7645979145063521
105,2.0,0.0,1.0,1.0,95,0,95,5,0,0,2.62,0.7657749249338202
106,2.0,0.0,1.0,1.0,95,0,95,5,0,0,2.62,0.7669460503091512
107,2.0,0.0,1.0,1.0,95,0,95,5,0,0,2.62,0.7681113200576052
108,2.0,0.0,1.0,1.0,95,0,95,5,0,0,2.62,0.7692707634573178
109,2.0,0.0,1.0,1.0,95,0,95,5,0,0,2.62,0.7704244096400306
110,2.0,0.0,1.0,1.0,95,0,95,5,0,0,2.62,0.771572287591831
111,2.0,0.0,1.0,1.0,95,0,95,5,0,0,2.62,0.7727144261538716
112,2.0,0.0,1.0,1.0,95,0,95,5,0,0,2.62,0.7738508540231018
113,2.0,0.0,1.0,1.0,95,0,95,5,0,0,2.62,0.774981599752987
114,2.0,0.0,1.0,1.0,95,0,95,5,0,0,2.62,0.7761066917542218
115,2.0,0.0,1.0,1.0,96,0,96,4,0,0,2.59,0.7774633858132067
116,2.0,0.0,1.0,1.0,96,0,96,4,0,0,2.59,0.7785760688841402
117,2.0,0.0,1.0,1.0,97,0,97,3,0,0,2.57,0.7798926402042586
118,2.0,0.0,1.0,1.0,97,0,97,3,0,0,2.57,0.7809931770032376
119,2.0,0.0,1.0,1.0,97,0,97,3,0,0,2.57,0.7820882111182211
120,2.0,0.0,1.0,1.0,98,0,98,2,0,0,2.54,0.7833494254701543
121,2.0,0.0,1.0,1.0,98,0,98,2,0,0,2.54,0.7844326783428027
122,2.0,0.0,1.0,1.0,98,0,98,2,0,0,2.54,0.7855105149510893
123,2.0,0.0,1.0,1.0,98,0,98,2,0,0,2.54,0.7865829623763341
124,2.0,0.0,1.0,1.0,98,0,98,2,0,0,2.54,0.7876500475644519
125,2.0,0.0,1.0,1.0,98,0,98,2,0,0,2.54,0.78871179732663
126,2.0,0.0,1.0,1.0,98,0,98,2,0,0,2.54,0.7897682383399968
127,2.0,0.0,1.0,1.0,98,0,98,2,0,0,2.54,0.7908193971482964
128,2.0,0.0,1.0,1.0,98,0,98,2,0,0,2.54,0.7918653001625553
129,2.0,0.0,1.0,1.0,98,0,98,2,0,0,2.54,0.7929059736617428
130,2.0,0.0,1.0,1.0,98,0,98,2,0,0,2.54,0.7939414437934331
131,2.0,0.0,1.0,1.0,98,0,98,2,0,0,2.54,0.794971736574467
132,2.0,0.0,1.0,1.0,98,0,98,2,0,0,2.54,0.7959968778915945
133,2.0,0.0,1.0,1.0,98,0,98,2,0,0,2.54,0.7970168935021362
134,2.0,0.0,1.0,1.0,98,0,98,2,0,0,2.54,0.7980318090346255
135,2.0,0.0,1.0,1.0,98,0,98,2,0,0,2.54,0.7990416499894526
136,2.0,0.0,1.0,1.0,98,0,98,2,0,0,2.54,0.800046441739505
137,2.0,0.0,1.0,1.0,98,0,98,2,0,0,2.54,0.8010462095308077
138,2.0,0.0,1.0,1.0,98,0,98,2,0,0,2.54,0.8020409784831538
139,2.0,0.0,1.0,1.0,98,0,98,2,0,0,2.54,0.8030307735907379
140,2.0,0.0,1.0,1.0,98,0,98,2,0,0,2.54,0.8040156197227843
141,2.0,0.0,1.0,1.0,98,0,98,2,0,0,2.54,0.8049955416241703
142,2.0,0.0,1.0,1.0,98,0,98,2,0,0,2.54,0.8059705639160497
143,2.0,0.0,1.0,1.0,98,0,98,2,0,0,2.54,0.8069407110964694
144,2.0,0.0,1.0,1.0,98,0,98,2,0,0,2.54,0.8079060075409872
145,2.0,0.0,1.0,1.0,99,0,99,1,0,0,2.52,0.808776917124461
146,2.0,0.0,1.0,1.0,99,0,99,1,0,0,2.52,0.8097330325388391
147,2.0,0.0,1.0,1.0,99,0,99,1,0,0,2.52,0.8106843673761447
148,2.0,0.0,1.0,1.0,100,0,100,0,0,0,2.49,0.8115146360838711
149,2.0,0.0,1.0,1.0,100,0,100,0,0,0,2.49,0.8124570629034515
150,2.0,0.0,1.0,1.0,100,0,100,0,0,0,2.49,0.8133947775889341
151,2.0,0.0,1.0,1.0,100,0,100,0,0,0,2.49,0.8143278037009898
152,2.0,0.0,1.0,1.0,100,0,100,0,0,0,2.49,0.8152561646824849
153,2.0,0.0,1.0,1.0,100,0,100,0,0,0,2.49,0.8161798838590723
154,2.0,0.0,1.0,1.0,100,0,100,0,0,0,2.49,0.8170989844397769
155,2.0,0.0,1.0,1.0,100,0,100,0,0,0,2.49,0.8180134895175781
156,2.0,0.0,1.0,1.0,100,0,100,0,0,0,2.49,0.8189234220699898
157,2.0,0.0,1.0,1.0,100,0,100,0,0,0,2.49,0.8198288049596401
158,2.0,0.0,1.0,1.0,100,0,100,0,0,0,2.49,0.8207296609348418
159,2.0,0.0,1.0,1.0,100,0,100,0,0,0,2.49,0.8216260126301677
160,2.0,0.0,1.0,1.0,100,0,100,0,0,0,2.49,0.8225178825670176
161,2.0,0.0,1.0,1.0,100,0,100,0,0,0,2.49,0.8234052931541818
162,2.0,0.0,1.0,1.0,100,0,100,0,0,0,2.49,0.8242882666884112
163,2.0,0.0,1.0,1.0,100,0,100,0,0,0,2.49,0.825166825354969
164,2.0,0.0,1.0,1.0,100,0,100,0,0,0,2.49,0.8260409912281942
165,2.0,0.0,1.0,1.0,100,0,100,0,0,0,2.49,0.8269107862720532
166,2.0,0.0,1.0,1.0,100,0,100,0,0,0,2.49,0.8277762323406925
167,2.0,0.0,1.0,1.0,100,0,100,0,0,0,2.49,0.8286373511789897
168,2.0,0.0,1.0,1.0,100,0,100,0,0,0,2.49,0.8294941644230945
169,2.0,0.0,1.0,1.0,100,0,100,0,0,0,2.49,0.8303466936009789
170,2.0,0.0,1.0,1.0,100,0,100,0,0,0,2.49,0.8311949601329741
171,2.0,0.0,1.0,1.0,100,0,100,0,0,0,2.49,0.8320389853323091
172,2.0,0.0,1.0,1.0,100,0,100,0,0,0,2.49,0.8328787904056477
173,2.0,0.0,1.0,1.0,100,0,100,0,0,0,2.49,0.8337143964536193
174,2.0,0.0,1.0,1.0,100,0,100,0,0,0,2.49,0.8345458244713511
175,2.0,0.0,1.0,1.0,100,0,100,0,0,0,2.49,0.8353730953489946
176,2.0,0.0,1.0,1.0,100,0,100,0,0,0,2.49,0.8361962298722493
177,2.0,0.0,1.0,1.0,100,0,100,0,0,0,2.49,0.8370152487228886
178,2.0,0.0,1.0,1.0,100,0,100,0,0,0,2.49,0.8378301724792736
179,2.0,0.0,1.0,1.0,100,0,100,0,0,0,2.49,0.8386410216168777
180,2.0,0.0,1.0,1.0,100,0,100,0,0,0,2.49,0.8394478165087933
181,2.0,0.0,1.0,1.0,100,0,100,0,0,0,2.49,0.840250577426249
182,2.0,0.0,1.0,1.0,100,0,100,0,0,0,2.49,0.8410493245391176
183,2.0,0.0,1.0,1.0,100,0,100,0,0,0,2.49,0.8418440779164229
184,2.0,0.0,1.0,1.0,100,0,100,0,0,0,2.49,0.8426348575268401
185,2.0,0.0,1.0,1.0,100,0,100,0,0,0,2.49,0.8434216832392061
186,2.0,0.0,1.0,1.0,100,0,100,0,0,0,2.49,0.8442045748230104
187,2.0,0.0,1.0,1.0,100,0,100,0,0,0,2.49,0.844983551948895
188,2.0,0.0,1.0,1.0,100,0,100,0,0,0,2.49,0.8457586341891503
189,2.0,0.0,1.0,1.0,100,0,100,0,0,0,2.49,0.8465298410182046
190,2.0,0.0,1.0,1.0,100,0,100,0,0,0,2.49,0.8472971918131138
191,2.0,0.0,1.0,1.0,100,0,100,0,0,0,2.49,0.8480607058540484
192,2.0,0.0,1.0,1.0,100,0,100,0,0,0,2.49,0.8488204023247776
193,2.0,0.0,1.0,1.0,100,0,100,0,0,0,2.49,0.849576300313154
194,2.0,0.0,1.0,1.0,100,0,100,0,0,0,2.49,0.8503284188115886
195,2.0,0.0,1.0,1.0,100,0,100,0,0,0,2.49,0.8510767767175301
196,2.0,0.0,1.0,1.0,100,0,100,0,0,0,2.49,0.8518213928339428
197,2.0,0.0,1.0,1.0,100,0,100,0,0,0,2.49,0.8525622858697726
198,2.0,0.0,1.0,1.0,100,0,100,0,0,0,2.49,0.8532994744404239
199,2.0,0.0,1.0,1.0,100,0,100,0,0,0,2.49,0.8540329770682219
200,2.0,0.0,1.0,1.0,100,0,100,0,0,0,2.49,0.8547628121828801
201,2.0,0.0,1.0,1.0,100,0,100,0,0,0,2.49,0.855488998121966
202,2.0,0.0,1.0,1.0,100,0,100,0,0,0,2.49,0.8562115531313568
203,2.0,0.0,1.0,1.0,100,0,100,0,0,0,2.49,0.8569304953656999
204,2.0,0.0,1.0,1.0,100,0,100,0,0,0,2.49,0.857645842888871
205,2.0,0.0,1.0,1.0,100,0,100,0,0,0,2.49,0.8583576136744268
206,2.0,0.0,1.0,1.0,100,0,100,0,0,0,2.49,0.8590658256060548
207,2.0,0.0,1.0,1.0,100,0,100,0,0,0,2.49,0.8597704964780246
208,2.0,0.0,1.0,1.0,100,0,100,0,0,0,2.49,0.8604716439956347
209,2.0,0.0,1.0,1.0,100,0,100,0,0,0,2.49,0.8611692857756565
210,2.0,0.0,1.0,1.0,100,0,100,0,0,0,2.49,0.8618634393467776
211,2.0,0.0,1.0,1.0,100,0,100,0,0,0,2.49,0.8625541221500438
212,2.0,0.0,1.0,1.0,100,0,100,0,0,0,2.49,0.8632413515392944
213,2.0,0.0,1.0,1.0,100,0,100,0,0,0,2.49,0.8639251447815971
214,2.0,0.0,1.0,1.0,100,0,100,0,0,0,2.49,0.8646055190576893
215,2.0,0.0,1.0,1.0,100,0,100,0,0,0,2.49,0.865282491462401
216,2.0,0.0,1.0,1.0,100,0,100,0,0,0,2.49,0.8659560790050894
217,2.0,0.0,1.0,1.0,100,0,100,0,0,0,2.49,0.8666262986100639
218,2.0,0.0,1.0,1.0,100,0,100,0,0,0,2.49,0.8672931671170134
219,2.0,0.0,1.0,1.0,100,0,100,0,0,0,2.49,0.867956701281428
220,2.0,0.0,1.0,1.0,100,0,100,0,0,0,2.49,0.8686169177750211
221,2.0,0.0,1.0,1.0,100,0,100,0,0,0,2.49,0.8692738331861459
222,2.0,0.0,1.0,1.0,100,0,100,0,0,0,2.49,0.8699274640202149
223,2.0,0.0,1.0,1.0,100,0,100,0,0,0,2.49,0.8705778267001142
224,2.0,0.0,1.0,1.0,100,0,100,0,0,0,2.49,0.8712249375666132
225,2.0,0.0,1.0,1.0,100,0,100,0,0,0,2.49,0.87186881287878
226,2.0,0.0,1.0,1.0,100,0,100,0,0,0,2.49,0.872509468814386
227,2.0,0.0,1.0,1.0,100,0,100,0,0,0,2.49,0.8731469214703143
228,2.0,0.0,1.0,1.0,100,0,100,0,0,0,2.49,0.8737811868629626
229,2.0,0.0,1.0,1.0,100,0,100,0,0,0,2.49,0.8744122809286482
230,2.0,0.0,1.0,1.0,100,0,100,0,0,0,2.49,0.8750402195240047
231,2.0,0.0,1.0,1.0,100,0,100,0,0,0,2.49,0.8756650184263848
232,2.0,0.0,1.0,1.0,100,0,100,0,0,0,2.49,0.8762866933342522
233,2.0,0.0,1.0,1.0,100,0,100,0,0,0,2.49,0.8769052598675819
234,2.0,0.0,1.0,1.0,100,0,100,0,0,0,2.49,0.8775207335682434
235,2.0,0.0,1.0,1.0,100,0,100,0,0,0,2.49,0.8781331299004029
236,2.0,0.0,1.0,1.0,100,0,100,0,0,0,2.49,0.8787424642509002
237,2.0,0.0,1.0,1.0,100,0,100,0,0,0,2.49,0.879348751929646
238,2.0,0.0,1.0,1.0,100,0,100,0,0,0,2.49,0.8799520081699979
239,2.0,0.0,1.0,1.0,100,0,100,0,0,0,2.49,0.8805522481291476
240,2.0,0.0,1.0,1.0,100,0,100,0,0,0,2.49,0.881149486888502
241,2.0,0.0,1.0,1.0,100,0,100,0,0,0,2.49,0.8817437394540594
242,2.0,0.0,1.0,1.0,100,0,100,0,0,0,2.49,0.8823350207567893
243,2.0,0.0,1.0,1.0,100,0,100,0,0,0,2.49,0.8829233456530052
244,2.0,0.0,1.0,1.0,100,0,100,0,0,0,2.49,0.88350872892474
245,2.0,0.0,1.0,1.0,100,0,100,0,0,0,2.49,0.8840911852801162
246,2.0,0.0,1.0,1.0,100,0,100,0,0,0,2.49,0.8846707293537159
247,2.0,0.0,1.0,1.0,100,0,100,0,0,0,2.49,0.8852473757069477
248,2.0,0.0,1.0,1.0,100,0,100,0,0,0,2.49,0.8858211388284125
249,2.0,0.0,1.0,1.0,100,0,100,0,0,0,2.49,0.8863920331342703
250,2.0,0.0,1.0,1.0,100,0,100,0,0,0,2.49,0.8869600729685994
251,2.0,0.0,1.0,1.0,100,0,100,0,0,0,2.49,0.8875252726037562
252,2.0,0.0,1.0,1.0,100,0,100,0,0,0,2.49,0.8880876462407374
253,2.0,0.0,1.0,1.0,100,0,100,0,0,0,2.49,0.8886472080095338
254,2.0,0.0,1.0,1.0,100,0,100,0,0,0,2.49,0.8892039719694859
255,2.0,0.0,1.0,1.0,100,0,100,0,0,0,2.49,0.8897579521096385
256,2.0,0.0,1.0,1.0,100,0,100,0,0,0,2.49,0.8903091623490905
257,2.0,0.0,1.0,1.0,100,0,100,0,0,0,2.49,0.8908576165373455
258,2.0,0.0,1.0,1.0,100,0,100,0,0,0,2.49,0.8914033284546581
259,2.0,0.0,1.0,1.0,100,0,100,0,0,0,2.49,0.8919463118123846
260,2.0,0.0,1.0,1.0,100,0,100,0,0,0,2.49,0.8924865802533223
261,2.0,0.0,1.0,1.0,100,0,100,0,0,0,2.49,0.8930241473520565
262,2.0,0.0,1.0,1.0,100,0,100,0,0,0,2.49,0.893559026615296
263,2.0,0.0,1.0,1.0,100,0,100,0,0,0,2.49,0.8940912314822191
264,2.0,0.0,1.0,1.0,100,0,100,0,0,0,2.49,0.8946207753248083
265,2.0,0.0,1.0,1.0,100,0,100,0,0,0,2.49,0.8951476714481843
266,2.0,0.0,1.0,1.0,100,0,100,0,0,0,2.49,0.8956719330909434
267,2.0,0.0,1.0,1.0,100,0,100,0,0,0,2.49,0.8961935734254887
268,2.0,0.0,1.0,1.0,100,0,100,0,0,0,2.49,0.8967126055583609
269,2.0,0.0,1.0,1.0,100,0,100,0,0,0,2.49,0.8972290425305691
270,2.0,0.0,1.0,1.0,100,0,100,0,0,0,2.49,0.8977428973179172
271,2.0,0.0,1.0,1.0,100,0,100,0,0,0,2.49,0.8982541828313267
272,2.0,0.0,1.0,1.0,100,0,100,0,0,0,2.49,0.8987629119171704
273,2.0,0.0,1.0,1.0,100,0,100,0,0,0,2.49,0.8992690973575848
274,2.0,0.0,1.0,1.0,100,0,100,0,0,0,2.49,0.8997727518707964
275,2.0,0.0,1.0,1.0,100,0,100,0,0,0,2.49,0.9002738881114424
276,2.0,0.0,1.0,1.0,100,0,100,0,0,0,2.49,0.9007725186708858
277,2.0,0.0,1.0,1.0,100,0,100,0,0,0,2.49,0.9012686560775315
278,2.0,0.0,1.0,1.0,100,0,100,0,0,0,2.49,0.9017623127971429
279,2.0,0.0,1.0,1.0,100,0,100,0,0,0,2.49,0.9022535012331581
280,2.0,0.0,1.0,1.0,100,0,100,0,0,0,2.49,0.9027422337269916
281,2.0,0.0,1.0,1.0,100,0,100,0,0,0,2.49,0.9032285225583575
282,2.0,0.0,1.0,1.0,100,0,100,0,0,0,2.49,0.9037123799455651
283,2.0,0.0,1.0,1.0,100,0,100,0,0,0,2.49,0.9041938180458371
284,2.0,0.0,1.0,1.0,100,0,100,0,0,0,2.49,0.9046728489556075
285,2.0,0.0,1.0,1.0,100,0,100,0,0,0,2.49,0.9051494847108306
286,2.0,0.0,1.0,1.0,100,0,100,0,0,0,2.49,0.905623737287276
287,2.0,0.0,1.0,1.0,100,0,100,0,0,0,2.49,0.9060956186008395
288,2.0,0.0,1.0,1.0,100,0,100,0,0,0,2.49,0.9065651405078348
289,2.0,0.0,1.0,1.0,100,0,100,0,0,0,2.49,0.9070323148052963
290,2.0,0.0,1.0,1.0,100,0,100,0,0,0,2.49,0.9074971532312694
291,2.0,0.0,1.0,1.0,100,0,100,0,0,0,2.49,0.9079596674651136
292,2.0,0.0,1.0,1.0,100,0,100,0,0,0,2.49,0.908419869127788
293,2.0,0.0,1.0,1.0,100,0,100,0,0,0,2.49,0.9088777697821487
294,2.0,0.0,1.0,1.0,100,0,100,0,0,0,2.49,0.9093333809332385
295,2.0,0.0,1.0,1.0,100,0,100,0,0,0,2.49,0.9097867140285719
296,2.0,0.0,1.0,1.0,100,0,100,0,0,0,2.49,0.9102377804584293
297,2.0,0.0,1.0,1.0,100,0,100,0,0,0,2.49,0.9106865915561367
298,2.0,0.0,1.0,1.0,100,0,100,0,0,0,2.49,0.9111331585983561
299,2.0,0.0,1.0,1.0,100,0,100,0,0,0,2.49,0.9115774928053643
300,2.0,0.0,1.0,1.0,100,0,100,0,0,0,2.49,0.9120196053413383
301,2.0,0.0,1.0,1.0,100,0,100,0,0,0,2.49,0.912459507314631
302,2.0,0.0,1.0,1.0,100,0,100,0,0,0,2.49,0.9128972097780576
303,2.0,0.0,1.0,1.0,100,0,100,0,0,0,2.49,0.9133327237291675
304,2.0,0.0,1.0,1.0,100,0,100,0,0,0,2.49,0.9137660601105216
305,2.0,0.0,1.0,1.0,100,0,100,0,0,0,2.49,0.914197229809969
306,2.0,0.0,1.0,1.0,100,0,100,0,0,0,2.49,0.9146262436609188
307,2.0,0.0,1.0,1.0,100,0,100,0,0,0,2.49,0.9150531124426148
308,2.0,0.0,1.0,1.0,100,0,100,0,0,0,2.49,0.9154778468804011
309,2.0,0.0,1.0,1.0,100,0,100,0,0,0,2.49,0.9159004576459999
310,2.0,0.0,1.0,1.0,100,0,100,0,0,0,2.49,0.9163209553577697
311,2.0,0.0,1.0,1.0,100,0,100,0,0,0,2.49,0.9167393505809807
312,2.0,0.0,1.0,1.0,100,0,100,0,0,0,2.49,0.9171556538280757
313,2.0,0.0,1.0,1.0,100,0,100,0,0,0,2.49,0.917569875558936
314,2.0,0.0,1.0,1.0,100,0,100,0,0,0,2.49,0.9179820261811408
315,2.0,0.0,1.0,1.0,100,0,100,0,0,0,2.49,0.9183921160502355
316,2.0,0.0,1.0,1.0,100,0,100,0,0,0,2.49,0.9188001554699836
317,2.0,0.0,1.0,1.0,100,0,100,0,0,0,2.49,0.9192061546926337
318,2.0,0.0,1.0,1.0,100,0,100,0,0,0,2.49,0.9196101239191714
319,2.0,0.0,1.0,1.0,100,0,100,0,0,0,2.49,0.9200120732995752
320,2.0,0.0,1.0,1.0,100,0,100,0,0,0,2.49,0.920412012933077
321,2.0,0.0,1.0,1.0,100,0,100,0,0,0,2.49,0.9208099528684116
322,2.0,0.0,1.0,1.0,100,0,100,0,0,0,2.49,0.9212059031040696
323,2.0,0.0,1.0,1.0,100,0,100,0,0,0,2.49,0.9215998735885497
324,2.0,0.0,1.0,1.0,100,0,100,0,0,0,2.49,0.9219918742206065
325,2.0,0.0,1.0,1.0,100,0,100,0,0,0,2.49,0.9223819148495036
326,2.0,0.0,1.0,1.0,100,0,100,0,0,0,2.49,0.9227700052752559
327,2.0,0.0,1.0,1.0,100,0,100,0,0,0,2.49,0.9231561552488797
328,2.0,0.0,1.0,1.0,100,0,100,0,0,0,2.49,0.923540374472635
329,2.0,0.0,1.0,1.0,100,0,100,0,0,0,2.49,0.9239226726002729
330,2.0,0.0,1.0,1.0,100,0,100,0,0,0,2.49,0.9243030592372706
331,2.0,0.0,1.0,1.0,100,0,100,0,0,0,2.49,0.9246815439410845
332,2.0,0.0,1.0,1.0,100,0,100,0,0,0,2.49,0.9250581362213792
333,2.0,0.0,1.0,1.0,100,0,100,0,0,0,2.49,0.9254328455402724
334,2.0,0.0,1.0,1.0,100,0,100,0,0,0,2.49,0.9258056813125713
335,2.0,0.0,1.0,1.0,100,0,100,0,0,0,2.49,0.9261766529060086
336,2.0,0.0,1.0,1.0,100,0,100,0,0,0,2.49,0.9265457696414784
337,2.0,0.0,1.0,1.0,100,0,100,0,0,0,2.49,0.9269130407932704
338,2.0,0.0,1.0,1.0,100,0,100,0,0,0,2.49,0.9272784755893048
339,2.0,0.0,1.0,1.0,100,0,100,0,0,0,2.49,0.9276420832113577
340,2.0,0.0,1.0,1.0,100,0,100,0,0,0,2.49,0.9280038727953009
341,2.0,0.0,1.0,1.0,100,0,100,0,0,0,2.49,0.9283638534313239
342,2.0,0.0,1.0,1.0,100,0,100,0,0,0,2.49,0.9287220341641674
343,2.0,0.0,1.0,1.0,100,0,100,0,0,0,2.49,0.9290784239933468
344,2.0,0.0,1.0,1.0,100,0,100,0,0,0,2.49,0.9294330318733802
345,2.0,0.0,1.0,1.0,100,0,100,0,0,0,2.49,0.9297858667140133
346,2.0,0.0,1.0,1.0,100,0,100,0,0,0,2.49,0.9301369373804426
347,2.0,0.0,1.0,1.0,100,0,100,0,0,0,2.49,0.9304862526935408
348,2.0,0.0,1.0,1.0,100,0,100,0,0,0,2.49,0.9308338214300731
349,2.0,0.0,1.0,1.0,100,0,100,0,0,0,2.49,0.9311796523229229
350,2.0,0.0,1.0,1.0,100,0,100,0,0,0,2.49,0.9315237540613084
351,2.0,0.0,1.0,1.0,100,0,100,0,0,0,2.49,0.9318661352910014
352,2.0,0.0,1.0,1.0,100,0,100,0,0,0,2.49,0.9322068046145463
353,2.0,0.0,1.0,1.0,100,0,100,0,0,0,2.49,0.9325457705914734
354,2.0,0.0,1.0,1.0,100,0,100,0,0,0,2.49,0.9328830417385167
355,2.0,0.0,1.0,1.0,100,0,100,0,0,0,2.49,0.9332186265298232
356,2.0,0.0,1.0,1.0,100,0,100,0,0,0,2.49,0.9335525333971749
357,2.0,0.0,1.0,1.0,100,0,100,0,0,0,2.49,0.9338847707301889
358,2.0,0.0,1.0,1.0,100,0,100,0,0,0,2.49,0.9342153468765381
359,2.0,0.0,1.0,1.0,100,0,100,0,0,0,2.49,0.9345442701421556
360,2.0,0.0,1.0,1.0,100,0,100,0,0,0,2.49,0.9348715487914445
361,2.0,0.0,1.0,1.0,100,0,100,0,0,0,2.49,0.9351971910474881
362,2.0,0.0,1.0,1.0,100,0,100,0,0,0,2.49,0.9355212050922499
363,2.0,0.0,1.0,1.0,100,0,100,0,0,0,2.49,0.9358435990667888
364,2.0,0.0,1.0,1.0,100,0,100,0,0,0,2.49,0.9361643810714552
365,2.0,0.0,1.0,1.0,100,0,100,0,0,0,2.49,0.936483559166098
366,2.0,0.0,1.0,1.0,100,0,100,0,0,0,2.49,0.9368011413702676
367,2.0,0.0,1.0,1.0,100,0,100,0,0,0,2.49,0.9371171356634161
368,2.0,0.0,1.0,1.0,100,0,100,0,0,0,2.49,0.9374315499850994
369,2.0,0.0,1.0,1.0,100,0,100,0,0,0,2.49,0.9377443922351735
370,2.0,0.0,1.0,1.0,100,0,100,0,0,0,2.49,0.938055670273998
371,2.0,0.0,1.0,1.0,100,0,100,0,0,0,2.49,0.9383653919226278
372,2.0,0.0,1.0,1.0,100,0,100,0,0,0,2.49,0.9386735649630147
373,2.0,0.0,1.0,1.0,100,0,100,0,0,0,2.49,0.9389801971382
374,2.0,0.0,1.0,1.0,100,0,100,0,0,0,2.49,0.9392852961525092
375,2.0,0.0,1.0,1.0,100,0,100,0,0,0,2.49,0.9395888696717464
376,2.0,0.0,1.0,1.0,100,0,100,0,0,0,2.49,0.9398909253233874
377,2.0,0.0,1.0,1.0,100,0,100,0,0,0,2.49,0.9401914706967709
378,2.0,0.0,1.0,1.0,100,0,100,0,0,0,2.49,0.9404905133432869
379,2.0,0.0,1.0,1.0,100,0,100,0,0,0,2.49,0.9407880607765702
380,2.0,0.0,1.0,1.0,100,0,100,0,0,0,2.49,0.9410841204726869
381,2.0,0.0,1.0,1.0,100,0,100,0,0,0,2.49,0.9413786998703237
382,2.0,0.0,1.0,1.0,100,0,100,0,0,0,2.49,0.9416718063709724
383,2.0,0.0,1.0,1.0,100,0,100,0,0,0,2.49,0.9419634473391179
384,2.0,0.0,1.0,1.0,100,0,100,0,0,0,2.49,0.9422536301024216
385,2.0,0.0,1.0,1.0,100,0,100,0,0,0,2.49,0.9425423619519091
386,2.0,0.0,1.0,1.0,100,0,100,0,0,0,2.49,0.9428296501421499
387,2.0,0.0,1.0,1.0,100,0,100,0,0,0,2.49,0.9431155018914394
388,2.0,0.0,1.0,1.0,100,0,100,0,0,0,2.49,0.9433999243819824
389,2.0,0.0,1.0,1.0,100,0,100,0,0,0,2.49,0.9436829247600721
390,2.0,0.0,1.0,1.0,100,0,100,0,0,0,2.49,0.9439645101362716
391,2.0,0.0,1.0,1.0,100,0,100,0,0,0,2.49,0.9442446875855901
392,2.0,0.0,1.0,1.0,100,0,100,0,0,0,2.49,0.9445234641476623
393,2.0,0.0,1.0,1.0,100,0,100,0,0,0,2.49,0.9448008468269242
394,2.0,0.0,1.0,1.0,100,0,100,0,0,0,2.49,0.9450768425927896
395,2.0,0.0,1.0,1.0,100,0,100,0,0,0,2.49,0.9453514583798256
396,2.0,0.0,1.0,1.0,100,0,100,0,0,0,2.49,0.9456247010879256
397,2.0,0.0,1.0,1.0,100,0,100,0,0,0,2.49,0.9458965775824866
398,2.0,0.0,1.0,1.0,100,0,100,0,0,0,2.49,0.9461670946945746
399,2.0,0.0,1.0,1.0,100,0,100,0,0,0,2.49,0.9464362592211016
400,2.0,0.0,1.0,1.0,100,0,100,0,0,0,2.49,0.946704077924996
401,2.0,0.0,1.0,1.0,100,0,100,0,0,0,2.49,0.9469705575353708
402,2.0,0.0,1.0,1.0,100,0,100,0,0,0,2.49,0.9472357047476944
403,2.0,0.0,1.0,1.0,100,0,100,0,0,0,2.49,0.9474995262239557
404,2.0,0.0,1.0,1.0,100,0,100,0,0,0,2.49,0.9477620285928361
405,2.0,0.0,1.0,1.0,100,0,100,0,0,0,2.49,0.9480232184498719
406,2.0,0.0,1.0,1.0,100,0,100,0,0,0,2.49,0.9482831023576224
407,2.0,0.0,1.0,1.0,100,0,100,0,0,0,2.49,0.948541686845835
408,2.0,0.0,1.0,1.0,100,0,100,0,0,0,2.49,0.9487989784116057
409,2.0,0.0,1.0,1.0,100,0,100,0,0,0,2.49,0.9490549835195481
410,2.0,0.0,1.0,1.0,100,0,100,0,0,0,2.49,0.9493097086019496
411,2.0,0.0,1.0,1.0,100,0,100,0,0,0,2.49,0.9495631600589398
412,2.0,0.0,1.0,1.0,100,0,100,0,0,0,2.49,0.9498153442586448
413,2.0,0.0,1.0,1.0,100,0,100,0,0,0,2.49,0.9500662675373518
414,2.0,0.0,1.0,1.0,100,0,100,0,0,0,2.49,0.950315936199665
415,2.0,0.0,1.0,1.0,100,0,100,0,0,0,2.49,0.9505643565186666
416,2.0,0.0,1.0,1.0,100,0,100,0,0,0,2.49,0.9508115347360735
417,2.0,0.0,1.0,1.0,100,0,100,0,0,0,2.49,0.9510574770623924
418,2.0,0.0,1.0,1.0,100,0,100,0,0,0,2.49,0.951302189677081
419,2.0,0.0,1.0,1.0,100,0,100,0,0,0,2.49,0.9515456787286951
420,2.0,0.0,1.0,1.0,100,0,100,0,0,0,2.49,0.9517879503350519
421,2.0,0.0,1.0,1.0,100,0,100,0,0,0,2.49,0.9520290105833766
422,2.0,0.0,1.0,1.0,100,0,100,0,0,0,2.49,0.95226886553046
423,2.0,0.0,1.0,1.0,100,0,100,0,0,0,2.49,0.9525075212028072
424,2.0,0.0,1.0,1.0,100,0,100,0,0,0,2.49,0.9527449835967937
425,2.0,0.0,1.0,1.0,100,0,100,0,0,0,2.49,0.9529812586788097
426,2.0,0.0,1.0,1.0,100,0,100,0,0,0,2.49,0.9532163523854156
427,2.0,0.0,1.0,1.0,100,0,100,0,0,0,2.49,0.9534502706234881
428,2.0,0.0,1.0,1.0,100,0,100,0,0,0,2.49,0.9536830192703707
429,2.0,0.0,1.0,1.0,100,0,100,0,0,0,2.49,0.9539146041740197
430,2.0,0.0,1.0,1.0,100,0,100,0,0,0,2.49,0.9541450311531487
431,2.0,0.0,1.0,1.0,100,0,100,0,0,0,2.49,0.954374305997383
432,2.0,0.0,1.0,1.0,100,0,100,0,0,0,2.49,0.9546024344673962
433,2.0,0.0,1.0,1.0,100,0,100,0,0,0,2.49,0.9548294222950598
434,2.0,0.0,1.0,1.0,100,0,100,0,0,0,2.49,0.955055275183584
435,2.0,0.0,1.0,1.0,100,0,100,0,0,0,2.49,0.9552799988076669
436,2.0,0.0,1.0,1.0,100,0,100,0,0,0,2.49,0.9555035988136277
437,2.0,0.0,1.0,1.0,100,0,100,0,0,0,2.49,0.9557260808195597
438,2.0,0.0,1.0,1.0,100,0,100,0,0,0,2.49,0.9559474504154618
439,2.0,0.0,1.0,1.0,100,0,100,0,0,0,2.49,0.956167713163385
440,2.0,0.0,1.0,1.0,100,0,100,0,0,0,2.49,0.9563868745975677
441,2.0,0.0,1.0,1.0,100,0,100,0,0,0,2.49,0.9566049402245796
442,2.0,0.0,1.0,1.0,100,0,100,0,0,0,2.49,0.956821915523457
443,2.0,0.0,1.0,1.0,100,0,100,0,0,0,2.49,0.9570378059458398
444,2.0,0.0,1.0,1.0,100,0,100,0,0,0,2.49,0.9572526169161101
445,2.0,0.0,1.0,1.0,100,0,100,0,0,0,2.49,0.9574663538315298
446,2.0,0.0,1.0,1.0,100,0,100,0,0,0,2.49,0.9576790220623715
447,2.0,0.0,1.0,1.0,100,0,100,0,0,0,2.49,0.9578906269520598
448,2.0,0.0,1.0,1.0,100,0,100,0,0,0,2.49,0.9581011738173002
449,2.0,0.0,1.0,1.0,100,0,100,0,0,0,2.49,0.9583106679482136
450,2.0,0.0,1.0,1.0,100,0,100,0,0,0,2.49,0.9585191146084729
451,2.0,0.0,1.0,1.0,100,0,100,0,0,0,2.49,0.9587265190354303
452,2.0,0.0,1.0,1.0,100,0,100,0,0,0,2.49,0.9589328864402528
453,2.0,0.0,1.0,1.0,100,0,100,0,0,0,2.49,0.9591382220080514
454,2.0,0.0,1.0,1.0,100,0,100,0,0,0,2.49,0.9593425308980115
455,2.0,0.0,1.0,1.0,100,0,100,0,0,0,2.49,0.9595458182435211
456,2.0,0.0,1.0,1.0,100,0,100,0,0,0,2.49,0.9597480891523038
457,2.0,0.0,1.0,1.0,100,0,100,0,0,0,2.49,0.9599493487065426
458,2.0,0.0,1.0,1.0,100,0,100,0,0,0,2.49,0.9601496019630096
459,2.0,0.0,1.0,1.0,100,0,100,0,0,0,2.49,0.960348853953195
460,2.0,0.0,1.0,1.0,100,0,100,0,0,0,2.49,0.9605471096834289
461,2.0,0.0,1.0,1.0,100,0,100,0,0,0,2.49,0.960744374135012
462,2.0,0.0,1.0,1.0,100,0,100,0,0,0,2.49,0.9609406522643372
463,2.0,0.0,1.0,1.0,100,0,100,0,0,0,2.49,0.9611359490030149
464,2.0,0.0,1.0,1.0,100,0,100,0,0,0,2.49,0.9613302692580002
465,2.0,0.0,1.0,1.0,100,0,100,0,0,0,2.49,0.9615236179117097
466,2.0,0.0,1.0,1.0,100,0,100,0,0,0,2.49,0.9617159998221513
467,2.0,0.0,1.0,1.0,100,0,100,0,0,0,2.49,0.9619074198230405
468,2.0,0.0,1.0,1.0,100,0,100,0,0,0,2.49,0.9620978827239253
469,2.0,0.0,1.0,1.0,100,0,100,0,0,0,2.49,0.9622873933103055
470,2.0,0.0,1.0,1.0,100,0,100,0,0,0,2.49,0.9624759563437538
471,2.0,0.0,1.0,1.0,100,0,100,0,0,0,2.49,0.9626635765620349
472,2.0,0.0,1.0,1.0,100,0,100,0,0,0,2.49,0.9628502586792251
473,2.0,0.0,1.0,1.0,100,0,100,0,0,0,2.49,0.9630360073858293
474,2.0,0.0,1.0,1.0,100,0,100,0,0,0,2.49,0.9632208273489
475,2.0,0.0,1.0,1.0,100,0,100,0,0,0,2.49,0.9634047232121549
476,2.0,0.0,1.0,1.0,100,0,100,0,0,0,2.49,0.9635876995960944
477,2.0,0.0,1.0,1.0,100,0,100,0,0,0,2.49,0.9637697610981139
478,2.0,0.0,1.0,1.0,100,0,100,0,0,0,2.49,0.9639509122926235
479,2.0,0.0,1.0,1.0,100,0,100,0,0,0,2.49,0.9641311577311606
480,2.0,0.0,1.0,1.0,100,0,100,0,0,0,2.49,0.9643105019425038
481,2.0,0.0,1.0,1.0,100,0,100,0,0,0,2.49,0.9644889494327917
482,2.0,0.0,1.0,1.0,100,0,100,0,0,0,2.49,0.9646665046856281
483,2.0,0.0,1.0,1.0,100,0,100,0,0,0,2.49,0.9648431721621995
484,2.0,0.0,1.0,1.0,100,0,100,0,0,0,2.49,0.9650189563013893
485,2.0,0.0,1.0,1.0,100,0,100,0,0,0,2.49,0.9651938615198816
486,2.0,0.0,1.0,1.0,100,0,100,0,0,0,2.49,0.9653678922122828
487,2.0,0.0,1.0,1.0,100,0,100,0,0,0,2.49,0.9655410527512209
488,2.0,0.0,1.0,1.0,100,0,100,0,0,0,2.49,0.9657133474874648
489,2.0,0.0,1.0,1.0,100,0,100,0,0,0,2.49,0.9658847807500277
490,2.0,0.0,1.0,1.0,100,0,100,0,0,0,2.49,0.9660553568462779
491,2.0,0.0,1.0,1.0,100,0,100,0,0,0,2.49,0.9662250800620464
492,2.0,0.0,1.0,1.0,100,0,100,0,0,0,2.49,0.9663939546617355
493,2.0,0.0,1.0,1.0,100,0,100,0,0,0,2.49,0.966561984888427
494,2.0,0.0,1.0,1.0,100,0,100,0,0,0,2.49,0.9667291749639848
495,2.0,0.0,1.0,1.0,100,0,100,0,0,0,2.49,0.9668955290891654
496,2.0,0.0,1.0,1.0,100,0,100,0,0,0,2.49,0.967061051443719
497,2.0,0.0,1.0,1.0,100,0,100,0,0,0,2.49,0.9672257461865006
498,2.0,0.0,1.0,1.0,100,0,100,0,0,0,2.49,0.9673896174555684
499,2.0,0.0,1.0,1.0,100,0,100,0,0,0,2.49,0.967552669368291
500,2.0,0.0,1.0,1.0,100,0,100,0,0,0,2.49,0.967714906021449
