alpha,beta,ratio,condition,trial,convergence_tick,converged,first_tick_behavioral,first_tick_belief,first_tick_crystal,first_tick_all_met,final_fraction_A,final_mean_confidence,final_num_crystallised,final_mean_norm_strength,final_frac_dominant_norm,total_ticks
0.1,0.15,1.5,A_baseline,1,0,false,102,102,0,0,1.0,0.9999999999999999,0,0.0,0.0,3000
0.1,0.15,1.5,A_baseline,2,0,false,0,2566,0,0,0.75,0.722203375122391,0,0.0,0.0,3000
0.1,0.15,1.5,A_baseline,3,0,false,1375,1379,0,0,1.0,0.9999999999999999,0,0.0,0.0,3000
0.1,0.15,1.5,A_baseline,4,0,false,360,406,0,0,0.0,0.9999999999999999,0,0.0,0.0,3000
0.1,0.15,1.5,A_baseline,5,0,false,483,496,0,0,0.0,0.9999999999999999,0,0.0,0.0,3000
0.1,0.15,1.5,A_baseline,6,0,false,264,264,0,0,0.1,0.7757616040633087,0,0.0,0.0,3000
0.1,0.15,1.5,A_baseline,7,0,false,427,455,0,0,1.0,0.9999999999999999,0,0.0,0.0,3000
0.1,0.15,1.5,A_baseline,8,0,false,2782,2743,0,0,0.03,0.9505232158259972,0,0.0,0.0,3000
0.1,0.15,1.5,A_baseline,9,0,false,103,143,0,0,1.0,0.9999999999999999,0,0.0,0.0,3000
0.1,0.15,1.5,A_baseline,10,0,false,990,1013,0,0,0.0,0.9999999999999999,0,0.0,0.0,3000
0.1,0.15,1.5,A_baseline,11,0,false,725,723,0,0,0.0,0.9999999999999999,0,0.0,0.0,3000
0.1,0.15,1.5,A_baseline,12,0,false,0,623,0,0,0.68,0.465966259591054,0,0.0,0.0,3000
0.1,0.15,1.5,A_baseline,13,0,false,389,391,0,0,1.0,0.9999999999999999,0,0.0,0.0,3000
0.1,0.15,1.5,A_baseline,14,0,false,1359,1369,0,0,1.0,0.9999996017099275,0,0.0,0.0,3000
0.1,0.15,1.5,A_baseline,15,0,false,429,429,0,0,1.0,0.9999999999999999,0,0.0,0.0,3000
0.1,0.15,1.5,A_baseline,16,0,false,1145,1145,0,0,1.0,0.9999999999999999,0,0.0,0.0,3000
0.1,0.15,1.5,A_baseline,17,0,false,0,0,0,0,0.09,0.8242750361880331,0,0.0,0.0,3000
0.1,0.15,1.5,A_baseline,18,0,false,301,301,0,0,0.0,0.9999999999999999,0,0.0,0.0,3000
0.1,0.15,1.5,A_baseline,19,0,false,370,370,0,0,0.0,0.9999999999999999,0,0.0,0.0,3000
0.1,0.15,1.5,A_baseline,20,0,false,408,408,0,0,0.0,0.9999999999999999,0,0.0,0.0,3000
0.1,0.15,1.5,A_baseline,21,0,false,754,756,0,0,1.0,0.9999999999999999,0,0.0,0.0,3000
0.1,0.15,1.5,A_baseline,22,0,false,2002,1364,0,0,1.0,0.9999999999999999,0,0.0,0.0,3000
0.1,0.15,1.5,A_baseline,23,0,false,723,417,0,0,0.0,0.9999999999999999,0,0.0,0.0,3000
0.1,0.15,1.5,A_baseline,24,0,false,638,334,0,0,0.0,0.9999999999999999,0,0.0,0.0,3000
0.1,0.15,1.5,A_baseline,25,0,false,595,598,0,0,0.0,0.9999999999999999,0,0.0,0.0,3000
0.1,0.15,1.5,A_baseline,26,0,false,236,240,0,0,1.0,0.9999999999999999,0,0.0,0.0,3000
0.1,0.15,1.5,A_baseline,27,0,false,787,787,0,0,1.0,0.9999999999999999,0,0.0,0.0,3000
0.1,0.15,1.5,A_baseline,28,0,false,824,824,0,0,0.0,0.9999999999999999,0,0.0,0.0,3000
0.1,0.15,1.5,A_baseline,29,0,false,463,400,0,0,1.0,0.9999999999999999,0,0.0,0.0,3000
0.1,0.15,1.5,A_baseline,30,0,false,758,773,0,0,0.0,0.9999999999999999,0,0.0,0.0,3000
0.1,0.15,1.5,B_lockin_only,1,0,false,80,80,0,0,0.0,0.9999999999999999,0,0.0,0.0,3000
0.1,0.15,1.5,B_lockin_only,2,0,false,171,171,0,0,1.0,0.9999999999999999,0,0.0,0.0,3000
0.1,0.15,1.5,B_lockin_only,3,0,false,134,134,0,0,0.0,0.9999999999999999,0,0.0,0.0,3000
0.1,0.15,1.5,B_lockin_only,4,0,false,125,125,0,0,0.0,0.9999999999999999,0,0.0,0.0,3000
0.1,0.15,1.5,B_lockin_only,5,0,false,126,129,0,0,1.0,0.9999999999999999,0,0.0,0.0,3000
0.1,0.15,1.5,B_lockin_only,6,0,false,303,303,0,0,1.0,0.9999999999999999,0,0.0,0.0,3000
0.1,0.15,1.5,B_lockin_only,7,0,false,118,119,0,0,0.0,0.9999999999999999,0,0.0,0.0,3000
0.1,0.15,1.5,B_lockin_only,8,0,false,233,230,0,0,1.0,0.9999999999999999,0,0.0,0.0,3000
0.1,0.15,1.5,B_lockin_only,9,0,false,419,417,0,0,1.0,0.9999999999999999,0,0.0,0.0,3000
0.1,0.15,1.5,B_lockin_only,10,0,false,101,97,0,0,1.0,0.9999999999999999,0,0.0,0.0,3000
0.1,0.15,1.5,B_lockin_only,11,0,false,172,205,0,0,1.0,0.9999999999999999,0,0.0,0.0,3000
0.1,0.15,1.5,B_lockin_only,12,0,false,213,224,0,0,0.0,0.9999999999999999,0,0.0,0.0,3000
0.1,0.15,1.5,B_lockin_only,13,0,false,228,228,0,0,1.0,0.9999999999999999,0,0.0,0.0,3000
0.1,0.15,1.5,B_lockin_only,14,0,false,158,158,0,0,0.0,0.9999999999999999,0,0.0,0.0,3000
0.1,0.15,1.5,B_lockin_only,15,0,false,209,209,0,0,1.0,0.9999999999999999,0,0.0,0.0,3000
0.1,0.15,1.5,B_lockin_only,16,0,false,206,203,0,0,1.0,0.9999999999999999,0,0.0,0.0,3000
0.1,0.15,1.5,B_lockin_only,17,0,false,288,288,0,0,1.0,0.9999999999999999,0,0.0,0.0,3000
0.1,0.15,1.5,B_lockin_only,18,0,false,119,119,0,0,0.0,0.9999999999999999,0,0.0,0.0,3000
0.1,0.15,1.5,B_lockin_only,19,0,false,152,149,0,0,0.0,0.9999999999999999,0,0.0,0.0,3000
0.1,0.15,1.5,B_lockin_only,20,0,false,214,213,0,0,0.0,0.9999999999999999,0,0.0,0.0,3000
0.1,0.15,1.5,B_lockin_only,21,0,false,77,74,0,0,0.0,0.9999999999999999,0,0.0,0.0,3000
0.1,0.15,1.5,B_lockin_only,22,0,false,78,81,0,0,1.0,0.9999999999999999,0,0.0,0.0,3000
0.1,0.15,1.5,B_lockin_only,23,0,false,123,134,0,0,0.0,0.9999999999999999,0,0.0,0.0,3000
0.1,0.15,1.5,B_lockin_only,24,0,false,273,273,0,0,1.0,0.9999999999999999,0,0.0,0.0,3000
0.1,0.15,1.5,B_lockin_only,25,0,false,208,210,0,0,1.0,0.9999999999999999,0,0.0,0.0,3000
0.1,0.15,1.5,B_lockin_only,26,0,false,277,307,0,0,1.0,0.9999999999999999,0,0.0,0.0,3000
0.1,0.15,1.5,B_lockin_only,27,0,false,188,188,0,0,0.0,0.9999999999999999,0,0.0,0.0,3000
0.1,0.15,1.5,B_lockin_only,28,0,false,70,70,0,0,1.0,0.9999999999999999,0,0.0,0.0,3000
0.1,0.15,1.5,B_lockin_only,29,0,false,244,253,0,0,0.0,0.9999999999999999,0,0.0,0.0,3000
0.1,0.15,1.5,B_lockin_only,30,0,false,176,176,0,0,0.0,0.9999999999999999,0,0.0,0.0,3000
0.1,0.15,1.5,C_normative_only,1,124,true,71,72,75,75,1.0,0.9986679642708404,97,0.7566403922538382,0.97,124
0.1,0.15,1.5,C_normative_only,2,85,true,34,34,36,36,0.0,0.998530288125244,97,0.8508987050450526,0.97,85
0.1,0.15,1.5,C_normative_only,3,97,true,42,42,48,48,0.0,0.9991881655658458,96,0.8486399666778522,0.96,97
0.1,0.15,1.5,C_normative_only,4,89,true,38,38,40,40,0.0,0.9986576680957999,98,0.843752930561277,0.98,89
0.1,0.15,1.5,C_normative_only,5,108,true,41,41,59,59,1.0,0.9997082990644118,96,0.8488196109107314,0.96,108
0.1,0.15,1.5,C_normative_only,6,79,true,26,28,30,30,1.0,0.9986585236034238,97,0.8506578497881482,0.97,79
0.1,0.15,1.5,C_normative_only,7,112,true,51,50,63,63,0.0,0.9995179762085783,97,0.8016321067884462,0.97,112
0.1,0.15,1.5,C_normative_only,8,112,true,57,57,63,63,0.0,0.9991220411226984,97,0.7648605741005634,0.97,112
0.1,0.15,1.5,C_normative_only,9,101,true,41,42,52,52,0.0,0.9993037635113265,97,0.827935564645973,0.97,101
0.1,0.15,1.5,C_normative_only,10,85,true,32,34,36,36,0.0,0.9983233248059306,98,0.8455531619728185,0.98,85
0.1,0.15,1.5,C_normative_only,11,78,true,29,29,28,29,1.0,0.9982583604461617,99,0.8499386676187436,0.99,78
0.1,0.15,1.5,C_normative_only,12,109,true,38,38,60,60,0.0,0.999800904374719,96,0.8466150232493336,0.96,109
0.1,0.15,1.5,C_normative_only,13,116,true,52,52,67,67,1.0,0.999659066454683,98,0.7936329359062904,0.98,116
0.1,0.15,1.5,C_normative_only,14,85,true,30,33,33,34,1.0,0.9986821177815476,97,0.8517458246408663,0.97,85
0.1,0.15,1.5,C_normative_only,15,118,true,53,53,69,69,0.0,0.9996275603310295,95,0.7956068270925888,0.95,118
0.1,0.15,1.5,C_normative_only,16,89,true,34,37,40,40,0.0,0.9986206037626899,97,0.8465923333003709,0.97,89
0.1,0.15,1.5,C_normative_only,17,85,true,36,35,34,36,0.0,0.9983247300471685,96,0.8516199197962123,0.96,85
0.1,0.15,1.5,C_normative_only,18,82,true,29,29,33,33,0.0,0.9985183100164019,98,0.8505351011240502,0.98,82
0.1,0.15,1.5,C_normative_only,19,116,true,43,42,67,67,0.0,0.9998586210182835,95,0.8463598090489935,0.95,116
0.1,0.15,1.5,C_normative_only,20,138,true,85,85,89,89,0.0,0.998868788071847,95,0.7789692007571333,0.95,138
0.1,0.15,1.5,C_normative_only,21,111,true,40,41,62,62,0.0,0.9996872104966211,95,0.8232478154514593,0.95,111
0.1,0.15,1.5,C_normative_only,22,116,true,57,59,66,67,1.0,0.999009433920966,98,0.7539224000764706,0.98,116
0.1,0.15,1.5,C_normative_only,23,76,true,27,27,26,27,0.0,0.9980551189997464,99,0.8486191127872048,0.99,76
0.1,0.15,1.5,C_normative_only,24,117,true,48,48,68,68,1.0,0.999696039993231,94,0.8087783761353443,0.94,117
0.1,0.15,1.5,C_normative_only,25,86,true,34,34,37,37,0.0,0.9987155068579261,96,0.8472707546238972,0.96,86
0.1,0.15,1.5,C_normative_only,26,86,true,31,32,37,37,0.0,0.9986772353228066,95,0.8521796065168386,0.95,86
0.1,0.15,1.5,C_normative_only,27,94,true,40,40,45,45,0.0,0.9986497073583217,99,0.8390851060282618,0.99,94
0.1,0.15,1.5,C_normative_only,28,103,true,45,45,54,54,0.0,0.9991672954532079,97,0.8184711136102428,0.97,103
0.1,0.15,1.5,C_normative_only,29,103,true,41,41,54,54,1.0,0.9995476060392354,96,0.826211569257899,0.96,103
0.1,0.15,1.5,C_normative_only,30,90,true,37,39,41,41,1.0,0.9987120836855944,96,0.8386733966522465,0.96,90
0.1,0.15,1.5,D_full_model,1,79,true,25,25,30,30,1.0,0.9986330191920108,97,0.850156358072039,0.97,79
0.1,0.15,1.5,D_full_model,2,123,true,39,41,74,74,0.0,0.9999337719188801,95,0.8504576881455372,0.95,123
0.1,0.15,1.5,D_full_model,3,84,true,30,30,35,35,1.0,0.9988980589377177,96,0.8523587919045519,0.96,84
0.1,0.15,1.5,D_full_model,4,89,true,38,38,40,40,0.0,0.9985460481865545,97,0.8386925783028163,0.97,89
0.1,0.15,1.5,D_full_model,5,109,true,44,46,60,60,1.0,0.9995660576360262,95,0.810259737870552,0.95,109
0.1,0.15,1.5,D_full_model,6,113,true,44,48,64,64,1.0,0.9996776228214297,94,0.8159013501986006,0.94,113
0.1,0.15,1.5,D_full_model,7,80,true,27,27,31,31,0.0,0.998205689403257,97,0.8493035973356962,0.97,80
0.1,0.15,1.5,D_full_model,8,79,true,26,26,30,30,1.0,0.9986049117613268,99,0.8488625403494042,0.99,79
0.1,0.15,1.5,D_full_model,9,110,true,46,46,61,61,0.0,0.9995828200558905,96,0.831105145290412,0.96,110
0.1,0.15,1.5,D_full_model,10,79,true,24,25,30,30,0.0,0.998660741451598,100,0.8497811272522078,1.0,79
0.1,0.15,1.5,D_full_model,11,134,true,84,81,85,85,1.0,0.9986455149096397,99,0.7985077905740313,0.99,134
0.1,0.15,1.5,D_full_model,12,122,true,55,56,73,73,0.0,0.9995592251573581,97,0.7706332545286811,0.97,122
0.1,0.15,1.5,D_full_model,13,126,true,44,44,77,77,0.0,0.9999396402847474,94,0.8319656921537549,0.94,126
0.1,0.15,1.5,D_full_model,14,103,true,42,41,54,54,0.0,0.9995556014512236,95,0.8301933510325973,0.95,103
0.1,0.15,1.5,D_full_model,15,82,true,31,31,33,33,1.0,0.9984053660121135,99,0.8500412784653759,0.99,82
0.1,0.15,1.5,D_full_model,16,102,true,36,40,53,53,0.0,0.9995084591442115,98,0.8494051801670166,0.98,102
0.1,0.15,1.5,D_full_model,17,108,true,36,39,59,59,1.0,0.9997771118990562,96,0.8585184867448957,0.96,108
0.1,0.15,1.5,D_full_model,18,99,true,35,36,50,50,0.0,0.9995333416716625,93,0.8587452465501878,0.93,99
0.1,0.15,1.5,D_full_model,19,78,true,24,26,29,29,1.0,0.9985285005198834,99,0.8489932880262958,0.99,78
0.1,0.15,1.5,D_full_model,20,79,true,30,30,30,30,0.0,0.9981142728368814,98,0.8486989736827294,0.98,79
0.1,0.15,1.5,D_full_model,21,94,true,36,36,45,45,1.0,0.99916741575051,96,0.8457462354106605,0.96,94
0.1,0.15,1.5,D_full_model,22,114,true,49,49,65,65,1.0,0.9996300168486504,98,0.80796437683143,0.98,114
0.1,0.15,1.5,D_full_model,23,89,true,34,36,40,40,0.0,0.9988471987302866,96,0.8434485133679543,0.96,89
0.1,0.15,1.5,D_full_model,24,110,true,40,40,61,61,1.0,0.9997389012552005,93,0.8592279482495843,0.93,110
0.1,0.15,1.5,D_full_model,25,74,true,21,23,25,25,0.0,0.9984106461391116,99,0.8485319207183218,0.99,74
0.1,0.15,1.5,D_full_model,26,99,true,36,36,50,50,1.0,0.9995189433942779,99,0.8493250024531229,0.99,99
0.1,0.15,1.5,D_full_model,27,114,true,57,60,65,65,1.0,0.999122333363032,95,0.7766591947091244,0.95,114
0.1,0.15,1.5,D_full_model,28,106,true,37,39,57,57,0.0,0.9996189654175754,95,0.8451178338328588,0.95,106
0.1,0.15,1.5,D_full_model,29,85,true,30,32,36,36,1.0,0.9987756977479582,96,0.8510899769598924,0.96,85
0.1,0.15,1.5,D_full_model,30,122,true,56,56,73,73,1.0,0.9996586130980764,96,0.7768353157528862,0.96,122
0.1,0.2,2.0,A_baseline,1,0,false,1003,658,0,0,0.0,0.9999999999999999,0,0.0,0.0,3000
0.1,0.2,2.0,A_baseline,2,0,false,701,701,0,0,1.0,0.9999999999999999,0,0.0,0.0,3000
0.1,0.2,2.0,A_baseline,3,0,false,612,615,0,0,0.0,0.9999999999999999,0,0.0,0.0,3000
0.1,0.2,2.0,A_baseline,4,0,false,329,330,0,0,1.0,0.9999999999999999,0,0.0,0.0,3000
0.1,0.2,2.0,A_baseline,5,0,false,929,929,0,0,0.0,0.9999999999999999,0,0.0,0.0,3000
0.1,0.2,2.0,A_baseline,6,0,false,760,755,0,0,0.0,0.9999999999999999,0,0.0,0.0,3000
0.1,0.2,2.0,A_baseline,7,0,false,1604,1603,0,0,1.0,0.9999999999999999,0,0.0,0.0,3000
0.1,0.2,2.0,A_baseline,8,0,false,2733,2651,0,0,0.85,0.8049284959136567,0,0.0,0.0,3000
0.1,0.2,2.0,A_baseline,9,0,false,794,789,0,0,0.0,0.9999999999999999,0,0.0,0.0,3000
0.1,0.2,2.0,A_baseline,10,0,false,2461,2465,0,0,1.0,0.9999999999999999,0,0.0,0.0,3000
0.1,0.2,2.0,A_baseline,11,0,false,544,557,0,0,0.0,0.9999999999999999,0,0.0,0.0,3000
0.1,0.2,2.0,A_baseline,12,0,false,1762,1733,0,0,1.0,0.9999999999999999,0,0.0,0.0,3000
0.1,0.2,2.0,A_baseline,13,0,false,745,740,0,0,1.0,0.9999999999999999,0,0.0,0.0,3000
0.1,0.2,2.0,A_baseline,14,0,false,326,326,0,0,0.0,0.9999999999999999,0,0.0,0.0,3000
0.1,0.2,2.0,A_baseline,15,0,false,1904,1408,0,0,1.0,0.9999999999999999,0,0.0,0.0,3000
0.1,0.2,2.0,A_baseline,16,0,false,1626,1626,0,0,1.0,0.9999999999999999,0,0.0,0.0,3000
0.1,0.2,2.0,A_baseline,17,0,false,708,651,0,0,0.0,0.9999999999999999,0,0.0,0.0,3000
0.1,0.2,2.0,A_baseline,18,0,false,1348,1294,0,0,0.0,0.9999999999999999,0,0.0,0.0,3000
0.1,0.2,2.0,A_baseline,19,0,false,795,800,0,0,1.0,0.9999999999999999,0,0.0,0.0,3000
0.1,0.2,2.0,A_baseline,20,0,false,1077,1488,0,0,1.0,0.9999999999999999,0,0.0,0.0,3000
0.1,0.2,2.0,A_baseline,21,0,false,1085,674,0,0,1.0,0.9999999999999999,0,0.0,0.0,3000
0.1,0.2,2.0,A_baseline,22,0,false,732,744,0,0,0.0,0.9999999999999999,0,0.0,0.0,3000
0.1,0.2,2.0,A_baseline,23,0,false,566,565,0,0,0.0,0.9999999999999999,0,0.0,0.0,3000
0.1,0.2,2.0,A_baseline,24,0,false,636,273,0,0,1.0,0.9999999999999999,0,0.0,0.0,3000
0.1,0.2,2.0,A_baseline,25,0,false,586,327,0,0,1.0,0.9999999999999999,0,0.0,0.0,3000
0.1,0.2,2.0,A_baseline,26,0,false,317,317,0,0,1.0,0.9999999999999999,0,0.0,0.0,3000
0.1,0.2,2.0,A_baseline,27,0,false,1711,1709,0,0,1.0,0.9999999999999999,0,0.0,0.0,3000
0.1,0.2,2.0,A_baseline,28,0,false,784,753,0,0,1.0,0.9999999999999999,0,0.0,0.0,3000
0.1,0.2,2.0,A_baseline,29,0,false,0,0,0,0,0.4,0.33840854372751544,0,0.0,0.0,3000
0.1,0.2,2.0,A_baseline,30,0,false,703,703,0,0,0.0,0.9999999999999999,0,0.0,0.0,3000
0.1,0.2,2.0,B_lockin_only,1,0,false,120,122,0,0,0.0,0.9999999999999999,0,0.0,0.0,3000
0.1,0.2,2.0,B_lockin_only,2,0,false,256,256,0,0,1.0,0.9999999999999999,0,0.0,0.0,3000
0.1,0.2,2.0,B_lockin_only,3,0,false,119,124,0,0,1.0,0.9999999999999999,0,0.0,0.0,3000
0.1,0.2,2.0,B_lockin_only,4,0,false,270,270,0,0,1.0,0.9999999999999999,0,0.0,0.0,3000
0.1,0.2,2.0,B_lockin_only,5,0,false,158,158,0,0,0.0,0.9999999999999999,0,0.0,0.0,3000
0.1,0.2,2.0,B_lockin_only,6,0,false,99,99,0,0,1.0,0.9999999999999999,0,0.0,0.0,3000
0.1,0.2,2.0,B_lockin_only,7,0,false,184,186,0,0,1.0,0.9999999999999999,0,0.0,0.0,3000
0.1,0.2,2.0,B_lockin_only,8,0,false,74,74,0,0,0.0,0.9999999999999999,0,0.0,0.0,3000
0.1,0.2,2.0,B_lockin_only,9,0,false,71,126,0,0,1.0,0.9999999999999999,0,0.0,0.0,3000
0.1,0.2,2.0,B_lockin_only,10,0,false,87,87,0,0,1.0,0.9999999999999999,0,0.0,0.0,3000
0.1,0.2,2.0,B_lockin_only,11,0,false,109,112,0,0,1.0,0.9999999999999999,0,0.0,0.0,3000
0.1,0.2,2.0,B_lockin_only,12,0,false,160,160,0,0,1.0,0.9999999999999999,0,0.0,0.0,3000
0.1,0.2,2.0,B_lockin_only,13,0,false,239,179,0,0,0.0,0.9999999999999999,0,0.0,0.0,3000
0.1,0.2,2.0,B_lockin_only,14,0,false,90,90,0,0,0.0,0.9999999999999999,0,0.0,0.0,3000
0.1,0.2,2.0,B_lockin_only,15,0,false,329,324,0,0,0.0,0.9999999999999999,0,0.0,0.0,3000
0.1,0.2,2.0,B_lockin_only,16,0,false,66,79,0,0,0.0,0.9999999999999999,0,0.0,0.0,3000
0.1,0.2,2.0,B_lockin_only,17,0,false,197,196,0,0,0.0,0.9999999999999999,0,0.0,0.0,3000
0.1,0.2,2.0,B_lockin_only,18,0,false,114,115,0,0,0.0,0.9999999999999999,0,0.0,0.0,3000
0.1,0.2,2.0,B_lockin_only,19,0,false,120,120,0,0,1.0,0.9999999999999999,0,0.0,0.0,3000
0.1,0.2,2.0,B_lockin_only,20,0,false,101,101,0,0,0.0,0.9999999999999999,0,0.0,0.0,3000
0.1,0.2,2.0,B_lockin_only,21,0,false,127,144,0,0,0.0,0.9999999999999999,0,0.0,0.0,3000
0.1,0.2,2.0,B_lockin_only,22,0,false,74,74,0,0,1.0,0.9999999999999999,0,0.0,0.0,3000
0.1,0.2,2.0,B_lockin_only,23,0,false,167,167,0,0,0.0,0.9999999999999999,0,0.0,0.0,3000
0.1,0.2,2.0,B_lockin_only,24,0,false,100,100,0,0,0.0,0.9999999999999999,0,0.0,0.0,3000
0.1,0.2,2.0,B_lockin_only,25,0,false,249,249,0,0,1.0,0.9999999999999999,0,0.0,0.0,3000
0.1,0.2,2.0,B_lockin_only,26,0,false,149,150,0,0,1.0,0.9999999999999999,0,0.0,0.0,3000
0.1,0.2,2.0,B_lockin_only,27,0,false,131,131,0,0,1.0,0.9999999999999999,0,0.0,0.0,3000
0.1,0.2,2.0,B_lockin_only,28,0,false,125,125,0,0,1.0,0.9999999999999999,0,0.0,0.0,3000
0.1,0.2,2.0,B_lockin_only,29,0,false,136,136,0,0,0.0,0.9999999999999999,0,0.0,0.0,3000
0.1,0.2,2.0,B_lockin_only,30,0,false,175,171,0,0,1.0,0.9999999999999999,0,0.0,0.0,3000
0.1,0.2,2.0,C_normative_only,1,82,true,33,33,33,33,1.0,0.9979634891202888,100,0.8405024700729952,1.0,82
0.1,0.2,2.0,C_normative_only,2,118,true,64,64,69,69,1.0,0.9986620219947077,97,0.7181346231785063,0.97,118
0.1,0.2,2.0,C_normative_only,3,77,true,27,28,28,28,0.0,0.9978761157469878,99,0.8482397820539875,0.99,77
0.1,0.2,2.0,C_normative_only,4,83,true,34,34,34,34,0.0,0.9976222978076242,94,0.8319734368918504,0.94,83
0.1,0.2,2.0,C_normative_only,5,111,true,40,40,62,62,0.0,0.9997727356626921,93,0.8362175062185365,0.93,111
0.1,0.2,2.0,C_normative_only,6,83,true,32,34,34,34,1.0,0.9980713203162004,99,0.8492180467650495,0.99,83
0.1,0.2,2.0,C_normative_only,7,75,true,23,26,25,26,0.0,0.9978481225061075,99,0.8485244957619603,0.99,75
0.1,0.2,2.0,C_normative_only,8,110,true,42,45,61,61,0.0,0.9995804613631774,99,0.8301525844447349,0.99,110
0.1,0.2,2.0,C_normative_only,9,120,true,64,64,71,71,1.0,0.9987538044812421,100,0.7361873432489838,1.0,120
0.1,0.2,2.0,C_normative_only,10,106,true,37,39,57,57,0.0,0.9996531260161615,99,0.8284508609135541,0.99,106
0.1,0.2,2.0,C_normative_only,11,98,true,39,39,49,49,0.0,0.9993623662372231,98,0.8449092590927346,0.98,98
0.1,0.2,2.0,C_normative_only,12,114,true,42,43,65,65,1.0,0.9997498166770287,97,0.8205840598456122,0.97,114
0.1,0.2,2.0,C_normative_only,13,87,true,36,36,36,36,1.0,0.9983035099072535,100,0.8426326181219485,1.0,87
0.1,0.2,2.0,C_normative_only,14,99,true,37,38,50,50,1.0,0.9992221580595335,98,0.8438582992505086,0.98,99
0.1,0.2,2.0,C_normative_only,15,117,true,61,63,68,68,0.0,0.9978057725091155,100,0.7115893836672929,1.0,117
0.1,0.2,2.0,C_normative_only,16,82,true,32,33,33,33,1.0,0.9980110246505766,99,0.8451585661892006,0.99,82
0.1,0.2,2.0,C_normative_only,17,81,true,32,31,29,32,0.0,0.9981282185045905,98,0.8513254262290842,0.98,81
0.1,0.2,2.0,C_normative_only,18,115,true,53,53,66,66,1.0,0.9994247245270563,96,0.7733709377996604,0.96,115
0.1,0.2,2.0,C_normative_only,19,91,true,42,42,41,42,0.0,0.9981602948630852,96,0.8335300452838842,0.96,91
0.1,0.2,2.0,C_normative_only,20,84,true,33,33,35,35,0.0,0.9980365352591027,96,0.8410658764257252,0.96,84
0.1,0.2,2.0,C_normative_only,21,120,true,66,66,71,71,1.0,0.9988463117303926,99,0.7516385625988333,0.99,120
0.1,0.2,2.0,C_normative_only,22,81,true,30,30,30,30,1.0,0.9981694478245017,97,0.8512025597021379,0.97,81
0.1,0.2,2.0,C_normative_only,23,119,true,42,44,70,70,1.0,0.9998552682310999,93,0.851815883506159,0.93,119
0.1,0.2,2.0,C_normative_only,24,85,true,31,34,35,36,0.0,0.9977891650320675,100,0.8467341705193392,1.0,85
0.1,0.2,2.0,C_normative_only,25,112,true,48,50,63,63,1.0,0.9994424856311187,96,0.7942685283764939,0.96,112
0.1,0.2,2.0,C_normative_only,26,115,true,64,65,66,66,1.0,0.9982537059449023,99,0.7477810562637115,0.99,115
0.1,0.2,2.0,C_normative_only,27,107,true,51,52,58,58,1.0,0.9989903326411099,98,0.8032020092716676,0.98,107
0.1,0.2,2.0,C_normative_only,28,87,true,37,37,38,38,1.0,0.9982877158259598,97,0.8467595991163411,0.97,87
0.1,0.2,2.0,C_normative_only,29,115,true,58,58,66,66,1.0,0.9986599745287577,100,0.750761848641192,1.0,115
0.1,0.2,2.0,C_normative_only,30,103,true,44,44,54,54,1.0,0.9991843519469065,100,0.840571796146483,1.0,103
0.1,0.2,2.0,D_full_model,1,114,true,44,46,65,65,1.0,0.9996594408281979,97,0.809899324747711,0.97,114
0.1,0.2,2.0,D_full_model,2,91,true,34,34,42,42,1.0,0.9991017134123074,97,0.8464313471337289,0.97,91
0.1,0.2,2.0,D_full_model,3,73,true,21,21,24,24,1.0,0.9980214241186325,100,0.8478591972912569,1.0,73
0.1,0.2,2.0,D_full_model,4,106,true,44,46,57,57,1.0,0.9993796022425745,96,0.8123451139904914,0.96,106
0.1,0.2,2.0,D_full_model,5,88,true,34,34,39,39,0.0,0.998461069536816,100,0.843054764282098,1.0,88
0.1,0.2,2.0,D_full_model,6,127,true,71,71,78,78,0.0,0.9985328279121384,97,0.7598083070332392,0.97,127
0.1,0.2,2.0,D_full_model,7,113,true,48,48,64,64,0.0,0.9995630980037578,100,0.7926323902348281,1.0,113
0.1,0.2,2.0,D_full_model,8,77,true,26,26,28,28,1.0,0.9981309303605714,99,0.8484970747112957,0.99,77
0.1,0.2,2.0,D_full_model,9,123,true,69,68,70,70,1.0,0.9986784665567822,98,0.7465941317238056,0.98,123
0.1,0.2,2.0,D_full_model,10,116,true,57,59,67,67,0.0,0.9987807858626192,100,0.7507128806307949,1.0,116
0.1,0.2,2.0,D_full_model,11,82,true,33,33,33,33,0.0,0.9981115510545119,97,0.8505038328002982,0.97,82
0.1,0.2,2.0,D_full_model,12,78,true,26,27,29,29,0.0,0.9979980650017152,99,0.8494610422499265,0.99,78
0.1,0.2,2.0,D_full_model,13,75,true,23,24,26,26,1.0,0.9981286473770503,99,0.8488065678010672,0.99,75
0.1,0.2,2.0,D_full_model,14,72,true,21,21,23,23,0.0,0.9978689308275712,100,0.8478691575981294,1.0,72
0.1,0.2,2.0,D_full_model,15,100,true,34,34,51,51,0.0,0.9995178922429737,98,0.8510304064467025,0.98,100
0.1,0.2,2.0,D_full_model,16,97,true,39,41,48,48,1.0,0.9989633808623641,99,0.821341382198659,0.99,97
0.1,0.2,2.0,D_full_model,17,102,true,43,43,53,53,1.0,0.9991845631997791,99,0.8326640154080369,0.99,102
0.1,0.2,2.0,D_full_model,18,109,true,40,43,60,60,0.0,0.9996430697506902,98,0.8244148035417284,0.98,109
0.1,0.2,2.0,D_full_model,19,81,true,27,27,32,32,1.0,0.9985746859635231,98,0.8413133056141543,0.98,81
0.1,0.2,2.0,D_full_model,20,110,true,47,47,61,61,1.0,0.9995415262427144,97,0.8272938103051419,0.97,110
0.1,0.2,2.0,D_full_model,21,80,true,27,29,31,31,1.0,0.9980460148333954,98,0.8490881317988483,0.98,80
0.1,0.2,2.0,D_full_model,22,123,true,55,57,74,74,1.0,0.9995900308466186,96,0.7781102274219845,0.96,123
0.1,0.2,2.0,D_full_model,23,98,true,31,32,49,49,0.0,0.9996124557627948,96,0.8596717369677999,0.96,98
0.1,0.2,2.0,D_full_model,24,80,true,29,29,28,29,1.0,0.9983157677140944,98,0.8505248670781101,0.98,80
0.1,0.2,2.0,D_full_model,25,98,true,34,34,49,49,1.0,0.9994936475750822,97,0.8553713596018707,0.97,98
0.1,0.2,2.0,D_full_model,26,72,true,20,20,23,23,0.0,0.9979555238240719,99,0.8483745958047793,0.99,72
0.1,0.2,2.0,D_full_model,27,73,true,22,22,24,24,0.0,0.9978846286814786,100,0.8477863908074948,1.0,73
0.1,0.2,2.0,D_full_model,28,87,true,32,32,38,38,1.0,0.9987656069418505,96,0.8522118224399705,0.96,87
0.1,0.2,2.0,D_full_model,29,105,true,37,37,56,56,1.0,0.9996474542118762,95,0.8577536658057552,0.95,105
0.1,0.2,2.0,D_full_model,30,118,true,49,48,69,69,0.0,0.9997169621451991,97,0.7967492613911011,0.97,118
0.1,0.3,3.0,A_baseline,1,0,false,472,481,0,0,0.0,0.9999999999999999,0,0.0,0.0,3000
0.1,0.3,3.0,A_baseline,2,0,false,1061,1041,0,0,0.0,0.9999999999999999,0,0.0,0.0,3000
0.1,0.3,3.0,A_baseline,3,0,false,1604,1604,0,0,1.0,0.9999999996142234,0,0.0,0.0,3000
0.1,0.3,3.0,A_baseline,4,0,false,480,631,0,0,0.0,0.9999999999999999,0,0.0,0.0,3000
0.1,0.3,3.0,A_baseline,5,0,false,394,226,0,0,0.0,0.9999999999999999,0,0.0,0.0,3000
0.1,0.3,3.0,A_baseline,6,0,false,553,363,0,0,0.0,0.9999999999999999,0,0.0,0.0,3000
0.1,0.3,3.0,A_baseline,7,0,false,411,375,0,0,1.0,0.9999999999999999,0,0.0,0.0,3000
0.1,0.3,3.0,A_baseline,8,0,false,1231,1228,0,0,1.0,0.9999999999999999,0,0.0,0.0,3000
0.1,0.3,3.0,A_baseline,9,0,false,528,145,0,0,1.0,0.9999999999999999,0,0.0,0.0,3000
0.1,0.3,3.0,A_baseline,10,0,false,1319,810,0,0,0.0,0.9999999999999999,0,0.0,0.0,3000
0.1,0.3,3.0,A_baseline,11,0,false,793,793,0,0,0.0,0.9999999999999999,0,0.0,0.0,3000
0.1,0.3,3.0,A_baseline,12,0,false,510,508,0,0,1.0,0.9999999999770465,0,0.0,0.0,3000
0.1,0.3,3.0,A_baseline,13,0,false,375,383,0,0,0.0,0.9999999999999999,0,0.0,0.0,3000
0.1,0.3,3.0,A_baseline,14,0,false,385,385,0,0,0.0,0.9999999999999999,0,0.0,0.0,3000
0.1,0.3,3.0,A_baseline,15,0,false,373,587,0,0,1.0,0.9999999999999999,0,0.0,0.0,3000
0.1,0.3,3.0,A_baseline,16,0,false,563,565,0,0,0.0,0.9999999999999999,0,0.0,0.0,3000
0.1,0.3,3.0,A_baseline,17,0,false,186,615,0,0,0.0,0.9999999999999999,0,0.0,0.0,3000
0.1,0.3,3.0,A_baseline,18,0,false,0,0,0,0,0.6,0.3525895529848933,0,0.0,0.0,3000
0.1,0.3,3.0,A_baseline,19,0,false,819,819,0,0,0.0,0.9999999999999999,0,0.0,0.0,3000
0.1,0.3,3.0,A_baseline,20,0,false,656,654,0,0,0.0,0.9999999999999999,0,0.0,0.0,3000
0.1,0.3,3.0,A_baseline,21,0,false,192,190,0,0,0.0,0.9999999999999999,0,0.0,0.0,3000
0.1,0.3,3.0,A_baseline,22,0,false,1380,1338,0,0,1.0,0.9999999999999999,0,0.0,0.0,3000
0.1,0.3,3.0,A_baseline,23,0,false,217,247,0,0,1.0,0.9999999999999999,0,0.0,0.0,3000
0.1,0.3,3.0,A_baseline,24,0,false,504,503,0,0,1.0,0.9999999999999999,0,0.0,0.0,3000
0.1,0.3,3.0,A_baseline,25,0,false,722,722,0,0,1.0,0.9999999999999999,0,0.0,0.0,3000
0.1,0.3,3.0,A_baseline,26,0,false,1563,1570,0,0,1.0,0.9999999999999999,0,0.0,0.0,3000
0.1,0.3,3.0,A_baseline,27,0,false,347,368,0,0,0.0,0.9999999999999999,0,0.0,0.0,3000
0.1,0.3,3.0,A_baseline,28,0,false,1498,1497,0,0,1.0,0.9999999999999999,0,0.0,0.0,3000
0.1,0.3,3.0,A_baseline,29,0,false,440,469,0,0,0.0,0.9999999999999999,0,0.0,0.0,3000
0.1,0.3,3.0,A_baseline,30,0,false,682,683,0,0,1.0,0.9999999999999999,0,0.0,0.0,3000
0.1,0.3,3.0,B_lockin_only,1,0,false,35,35,0,0,1.0,0.9999999999999999,0,0.0,0.0,3000
0.1,0.3,3.0,B_lockin_only,2,0,false,78,73,0,0,1.0,0.9999999999999999,0,0.0,0.0,3000
0.1,0.3,3.0,B_lockin_only,3,0,false,46,52,0,0,1.0,0.9999999999999999,0,0.0,0.0,3000
0.1,0.3,3.0,B_lockin_only,4,0,false,134,134,0,0,0.0,0.9999999999999999,0,0.0,0.0,3000
0.1,0.3,3.0,B_lockin_only,5,0,false,80,80,0,0,1.0,0.9999999999999999,0,0.0,0.0,3000
0.1,0.3,3.0,B_lockin_only,6,0,false,153,145,0,0,0.0,0.9999999999999999,0,0.0,0.0,3000
0.1,0.3,3.0,B_lockin_only,7,0,false,126,126,0,0,0.0,0.9999999999999999,0,0.0,0.0,3000
0.1,0.3,3.0,B_lockin_only,8,0,false,172,170,0,0,1.0,0.9999999999999999,0,0.0,0.0,3000
0.1,0.3,3.0,B_lockin_only,9,0,false,57,57,0,0,1.0,0.9999999999999999,0,0.0,0.0,3000
0.1,0.3,3.0,B_lockin_only,10,0,false,96,96,0,0,0.0,0.9999999999999999,0,0.0,0.0,3000
0.1,0.3,3.0,B_lockin_only,11,0,false,78,78,0,0,1.0,0.9999999999999999,0,0.0,0.0,3000
0.1,0.3,3.0,B_lockin_only,12,0,false,89,90,0,0,1.0,0.9999999999999999,0,0.0,0.0,3000
0.1,0.3,3.0,B_lockin_only,13,0,false,139,139,0,0,0.0,0.9999999999999999,0,0.0,0.0,3000
0.1,0.3,3.0,B_lockin_only,14,0,false,137,137,0,0,1.0,0.9999999999999999,0,0.0,0.0,3000
0.1,0.3,3.0,B_lockin_only,15,0,false,55,55,0,0,0.0,0.9999999999999999,0,0.0,0.0,3000
0.1,0.3,3.0,B_lockin_only,16,0,false,82,87,0,0,0.0,0.9999999999999999,0,0.0,0.0,3000
0.1,0.3,3.0,B_lockin_only,17,0,false,61,74,0,0,1.0,0.9999999999999999,0,0.0,0.0,3000
0.1,0.3,3.0,B_lockin_only,18,0,false,77,61,0,0,1.0,0.9999999999999999,0,0.0,0.0,3000
0.1,0.3,3.0,B_lockin_only,19,0,false,59,60,0,0,0.0,0.9999999999999999,0,0.0,0.0,3000
0.1,0.3,3.0,B_lockin_only,20,0,false,99,99,0,0,0.0,0.9999999999999999,0,0.0,0.0,3000
0.1,0.3,3.0,B_lockin_only,21,0,false,119,119,0,0,1.0,0.9999999999999999,0,0.0,0.0,3000
0.1,0.3,3.0,B_lockin_only,22,0,false,156,156,0,0,1.0,0.9999999999999999,0,0.0,0.0,3000
0.1,0.3,3.0,B_lockin_only,23,0,false,73,73,0,0,1.0,0.9999999999999999,0,0.0,0.0,3000
0.1,0.3,3.0,B_lockin_only,24,0,false,105,105,0,0,0.0,0.9999999999999999,0,0.0,0.0,3000
0.1,0.3,3.0,B_lockin_only,25,0,false,72,72,0,0,0.0,0.9999999999999999,0,0.0,0.0,3000
0.1,0.3,3.0,B_lockin_only,26,0,false,109,108,0,0,1.0,0.9999999999999999,0,0.0,0.0,3000
0.1,0.3,3.0,B_lockin_only,27,0,false,80,85,0,0,0.0,0.9999999999999999,0,0.0,0.0,3000
0.1,0.3,3.0,B_lockin_only,28,0,false,84,93,0,0,1.0,0.9999999999999999,0,0.0,0.0,3000
0.1,0.3,3.0,B_lockin_only,29,0,false,102,102,0,0,0.0,0.9999999999999999,0,0.0,0.0,3000
0.1,0.3,3.0,B_lockin_only,30,0,false,52,57,0,0,0.0,0.9999999999999999,0,0.0,0.0,3000
0.1,0.3,3.0,C_normative_only,1,76,true,27,27,27,27,1.0,0.9975484333154065,98,0.8494191024563124,0.98,76
0.1,0.3,3.0,C_normative_only,2,108,true,45,45,59,59,1.0,0.999462263995854,98,0.8007184693470486,0.98,108
0.1,0.3,3.0,C_normative_only,3,110,true,61,61,60,61,0.0,0.9972036773331946,100,0.717383435596984,1.0,110
0.1,0.3,3.0,C_normative_only,4,101,true,41,41,52,52,1.0,0.999206686058116,98,0.8300390365825128,0.98,101
0.1,0.3,3.0,C_normative_only,5,83,true,32,33,34,34,1.0,0.9977782924416296,100,0.8455532189168882,1.0,83
0.1,0.3,3.0,C_normative_only,6,101,true,36,37,52,52,1.0,0.9992665740986922,99,0.8146933777612324,0.99,101
0.1,0.3,3.0,C_normative_only,7,103,true,36,36,54,54,1.0,0.9995373020665882,97,0.8545799257911504,0.97,103
0.1,0.3,3.0,C_normative_only,8,78,true,27,28,29,29,0.0,0.9976231327334802,99,0.849887228476217,0.99,78
0.1,0.3,3.0,C_normative_only,9,99,true,36,36,50,50,1.0,0.9992662083363668,98,0.842667163877803,0.98,99
0.1,0.3,3.0,C_normative_only,10,76,true,27,27,22,27,1.0,0.9977029710067999,98,0.8507815440615847,0.98,76
0.1,0.3,3.0,C_normative_only,11,79,true,27,29,30,30,1.0,0.9974396114734602,98,0.8499530401989911,0.98,79
0.1,0.3,3.0,C_normative_only,12,83,true,33,33,34,34,1.0,0.9972074293839824,97,0.8406779113155981,0.97,83
0.1,0.3,3.0,C_normative_only,13,77,true,27,28,27,28,1.0,0.9968416106415086,98,0.8489644084676736,0.98,77
0.1,0.3,3.0,C_normative_only,14,105,true,44,44,56,56,1.0,0.9966578229262681,99,0.7626638411342495,0.99,105
0.1,0.3,3.0,C_normative_only,15,80,true,29,29,31,31,0.0,0.9978275466282865,98,0.849965024511147,0.98,80
0.1,0.3,3.0,C_normative_only,16,109,true,54,54,60,60,1.0,0.9987139151804585,99,0.7674745615007436,0.99,109
0.1,0.3,3.0,C_normative_only,17,100,true,37,37,51,51,0.0,0.99934299991009,98,0.8397867341100764,0.98,100
0.1,0.3,3.0,C_normative_only,18,83,true,31,31,31,31,1.0,0.9981269624388593,99,0.8476475193426621,0.99,83
0.1,0.3,3.0,C_normative_only,19,75,true,22,24,24,26,0.0,0.9975514474172796,99,0.8491876462312252,0.99,75
0.1,0.3,3.0,C_normative_only,20,99,true,35,35,50,50,1.0,0.999444883729345,95,0.8530275677764458,0.95,99
0.1,0.3,3.0,C_normative_only,21,102,true,33,34,53,53,0.0,0.9996135457196645,98,0.8536268323345875,0.98,102
0.1,0.3,3.0,C_normative_only,22,118,true,63,63,69,69,0.0,0.9985382422601652,100,0.7510342794115601,1.0,118
0.1,0.3,3.0,C_normative_only,23,75,true,26,26,25,26,0.0,0.9970693262057806,99,0.8480327813792986,0.99,75
0.1,0.3,3.0,C_normative_only,24,97,true,33,36,48,48,0.0,0.99918258034965,98,0.8452645416427393,0.98,97
0.1,0.3,3.0,C_normative_only,25,127,true,76,78,78,78,1.0,0.9974292916279062,99,0.7615644578352023,0.99,127
0.1,0.3,3.0,C_normative_only,26,84,true,34,34,35,35,0.0,0.9977120699724381,96,0.8513246057826219,0.96,84
0.1,0.3,3.0,C_normative_only,27,78,true,26,29,25,29,1.0,0.9971476454201524,98,0.8501720932030205,0.98,78
0.1,0.3,3.0,C_normative_only,28,117,true,63,65,65,65,1.0,0.9963990330375697,100,0.7308988510266815,1.0,117
0.1,0.3,3.0,C_normative_only,29,97,true,34,34,48,48,1.0,0.9992018678105048,98,0.854452383307642,0.98,97
0.1,0.3,3.0,C_normative_only,30,73,true,23,24,21,24,0.0,0.9975945322675647,100,0.8494715514352315,1.0,73
0.1,0.3,3.0,D_full_model,1,74,true,22,23,25,25,1.0,0.9972634613360901,98,0.8477840066971769,0.98,74
0.1,0.3,3.0,D_full_model,2,80,true,29,29,31,31,1.0,0.997630779747525,99,0.8484560629101049,0.99,80
0.1,0.3,3.0,D_full_model,3,79,true,27,28,30,30,1.0,0.9977153367924606,98,0.8488463091348049,0.98,79
0.1,0.3,3.0,D_full_model,4,79,true,27,27,30,30,1.0,0.9977584999947416,98,0.8445751675106795,0.98,79
0.1,0.3,3.0,D_full_model,5,99,true,29,29,50,50,1.0,0.9996681471146767,98,0.8616808373834579,0.98,99
0.1,0.3,3.0,D_full_model,6,74,true,25,25,24,25,1.0,0.9978341748568436,99,0.8498993447837065,0.99,74
0.1,0.3,3.0,D_full_model,7,114,true,61,61,65,65,1.0,0.9983809426181586,100,0.7508574515162987,1.0,114
0.1,0.3,3.0,D_full_model,8,75,true,24,24,26,26,0.0,0.9976549120754475,96,0.8490415208748012,0.96,75
0.1,0.3,3.0,D_full_model,9,106,true,43,42,57,57,0.0,0.999446628658715,97,0.815160758590276,0.97,106
0.1,0.3,3.0,D_full_model,10,118,true,66,66,69,69,0.0,0.9981642261592811,100,0.7417887398076425,1.0,118
0.1,0.3,3.0,D_full_model,11,93,true,31,31,44,44,0.0,0.999321179962068,98,0.853437016249992,0.98,93
0.1,0.3,3.0,D_full_model,12,74,true,23,24,25,25,0.0,0.9972432380028523,98,0.8432435178560267,0.98,74
0.1,0.3,3.0,D_full_model,13,101,true,36,36,52,52,0.0,0.9993895002248501,100,0.8099366757162249,1.0,101
0.1,0.3,3.0,D_full_model,14,75,true,23,23,24,26,1.0,0.9977063461805096,100,0.8485359232825741,1.0,75
0.1,0.3,3.0,D_full_model,15,93,true,29,30,44,44,1.0,0.9990877415989009,100,0.8564839585200902,1.0,93
0.1,0.3,3.0,D_full_model,16,94,true,31,31,45,45,1.0,0.9993532901718575,97,0.8533070620585879,0.97,94
0.1,0.3,3.0,D_full_model,17,95,true,33,33,46,46,1.0,0.9993227762267601,96,0.8576172520965955,0.96,95
0.1,0.3,3.0,D_full_model,18,108,true,41,41,59,59,0.0,0.9994107188951139,96,0.8035588641639255,0.96,108
0.1,0.3,3.0,D_full_model,19,106,true,40,42,57,57,0.0,0.9992681666637907,96,0.7753378713478155,0.96,106
0.1,0.3,3.0,D_full_model,20,74,true,25,25,24,25,1.0,0.9975255146372787,100,0.8476617548713995,1.0,74
0.1,0.3,3.0,D_full_model,21,80,true,29,30,31,31,1.0,0.9979241380636285,98,0.8503367989756905,0.98,80
0.1,0.3,3.0,D_full_model,22,102,true,31,32,53,53,1.0,0.9996999164156865,96,0.8585088244528024,0.96,102
0.1,0.3,3.0,D_full_model,23,102,true,32,32,53,53,0.0,0.9996666639219892,96,0.8586081027944944,0.96,102
0.1,0.3,3.0,D_full_model,24,70,true,20,20,21,21,0.0,0.9969263317585454,100,0.847496573940872,1.0,70
0.1,0.3,3.0,D_full_model,25,79,true,28,28,30,30,0.0,0.9977484774035549,98,0.8493329307078046,0.98,79
0.1,0.3,3.0,D_full_model,26,111,true,57,57,62,62,0.0,0.9983386104804092,100,0.7243545992032075,1.0,111
0.1,0.3,3.0,D_full_model,27,104,true,39,39,55,55,1.0,0.9995455175202601,100,0.8446705912674107,1.0,104
0.1,0.3,3.0,D_full_model,28,107,true,46,48,58,58,0.0,0.998961379040395,98,0.7675300774962384,0.98,107
0.1,0.3,3.0,D_full_model,29,97,true,32,32,48,48,0.0,0.9995321149495555,99,0.8545994246184916,0.99,97
0.1,0.3,3.0,D_full_model,30,99,true,37,37,50,50,0.0,0.9992249240039025,96,0.8067242167236007,0.96,99
0.1,0.5,5.0,A_baseline,1,0,false,920,932,0,0,0.0,0.9999999999999999,0,0.0,0.0,3000
0.1,0.5,5.0,A_baseline,2,0,false,197,197,0,0,1.0,0.9999999999999999,0,0.0,0.0,3000
0.1,0.5,5.0,A_baseline,3,0,false,412,414,0,0,0.0,0.9999999999999999,0,0.0,0.0,3000
0.1,0.5,5.0,A_baseline,4,0,false,289,307,0,0,0.0,0.9999999999999999,0,0.0,0.0,3000
0.1,0.5,5.0,A_baseline,5,0,false,1606,2037,0,0,0.0,0.9999999999999999,0,0.0,0.0,3000
0.1,0.5,5.0,A_baseline,6,0,false,409,409,0,0,0.0,0.9999999999999999,0,0.0,0.0,3000
0.1,0.5,5.0,A_baseline,7,0,false,1378,1218,0,0,1.0,0.9999999999999999,0,0.0,0.0,3000
0.1,0.5,5.0,A_baseline,8,0,false,316,313,0,0,0.0,0.9999999999999999,0,0.0,0.0,3000
0.1,0.5,5.0,A_baseline,9,0,false,701,705,0,0,1.0,0.9999999999999999,0,0.0,0.0,3000
0.1,0.5,5.0,A_baseline,10,0,false,573,573,0,0,0.0,0.9999999999999999,0,0.0,0.0,3000
0.1,0.5,5.0,A_baseline,11,0,false,344,344,0,0,1.0,0.9999999999999999,0,0.0,0.0,3000
0.1,0.5,5.0,A_baseline,12,0,false,894,463,0,0,0.0,0.9999999999999999,0,0.0,0.0,3000
0.1,0.5,5.0,A_baseline,13,0,false,951,951,0,0,0.0,0.9999999999999999,0,0.0,0.0,3000
0.1,0.5,5.0,A_baseline,14,0,false,420,274,0,0,1.0,0.9999999999999999,0,0.0,0.0,3000
0.1,0.5,5.0,A_baseline,15,0,false,1983,1983,0,0,0.0,0.9999999999999999,0,0.0,0.0,3000
0.1,0.5,5.0,A_baseline,16,0,false,480,429,0,0,0.0,0.9999999999999999,0,0.0,0.0,3000
0.1,0.5,5.0,A_baseline,17,0,false,231,235,0,0,0.0,0.9999999999999999,0,0.0,0.0,3000
0.1,0.5,5.0,A_baseline,18,0,false,326,341,0,0,1.0,0.9999999999999999,0,0.0,0.0,3000
0.1,0.5,5.0,A_baseline,19,0,false,891,881,0,0,0.0,0.9999999999999999,0,0.0,0.0,3000
0.1,0.5,5.0,A_baseline,20,0,false,1862,1892,0,0,0.0,0.9999999999999999,0,0.0,0.0,3000
0.1,0.5,5.0,A_baseline,21,0,false,163,167,0,0,1.0,0.9999999999999999,0,0.0,0.0,3000
0.1,0.5,5.0,A_baseline,22,0,false,226,226,0,0,0.0,0.9999999999999999,0,0.0,0.0,3000
0.1,0.5,5.0,A_baseline,23,0,false,224,226,0,0,0.0,0.9999999999999999,0,0.0,0.0,3000
0.1,0.5,5.0,A_baseline,24,0,false,2955,2959,0,0,0.08,0.6990896049892099,0,0.0,0.0,3000
0.1,0.5,5.0,A_baseline,25,0,false,458,458,0,0,1.0,0.9999999999999999,0,0.0,0.0,3000
0.1,0.5,5.0,A_baseline,26,0,false,1269,1276,0,0,0.48,0.1911672715444735,0,0.0,0.0,3000
0.1,0.5,5.0,A_baseline,27,0,false,2546,2325,0,0,1.0,0.9999996847438699,0,0.0,0.0,3000
0.1,0.5,5.0,A_baseline,28,0,false,989,988,0,0,0.0,0.9999999999999999,0,0.0,0.0,3000
0.1,0.5,5.0,A_baseline,29,0,false,339,342,0,0,0.0,0.9999999999999999,0,0.0,0.0,3000
0.1,0.5,5.0,A_baseline,30,0,false,1235,1235,0,0,1.0,0.9999999999999999,0,0.0,0.0,3000
0.1,0.5,5.0,B_lockin_only,1,0,false,84,84,0,0,1.0,0.9999999999999999,0,0.0,0.0,3000
0.1,0.5,5.0,B_lockin_only,2,0,false,42,42,0,0,1.0,0.9999999999999999,0,0.0,0.0,3000
0.1,0.5,5.0,B_lockin_only,3,0,false,88,88,0,0,1.0,0.9999999999999999,0,0.0,0.0,3000
0.1,0.5,5.0,B_lockin_only,4,0,false,109,109,0,0,0.0,0.9999999999999999,0,0.0,0.0,3000
0.1,0.5,5.0,B_lockin_only,5,0,false,118,118,0,0,0.0,0.9999999999999999,0,0.0,0.0,3000
0.1,0.5,5.0,B_lockin_only,6,0,false,188,188,0,0,1.0,0.9999999999999999,0,0.0,0.0,3000
0.1,0.5,5.0,B_lockin_only,7,0,false,150,150,0,0,0.0,0.9999999999999999,0,0.0,0.0,3000
0.1,0.5,5.0,B_lockin_only,8,0,false,110,110,0,0,0.0,0.9999999999999999,0,0.0,0.0,3000
0.1,0.5,5.0,B_lockin_only,9,0,false,109,114,0,0,0.0,0.9999999999999999,0,0.0,0.0,3000
0.1,0.5,5.0,B_lockin_only,10,0,false,73,73,0,0,0.0,0.9999999999999999,0,0.0,0.0,3000
0.1,0.5,5.0,B_lockin_only,11,0,false,65,71,0,0,1.0,0.9999999999999999,0,0.0,0.0,3000
0.1,0.5,5.0,B_lockin_only,12,0,false,99,104,0,0,0.0,0.9999999999999999,0,0.0,0.0,3000
0.1,0.5,5.0,B_lockin_only,13,0,false,140,137,0,0,0.0,0.9999999999999999,0,0.0,0.0,3000
0.1,0.5,5.0,B_lockin_only,14,0,false,63,65,0,0,1.0,0.9999999999999999,0,0.0,0.0,3000
0.1,0.5,5.0,B_lockin_only,15,0,false,102,102,0,0,1.0,0.9999999999999999,0,0.0,0.0,3000
0.1,0.5,5.0,B_lockin_only,16,0,false,55,55,0,0,0.0,0.9999999999999999,0,0.0,0.0,3000
0.1,0.5,5.0,B_lockin_only,17,0,false,58,58,0,0,1.0,0.9999999999999999,0,0.0,0.0,3000
0.1,0.5,5.0,B_lockin_only,18,0,false,73,73,0,0,1.0,0.9999999999999999,0,0.0,0.0,3000
0.1,0.5,5.0,B_lockin_only,19,0,false,129,131,0,0,0.0,0.9999999999999999,0,0.0,0.0,3000
0.1,0.5,5.0,B_lockin_only,20,0,false,93,96,0,0,0.0,0.9999999999999999,0,0.0,0.0,3000
0.1,0.5,5.0,B_lockin_only,21,0,false,58,60,0,0,1.0,0.9999999999999999,0,0.0,0.0,3000
0.1,0.5,5.0,B_lockin_only,22,0,false,104,105,0,0,1.0,0.9999999999999999,0,0.0,0.0,3000
0.1,0.5,5.0,B_lockin_only,23,0,false,184,184,0,0,1.0,0.9999999999999999,0,0.0,0.0,3000
0.1,0.5,5.0,B_lockin_only,24,0,false,152,151,0,0,1.0,0.9999999999999999,0,0.0,0.0,3000
0.1,0.5,5.0,B_lockin_only,25,0,false,101,100,0,0,0.0,0.9999999999999999,0,0.0,0.0,3000
0.1,0.5,5.0,B_lockin_only,26,0,false,68,68,0,0,0.0,0.9999999999999999,0,0.0,0.0,3000
0.1,0.5,5.0,B_lockin_only,27,0,false,91,91,0,0,1.0,0.9999999999999999,0,0.0,0.0,3000
0.1,0.5,5.0,B_lockin_only,28,0,false,166,166,0,0,1.0,0.9999999999999999,0,0.0,0.0,3000
0.1,0.5,5.0,B_lockin_only,29,0,false,70,70,0,0,1.0,0.9999999999999999,0,0.0,0.0,3000
0.1,0.5,5.0,B_lockin_only,30,0,false,116,116,0,0,1.0,0.9999999999999999,0,0.0,0.0,3000
0.1,0.5,5.0,C_normative_only,1,109,true,59,59,60,60,1.0,0.9968677855086239,100,0.7406407709808437,1.0,109
0.1,0.5,5.0,C_normative_only,2,102,true,42,46,53,53,0.0,0.9986752287931612,98,0.7934264690607804,0.98,102
0.1,0.5,5.0,C_normative_only,3,89,true,28,29,40,40,1.0,0.9985284760283138,99,0.8521857451596789,0.99,89
0.1,0.5,5.0,C_normative_only,4,151,true,91,94,102,102,1.0,0.9986314700412177,98,0.7818171842065603,0.98,151
0.1,0.5,5.0,C_normative_only,5,104,true,43,47,55,55,0.0,0.9984078592439488,100,0.7666700578484984,1.0,104
0.1,0.5,5.0,C_normative_only,6,77,true,28,27,26,28,1.0,0.996885251395814,98,0.8496330998588979,0.98,77
0.1,0.5,5.0,C_normative_only,7,82,true,27,29,30,30,1.0,0.9937107455726744,99,0.8482351752040879,0.99,82
0.1,0.5,5.0,C_normative_only,8,72,true,23,23,20,23,0.0,0.9970361570815967,99,0.8491494961738884,0.99,72
0.1,0.5,5.0,C_normative_only,9,78,true,29,29,26,29,0.0,0.9964875653584241,100,0.8492974620571142,1.0,78
0.1,0.5,5.0,C_normative_only,10,93,true,32,33,44,44,0.0,0.9990354140443288,99,0.8536544375795926,0.99,93
0.1,0.5,5.0,C_normative_only,11,100,true,39,39,51,51,1.0,0.9987615591943536,97,0.808121944521034,0.97,100
0.1,0.5,5.0,C_normative_only,12,107,true,49,49,58,58,0.0,0.9985427254920914,100,0.7877557722577383,1.0,107
0.1,0.5,5.0,C_normative_only,13,98,true,29,31,49,49,1.0,0.9994093473398373,97,0.8583486725163121,0.97,98
0.1,0.5,5.0,C_normative_only,14,99,true,32,35,50,50,1.0,0.9993774078460964,98,0.8527299337290515,0.98,99
0.1,0.5,5.0,C_normative_only,15,75,true,26,26,24,26,1.0,0.9970692396189215,98,0.8490902831748746,0.98,75
0.1,0.5,5.0,C_normative_only,16,97,true,37,37,48,48,0.0,0.9988850328112333,100,0.8301587489069167,1.0,97
0.1,0.5,5.0,C_normative_only,17,115,true,66,66,61,66,0.0,0.996457760698373,100,0.7050983808746903,1.0,115
0.1,0.5,5.0,C_normative_only,18,103,true,46,43,54,54,1.0,0.9985745678822516,99,0.7919169292230561,0.99,103
0.1,0.5,5.0,C_normative_only,19,99,true,33,33,50,50,0.0,0.9994918983850494,99,0.8488119172675868,0.99,99
0.1,0.5,5.0,C_normative_only,20,89,true,30,30,40,40,0.0,0.9988362809540905,97,0.8509262378414714,0.97,89
0.1,0.5,5.0,C_normative_only,21,100,true,34,35,51,51,1.0,0.9994278064463107,97,0.8407009944756294,0.97,100
0.1,0.5,5.0,C_normative_only,22,98,true,41,41,49,49,0.0,0.9986432134868783,99,0.799935448624136,0.99,98
0.1,0.5,5.0,C_normative_only,23,131,true,74,74,74,74,0.0,0.9979302876660655,99,0.7612631781876258,0.99,131
0.1,0.5,5.0,C_normative_only,24,71,true,22,22,19,22,0.0,0.9970531478492171,100,0.849225868305142,1.0,71
0.1,0.5,5.0,C_normative_only,25,101,true,37,37,52,52,1.0,0.9989278260743026,99,0.817940866470658,0.99,101
0.1,0.5,5.0,C_normative_only,26,108,true,53,55,58,59,0.0,0.9974953318388633,100,0.7318049822772023,1.0,108
0.1,0.5,5.0,C_normative_only,27,72,true,23,23,21,23,1.0,0.9970885617365522,99,0.8489306000882244,0.99,72
0.1,0.5,5.0,C_normative_only,28,97,true,32,32,48,48,1.0,0.9993621750573831,97,0.8521653777476786,0.97,97
0.1,0.5,5.0,C_normative_only,29,112,true,59,59,58,59,0.0,0.9931334981825504,100,0.7022517884206824,1.0,112
0.1,0.5,5.0,C_normative_only,30,94,true,38,38,45,45,0.0,0.997925004522412,99,0.8101070309882994,0.99,94
0.1,0.5,5.0,D_full_model,1,116,true,64,64,67,67,1.0,0.9976338171809122,100,0.7602113717544539,1.0,116
0.1,0.5,5.0,D_full_model,2,98,true,36,36,49,49,1.0,0.9992149477116556,99,0.8547098256577156,0.99,98
0.1,0.5,5.0,D_full_model,3,72,true,21,23,20,23,0.0,0.9974163152422326,98,0.8492587238557108,0.98,72
0.1,0.5,5.0,D_full_model,4,101,true,42,42,52,52,1.0,0.998676224393553,99,0.7831461680553532,0.99,101
0.1,0.5,5.0,D_full_model,5,101,true,41,41,52,52,1.0,0.9985735466314644,100,0.7844644297487297,1.0,101
0.1,0.5,5.0,D_full_model,6,73,true,22,24,23,24,0.0,0.9966072038897817,96,0.8487272433292724,0.96,73
0.1,0.5,5.0,D_full_model,7,99,true,35,37,50,50,1.0,0.998535898328192,98,0.8242613304855045,0.98,99
0.1,0.5,5.0,D_full_model,8,127,true,74,74,78,78,1.0,0.997978528213087,98,0.7875945426182388,0.98,127
0.1,0.5,5.0,D_full_model,9,107,true,53,54,58,58,0.0,0.9976966247218452,99,0.7167747005763024,0.99,107
0.1,0.5,5.0,D_full_model,10,72,true,20,20,23,23,1.0,0.997272739476131,100,0.8478132894746211,1.0,72
0.1,0.5,5.0,D_full_model,11,98,true,35,36,49,49,0.0,0.9991796472074971,99,0.8459220363721864,0.99,98
0.1,0.5,5.0,D_full_model,12,113,true,61,62,64,64,0.0,0.9975724739047591,100,0.7263768120079055,1.0,113
0.1,0.5,5.0,D_full_model,13,101,true,42,42,52,52,0.0,0.9987474031498383,99,0.7997290757230292,0.99,101
0.1,0.5,5.0,D_full_model,14,114,true,63,63,65,65,0.0,0.9974971717948776,100,0.7306353037463788,1.0,114
0.1,0.5,5.0,D_full_model,15,103,true,46,46,54,54,0.0,0.9984822603887008,99,0.7581791728903932,0.99,103
0.1,0.5,5.0,D_full_model,16,102,true,38,38,53,53,1.0,0.9992140384977846,99,0.8266092701460289,0.99,102
0.1,0.5,5.0,D_full_model,17,105,true,56,56,55,56,0.0,0.9971766395234409,100,0.7287180543453537,1.0,105
0.1,0.5,5.0,D_full_model,18,99,true,38,39,50,50,0.0,0.9989549580857202,99,0.808486452848373,0.99,99
0.1,0.5,5.0,D_full_model,19,104,true,38,39,55,55,0.0,0.9993350181166085,98,0.798526698971915,0.98,104
0.1,0.5,5.0,D_full_model,20,100,true,39,39,51,51,0.0,0.9990973854837872,99,0.8309113991089562,0.99,100
0.1,0.5,5.0,D_full_model,21,104,true,46,47,55,55,0.0,0.9985211375833914,99,0.7512362717432458,0.99,104
0.1,0.5,5.0,D_full_model,22,71,true,22,22,21,22,0.0,0.9967772872166667,97,0.8481195480104174,0.97,71
0.1,0.5,5.0,D_full_model,23,75,true,25,26,25,26,1.0,0.9967223826141788,99,0.8474473692001921,0.99,75
0.1,0.5,5.0,D_full_model,24,97,true,31,31,48,48,0.0,0.9994043045392401,100,0.8526254529831984,1.0,97
0.1,0.5,5.0,D_full_model,25,88,true,31,31,39,39,1.0,0.9986652153112403,100,0.855371129550663,1.0,88
0.1,0.5,5.0,D_full_model,26,75,true,24,24,26,26,1.0,0.9973412934773737,98,0.8493068211383356,0.98,75
0.1,0.5,5.0,D_full_model,27,75,true,24,24,26,26,1.0,0.9969215363022396,96,0.8497595447824892,0.96,75
0.1,0.5,5.0,D_full_model,28,142,true,86,86,93,93,1.0,0.9982813699697547,98,0.7843975900662006,0.98,142
0.1,0.5,5.0,D_full_model,29,71,true,21,21,22,22,0.0,0.9961923457878661,100,0.847500084740083,1.0,71
0.1,0.5,5.0,D_full_model,30,98,true,32,32,49,49,1.0,0.9995480875694964,99,0.8601865912045948,0.99,98
0.1,0.7,7.0,A_baseline,1,0,false,402,413,0,0,1.0,0.9999999999999999,0,0.0,0.0,3000
0.1,0.7,7.0,A_baseline,2,0,false,535,342,0,0,1.0,0.9999999999999999,0,0.0,0.0,3000
0.1,0.7,7.0,A_baseline,3,0,false,643,478,0,0,1.0,0.9999999999999999,0,0.0,0.0,3000
0.1,0.7,7.0,A_baseline,4,0,false,580,594,0,0,1.0,0.9999999999999999,0,0.0,0.0,3000
0.1,0.7,7.0,A_baseline,5,0,false,1552,1415,0,0,0.0,0.9999999999999999,0,0.0,0.0,3000
0.1,0.7,7.0,A_baseline,6,0,false,1340,1001,0,0,0.0,0.9999999999999999,0,0.0,0.0,3000
0.1,0.7,7.0,A_baseline,7,0,false,1377,394,0,0,0.92,0.5641164863701431,0,0.0,0.0,3000
0.1,0.7,7.0,A_baseline,8,0,false,278,278,0,0,0.0,0.9999999999999999,0,0.0,0.0,3000
0.1,0.7,7.0,A_baseline,9,0,false,369,369,0,0,0.0,0.9999999999999999,0,0.0,0.0,3000
0.1,0.7,7.0,A_baseline,10,0,false,302,302,0,0,0.0,0.9999999999999999,0,0.0,0.0,3000
0.1,0.7,7.0,A_baseline,11,0,false,0,2333,0,0,0.56,0.1401702974126292,0,0.0,0.0,3000
0.1,0.7,7.0,A_baseline,12,0,false,366,366,0,0,1.0,0.9999999999999999,0,0.0,0.0,3000
0.1,0.7,7.0,A_baseline,13,0,false,1873,1873,0,0,1.0,0.9999999999999999,0,0.0,0.0,3000
0.1,0.7,7.0,A_baseline,14,0,false,0,0,0,0,0.88,0.49189155438542903,0,0.0,0.0,3000
0.1,0.7,7.0,A_baseline,15,0,false,566,566,0,0,1.0,0.9999999999999999,0,0.0,0.0,3000
0.1,0.7,7.0,A_baseline,16,0,false,955,965,0,0,1.0,0.9999999999999999,0,0.0,0.0,3000
0.1,0.7,7.0,A_baseline,17,0,false,530,530,0,0,1.0,0.9999999999999999,0,0.0,0.0,3000
0.1,0.7,7.0,A_baseline,18,0,false,435,434,0,0,1.0,0.9999999999999999,0,0.0,0.0,3000
0.1,0.7,7.0,A_baseline,19,0,false,2106,1120,0,0,1.0,0.9999999999999999,0,0.0,0.0,3000
0.1,0.7,7.0,A_baseline,20,0,false,1065,1066,0,0,1.0,0.9999999999999999,0,0.0,0.0,3000
0.1,0.7,7.0,A_baseline,21,0,false,451,463,0,0,1.0,0.9999999999999999,0,0.0,0.0,3000
0.1,0.7,7.0,A_baseline,22,0,false,162,164,0,0,1.0,0.9999999999999999,0,0.0,0.0,3000
0.1,0.7,7.0,A_baseline,23,0,false,238,239,0,0,1.0,0.9999999999999999,0,0.0,0.0,3000
0.1,0.7,7.0,A_baseline,24,0,false,850,850,0,0,1.0,0.9999999999999999,0,0.0,0.0,3000
0.1,0.7,7.0,A_baseline,25,0,false,941,941,0,0,1.0,0.9999999999999999,0,0.0,0.0,3000
0.1,0.7,7.0,A_baseline,26,0,false,1525,1524,0,0,1.0,0.9999999999999999,0,0.0,0.0,3000
0.1,0.7,7.0,A_baseline,27,0,false,1129,1146,0,0,0.0,0.9999999999999999,0,0.0,0.0,3000
0.1,0.7,7.0,A_baseline,28,0,false,2908,2912,0,0,0.95,0.6609569107860317,0,0.0,0.0,3000
0.1,0.7,7.0,A_baseline,29,0,false,399,391,0,0,1.0,0.9999999999999999,0,0.0,0.0,3000
0.1,0.7,7.0,A_baseline,30,0,false,2513,2508,0,0,1.0,0.9999999999999999,0,0.0,0.0,3000
0.1,0.7,7.0,B_lockin_only,1,0,false,47,63,0,0,0.0,0.9999999999999999,0,0.0,0.0,3000
0.1,0.7,7.0,B_lockin_only,2,0,false,87,87,0,0,0.0,0.9999999999999999,0,0.0,0.0,3000
0.1,0.7,7.0,B_lockin_only,3,0,false,86,86,0,0,1.0,0.9999999999999999,0,0.0,0.0,3000
0.1,0.7,7.0,B_lockin_only,4,0,false,81,81,0,0,0.0,0.9999999999999999,0,0.0,0.0,3000
0.1,0.7,7.0,B_lockin_only,5,0,false,49,58,0,0,1.0,0.9999999999999999,0,0.0,0.0,3000
0.1,0.7,7.0,B_lockin_only,6,0,false,54,54,0,0,0.0,0.9999999999999999,0,0.0,0.0,3000
0.1,0.7,7.0,B_lockin_only,7,0,false,71,71,0,0,1.0,0.9999999999999999,0,0.0,0.0,3000
0.1,0.7,7.0,B_lockin_only,8,0,false,91,90,0,0,0.0,0.9999999999999999,0,0.0,0.0,3000
0.1,0.7,7.0,B_lockin_only,9,0,false,88,96,0,0,0.0,0.9999999999999999,0,0.0,0.0,3000
0.1,0.7,7.0,B_lockin_only,10,0,false,101,101,0,0,1.0,0.9999999999999999,0,0.0,0.0,3000
0.1,0.7,7.0,B_lockin_only,11,0,false,73,75,0,0,0.0,0.9999999999999999,0,0.0,0.0,3000
0.1,0.7,7.0,B_lockin_only,12,0,false,61,61,0,0,1.0,0.9999999999999999,0,0.0,0.0,3000
0.1,0.7,7.0,B_lockin_only,13,0,false,45,51,0,0,0.0,0.9999999999999999,0,0.0,0.0,3000
0.1,0.7,7.0,B_lockin_only,14,0,false,67,72,0,0,1.0,0.9999999999999999,0,0.0,0.0,3000
0.1,0.7,7.0,B_lockin_only,15,0,false,75,75,0,0,1.0,0.9999999999999999,0,0.0,0.0,3000
0.1,0.7,7.0,B_lockin_only,16,0,false,49,49,0,0,0.0,0.9999999999999999,0,0.0,0.0,3000
0.1,0.7,7.0,B_lockin_only,17,0,false,82,82,0,0,0.0,0.9999999999999999,0,0.0,0.0,3000
0.1,0.7,7.0,B_lockin_only,18,0,false,84,84,0,0,1.0,0.9999999999999999,0,0.0,0.0,3000
0.1,0.7,7.0,B_lockin_only,19,0,false,55,59,0,0,1.0,0.9999999999999999,0,0.0,0.0,3000
0.1,0.7,7.0,B_lockin_only,20,0,false,72,71,0,0,1.0,0.9999999999999999,0,0.0,0.0,3000
0.1,0.7,7.0,B_lockin_only,21,0,false,70,70,0,0,0.0,0.9999999999999999,0,0.0,0.0,3000
0.1,0.7,7.0,B_lockin_only,22,0,false,54,56,0,0,0.0,0.9999999999999999,0,0.0,0.0,3000
0.1,0.7,7.0,B_lockin_only,23,0,false,81,81,0,0,1.0,0.9999999999999999,0,0.0,0.0,3000
0.1,0.7,7.0,B_lockin_only,24,0,false,118,118,0,0,0.0,0.9999999999999999,0,0.0,0.0,3000
0.1,0.7,7.0,B_lockin_only,25,0,false,56,56,0,0,0.0,0.9999999999999999,0,0.0,0.0,3000
0.1,0.7,7.0,B_lockin_only,26,0,false,57,57,0,0,0.0,0.9999999999999999,0,0.0,0.0,3000
0.1,0.7,7.0,B_lockin_only,27,0,false,60,60,0,0,0.0,0.9999999999999999,0,0.0,0.0,3000
0.1,0.7,7.0,B_lockin_only,28,0,false,101,107,0,0,1.0,0.9999999999999999,0,0.0,0.0,3000
0.1,0.7,7.0,B_lockin_only,29,0,false,73,73,0,0,1.0,0.9999999999999999,0,0.0,0.0,3000
0.1,0.7,7.0,B_lockin_only,30,0,false,52,54,0,0,0.0,0.9999999999999999,0,0.0,0.0,3000
0.1,0.7,7.0,C_normative_only,1,100,true,39,38,51,51,1.0,0.9992232409238739,100,0.8530426886436457,1.0,100
0.1,0.7,7.0,C_normative_only,2,97,true,32,32,48,48,0.0,0.999396357668635,99,0.848564519777105,0.99,97
0.1,0.7,7.0,C_normative_only,3,95,true,31,32,46,46,1.0,0.999239327107939,99,0.8509341941575987,0.99,95
0.1,0.7,7.0,C_normative_only,4,93,true,30,32,44,44,1.0,0.9989333994967576,97,0.8543707568218589,0.97,93
0.1,0.7,7.0,C_normative_only,5,77,true,27,28,23,28,1.0,0.9967913436283663,100,0.8509675577252312,1.0,77
0.1,0.7,7.0,C_normative_only,6,103,true,43,42,54,54,0.0,0.9969392809735421,97,0.802160907627919,0.97,103
0.1,0.7,7.0,C_normative_only,7,100,true,34,36,51,51,1.0,0.9993417944107172,97,0.8446708836386269,0.97,100
0.1,0.7,7.0,C_normative_only,8,92,true,38,36,43,43,0.0,0.997624438401893,99,0.7978129357345957,0.99,92
0.1,0.7,7.0,C_normative_only,9,96,true,34,34,47,47,1.0,0.9990862261919653,99,0.8469499938324915,0.99,96
0.1,0.7,7.0,C_normative_only,10,79,true,25,27,28,28,0.0,0.9968347402230205,99,0.8460871521772775,0.99,79
0.1,0.7,7.0,C_normative_only,11,105,true,54,54,53,54,1.0,0.9974369536702432,100,0.735912863901435,1.0,105
0.1,0.7,7.0,C_normative_only,12,88,true,30,32,39,39,1.0,0.9982995245951244,98,0.8563840200953976,0.98,88
0.1,0.7,7.0,C_normative_only,13,107,true,42,42,58,58,1.0,0.999298539425536,100,0.7812426667588638,1.0,107
0.1,0.7,7.0,C_normative_only,14,99,true,46,46,50,50,0.0,0.997198342324736,98,0.7464580702877385,0.98,99
0.1,0.7,7.0,C_normative_only,15,96,true,34,34,47,47,1.0,0.998847457686191,98,0.8426570508335843,0.98,96
0.1,0.7,7.0,C_normative_only,16,72,true,22,23,22,23,1.0,0.9961991665339326,97,0.8497600407858221,0.97,72
0.1,0.7,7.0,C_normative_only,17,78,true,28,27,29,29,1.0,0.9969590806713987,99,0.850415945819196,0.99,78
0.1,0.7,7.0,C_normative_only,18,99,true,40,39,50,50,0.0,0.9986742504323648,100,0.8116285235640358,1.0,99
0.1,0.7,7.0,C_normative_only,19,78,true,29,28,29,29,1.0,0.9965321872357555,99,0.8500434343605313,0.99,78
0.1,0.7,7.0,C_normative_only,20,89,true,26,28,40,40,0.0,0.998799938923115,100,0.8568765854265417,1.0,89
0.1,0.7,7.0,C_normative_only,21,75,true,23,23,22,23,1.0,0.9970413654575472,99,0.8499273169467988,0.99,75
0.1,0.7,7.0,C_normative_only,22,97,true,35,35,48,48,0.0,0.99890143455138,99,0.8369533827704609,0.99,97
0.1,0.7,7.0,C_normative_only,23,115,true,66,65,61,66,0.0,0.9952604495726578,100,0.6828785725506168,1.0,115
0.1,0.7,7.0,C_normative_only,24,104,true,49,52,55,55,1.0,0.9975122166213517,100,0.753693495689103,1.0,104
0.1,0.7,7.0,C_normative_only,25,102,true,45,42,53,53,0.0,0.9985990205763674,98,0.7847479648529604,0.98,102
0.1,0.7,7.0,C_normative_only,26,114,true,63,63,60,63,0.0,0.9968238638594502,99,0.7212439012253722,0.99,114
0.1,0.7,7.0,C_normative_only,27,118,true,67,69,67,69,1.0,0.9962111925448999,98,0.7578914417760927,0.98,118
0.1,0.7,7.0,C_normative_only,28,124,true,70,71,68,71,0.0,0.9968729290847069,99,0.7197796961765659,0.99,124
0.1,0.7,7.0,C_normative_only,29,102,true,33,39,53,53,0.0,0.9992418627256678,99,0.8241317468391793,0.99,102
0.1,0.7,7.0,C_normative_only,30,123,true,74,74,74,74,0.0,0.9962083196881503,98,0.7413311540540696,0.98,123
0.1,0.7,7.0,D_full_model,1,98,true,38,38,49,49,0.0,0.9988028289107495,99,0.8165236628780058,0.99,98
0.1,0.7,7.0,D_full_model,2,89,true,25,25,40,40,1.0,0.9992335503071632,98,0.858195484087947,0.98,89
0.1,0.7,7.0,D_full_model,3,93,true,26,26,44,44,0.0,0.999357964948648,100,0.8592151167739038,1.0,93
0.1,0.7,7.0,D_full_model,4,72,true,20,20,20,20,1.0,0.996865745412367,100,0.848680868649182,1.0,72
0.1,0.7,7.0,D_full_model,5,96,true,27,27,47,47,1.0,0.9995005695217604,98,0.856855705853362,0.98,96
0.1,0.7,7.0,D_full_model,6,94,true,32,32,45,45,1.0,0.9989755376126237,100,0.8360007607657728,1.0,94
0.1,0.7,7.0,D_full_model,7,95,true,31,31,46,46,0.0,0.9985863116785798,100,0.8320935382396089,1.0,95
0.1,0.7,7.0,D_full_model,8,89,true,24,24,40,40,1.0,0.999173870894228,99,0.8582762020298745,0.99,89
0.1,0.7,7.0,D_full_model,9,103,true,45,45,54,54,1.0,0.9983733538419695,99,0.729994685864195,0.99,103
0.1,0.7,7.0,D_full_model,10,95,true,25,25,46,46,0.0,0.9996131929295433,99,0.8613554224463543,0.99,95
0.1,0.7,7.0,D_full_model,11,95,true,33,33,46,46,1.0,0.9987665722702073,99,0.8451909786918641,0.99,95
0.1,0.7,7.0,D_full_model,12,74,true,23,24,25,25,0.0,0.9966964678591723,99,0.843683538369372,0.99,74
0.1,0.7,7.0,D_full_model,13,100,true,40,40,51,51,1.0,0.9989875606779903,97,0.8299250942397098,0.97,100
0.1,0.7,7.0,D_full_model,14,105,true,31,31,56,56,1.0,0.9996933472694366,96,0.8530708836864521,0.96,105
0.1,0.7,7.0,D_full_model,15,67,true,17,18,18,18,0.0,0.9955395239295154,99,0.8466962662865225,0.99,67
0.1,0.7,7.0,D_full_model,16,145,true,85,85,96,96,0.0,0.9987255071402967,100,0.7877303739467593,1.0,145
0.1,0.7,7.0,D_full_model,17,96,true,25,25,47,47,1.0,0.9995693694580068,98,0.8623915461712454,0.98,96
0.1,0.7,7.0,D_full_model,18,71,true,20,20,22,22,0.0,0.9968061056545579,99,0.847552912029729,0.99,71
0.1,0.7,7.0,D_full_model,19,97,true,32,33,48,48,1.0,0.9991948925855774,100,0.8552729411628248,1.0,97
0.1,0.7,7.0,D_full_model,20,92,true,29,29,43,43,0.0,0.9987362178498629,99,0.8534350171183349,0.99,92
0.1,0.7,7.0,D_full_model,21,108,true,53,53,59,59,1.0,0.9970743344739327,100,0.7266869158763944,1.0,108
0.1,0.7,7.0,D_full_model,22,99,true,37,37,50,50,0.0,0.998939516465009,99,0.8214252210782652,0.99,99
0.1,0.7,7.0,D_full_model,23,67,true,18,18,17,18,1.0,0.9956521042290432,99,0.846835429576194,0.99,67
0.1,0.7,7.0,D_full_model,24,75,true,23,23,26,26,0.0,0.9971791746489197,99,0.8500107732187946,0.99,75
0.1,0.7,7.0,D_full_model,25,105,true,47,47,56,56,1.0,0.998148653111258,100,0.7511801563805746,1.0,105
0.1,0.7,7.0,D_full_model,26,108,true,54,56,59,59,1.0,0.9973286076647416,100,0.7135308897063339,1.0,108
0.1,0.7,7.0,D_full_model,27,99,true,47,47,50,50,1.0,0.9973473768074221,100,0.7140075675690423,1.0,99
0.1,0.7,7.0,D_full_model,28,100,true,36,36,51,51,1.0,0.9993356591870834,99,0.8325971453978024,0.99,100
0.1,0.7,7.0,D_full_model,29,105,true,49,49,52,52,1.0,0.9975508685871823,99,0.744578045568368,0.99,105
0.1,0.7,7.0,D_full_model,30,99,true,34,34,50,50,0.0,0.999394965679832,99,0.8484715757180589,0.99,99
