N,condition,w_base,w_max,enable_normative,trial,convergence_tick,converged,first_tick_behavioral,first_tick_belief,first_tick_crystal,first_tick_all_met,final_fraction_A,final_mean_confidence,final_num_crystallised,final_mean_norm_strength,final_frac_dominant_norm,total_ticks
20,A_baseline,5,5,false,1,0,false,100,103,0,0,1.0,0.9999999999999998,0,0.0,0.0,3000
20,A_baseline,5,5,false,2,0,false,7,9,0,0,0.0,0.9999999999999998,0,0.0,0.0,3000
20,A_baseline,5,5,false,3,0,false,43,98,0,0,1.0,0.9999999999999998,0,0.0,0.0,3000
20,A_baseline,5,5,false,4,0,false,41,31,0,0,0.0,0.9999999999999998,0,0.0,0.0,3000
20,A_baseline,5,5,false,5,0,false,125,58,0,0,1.0,0.9999999999999998,0,0.0,0.0,3000
20,A_baseline,5,5,false,6,0,false,73,67,0,0,1.0,0.9999999999999998,0,0.0,0.0,3000
20,A_baseline,5,5,false,7,0,false,23,26,0,0,1.0,0.9999999999999998,0,0.0,0.0,3000
20,A_baseline,5,5,false,8,0,false,86,26,0,0,1.0,0.9999999999999998,0,0.0,0.0,3000
20,A_baseline,5,5,false,9,0,false,217,217,0,0,0.0,0.9999999999999998,0,0.0,0.0,3000
20,A_baseline,5,5,false,10,0,false,24,28,0,0,1.0,0.9999999999999998,0,0.0,0.0,3000
20,A_baseline,5,5,false,11,0,false,52,56,0,0,0.0,0.9999999999999998,0,0.0,0.0,3000
20,A_baseline,5,5,false,12,0,false,98,124,0,0,1.0,0.9999999999999998,0,0.0,0.0,3000
20,A_baseline,5,5,false,13,0,false,155,58,0,0,1.0,0.9999999999999998,0,0.0,0.0,3000
20,A_baseline,5,5,false,14,0,false,374,151,0,0,1.0,0.9999999999999998,0,0.0,0.0,3000
20,A_baseline,5,5,false,15,0,false,144,75,0,0,0.0,0.9999999999999998,0,0.0,0.0,3000
20,A_baseline,5,5,false,16,0,false,75,84,0,0,0.0,0.9999999999999998,0,0.0,0.0,3000
20,A_baseline,5,5,false,17,0,false,154,24,0,0,0.0,0.9999999999999998,0,0.0,0.0,3000
20,A_baseline,5,5,false,18,0,false,241,112,0,0,0.0,0.9999999999999998,0,0.0,0.0,3000
20,A_baseline,5,5,false,19,0,false,119,151,0,0,1.0,0.9999999999999998,0,0.0,0.0,3000
20,A_baseline,5,5,false,20,0,false,67,68,0,0,1.0,0.9999999999999998,0,0.0,0.0,3000
20,A_baseline,5,5,false,21,0,false,48,35,0,0,0.0,0.9999999999999998,0,0.0,0.0,3000
20,A_baseline,5,5,false,22,0,false,19,22,0,0,1.0,0.9999999999999998,0,0.0,0.0,3000
20,A_baseline,5,5,false,23,0,false,67,71,0,0,0.0,0.9999999999999998,0,0.0,0.0,3000
20,A_baseline,5,5,false,24,0,false,180,184,0,0,1.0,0.9999999999999998,0,0.0,0.0,3000
20,A_baseline,5,5,false,25,0,false,21,23,0,0,0.0,0.9999999999999998,0,0.0,0.0,3000
20,A_baseline,5,5,false,26,0,false,58,60,0,0,1.0,0.9999999999999998,0,0.0,0.0,3000
20,A_baseline,5,5,false,27,0,false,176,155,0,0,1.0,0.9999999999999998,0,0.0,0.0,3000
20,A_baseline,5,5,false,28,0,false,12,239,0,0,0.0,0.9999999999999998,0,0.0,0.0,3000
20,A_baseline,5,5,false,29,0,false,13,28,0,0,1.0,0.9999999999999998,0,0.0,0.0,3000
20,A_baseline,5,5,false,30,0,false,49,69,0,0,1.0,0.9999999999999998,0,0.0,0.0,3000
20,B_lockin_only,2,6,false,1,0,false,60,74,0,0,1.0,0.9999999999999998,0,0.0,0.0,3000
20,B_lockin_only,2,6,false,2,0,false,22,22,0,0,0.0,0.9999999999999998,0,0.0,0.0,3000
20,B_lockin_only,2,6,false,3,0,false,6,40,0,0,0.0,0.9999999999999998,0,0.0,0.0,3000
20,B_lockin_only,2,6,false,4,0,false,24,31,0,0,1.0,0.9999999999999998,0,0.0,0.0,3000
20,B_lockin_only,2,6,false,5,0,false,117,139,0,0,0.0,0.9999999999999998,0,0.0,0.0,3000
20,B_lockin_only,2,6,false,6,0,false,88,93,0,0,1.0,0.9999999999999998,0,0.0,0.0,3000
20,B_lockin_only,2,6,false,7,0,false,22,36,0,0,0.0,0.9999999999999998,0,0.0,0.0,3000
20,B_lockin_only,2,6,false,8,0,false,39,43,0,0,1.0,0.9999999999999998,0,0.0,0.0,3000
20,B_lockin_only,2,6,false,9,0,false,19,43,0,0,0.0,0.9999999999999998,0,0.0,0.0,3000
20,B_lockin_only,2,6,false,10,0,false,97,102,0,0,1.0,0.9999999999999998,0,0.0,0.0,3000
20,B_lockin_only,2,6,false,11,0,false,21,36,0,0,0.0,0.9999999999999998,0,0.0,0.0,3000
20,B_lockin_only,2,6,false,12,0,false,9,23,0,0,1.0,0.9999999999999998,0,0.0,0.0,3000
20,B_lockin_only,2,6,false,13,0,false,36,55,0,0,1.0,0.9999999999999998,0,0.0,0.0,3000
20,B_lockin_only,2,6,false,14,0,false,56,58,0,0,0.0,0.9999999999999998,0,0.0,0.0,3000
20,B_lockin_only,2,6,false,15,0,false,74,2,0,0,0.0,0.9999999999999998,0,0.0,0.0,3000
20,B_lockin_only,2,6,false,16,0,false,34,65,0,0,0.0,0.9999999999999998,0,0.0,0.0,3000
20,B_lockin_only,2,6,false,17,0,false,12,40,0,0,1.0,0.9999999999999998,0,0.0,0.0,3000
20,B_lockin_only,2,6,false,18,0,false,118,120,0,0,1.0,0.9999999999999998,0,0.0,0.0,3000
20,B_lockin_only,2,6,false,19,0,false,17,18,0,0,0.0,0.9999999999999998,0,0.0,0.0,3000
20,B_lockin_only,2,6,false,20,0,false,20,41,0,0,0.0,0.9999999999999998,0,0.0,0.0,3000
20,B_lockin_only,2,6,false,21,0,false,24,35,0,0,0.0,0.9999999999999998,0,0.0,0.0,3000
20,B_lockin_only,2,6,false,22,0,false,10,11,0,0,0.0,0.9999999999999998,0,0.0,0.0,3000
20,B_lockin_only,2,6,false,23,0,false,14,17,0,0,1.0,0.9999999999999998,0,0.0,0.0,3000
20,B_lockin_only,2,6,false,24,0,false,45,47,0,0,0.0,0.9999999999999998,0,0.0,0.0,3000
20,B_lockin_only,2,6,false,25,0,false,65,70,0,0,0.0,0.9999999999999998,0,0.0,0.0,3000
20,B_lockin_only,2,6,false,26,0,false,45,48,0,0,0.0,0.9999999999999998,0,0.0,0.0,3000
20,B_lockin_only,2,6,false,27,0,false,40,55,0,0,0.0,0.9999999999999998,0,0.0,0.0,3000
20,B_lockin_only,2,6,false,28,0,false,41,43,0,0,0.0,0.9999999999999998,0,0.0,0.0,3000
20,B_lockin_only,2,6,false,29,0,false,33,34,0,0,1.0,0.9999999999999998,0,0.0,0.0,3000
20,B_lockin_only,2,6,false,30,0,false,55,55,0,0,1.0,0.9999999999999998,0,0.0,0.0,3000
20,C_normative_only,5,5,true,1,104,true,53,55,55,55,1.0,0.9977913630096147,20,0.7520990304979455,1.0,104
20,C_normative_only,5,5,true,2,68,true,15,19,18,19,1.0,0.9972461049506599,20,0.847095850898107,1.0,68
20,C_normative_only,5,5,true,3,76,true,24,27,26,27,1.0,0.9974817050519864,20,0.8486367911292809,1.0,76
20,C_normative_only,5,5,true,4,66,true,16,2,17,17,0.0,0.9970273150753839,20,0.845869243992419,1.0,66
20,C_normative_only,5,5,true,5,78,true,27,28,29,29,1.0,0.997903652215746,20,0.8507719168408293,1.0,78
20,C_normative_only,5,5,true,6,80,true,23,25,26,31,0.0,0.9979182055495152,20,0.8514936839011424,1.0,80
20,C_normative_only,5,5,true,7,77,true,25,28,26,28,0.0,0.9974497525236858,20,0.8492514001136442,1.0,77
20,C_normative_only,5,5,true,8,74,true,21,17,25,25,1.0,0.9974108462034492,19,0.8481919612388388,0.95,74
20,C_normative_only,5,5,true,9,76,true,25,20,22,27,0.0,0.9977208769643384,20,0.8505310577788163,1.0,76
20,C_normative_only,5,5,true,10,80,true,30,31,31,31,1.0,0.9976850265012575,20,0.8495398695867061,1.0,80
20,C_normative_only,5,5,true,11,75,true,24,26,19,26,0.0,0.9976048415776926,20,0.8502926207478051,1.0,75
20,C_normative_only,5,5,true,12,87,true,36,38,33,38,0.0,0.9979235703781706,20,0.8314367566289123,1.0,87
20,C_normative_only,5,5,true,13,73,true,17,21,21,21,0.0,0.9978128445520034,20,0.8493020306306587,1.0,73
20,C_normative_only,5,5,true,14,107,true,38,42,58,58,1.0,0.9992578425534822,20,0.7988170027748552,1.0,107
20,C_normative_only,5,5,true,15,91,true,30,33,36,39,1.0,0.9982993618148972,20,0.8521935385212018,1.0,91
20,C_normative_only,5,5,true,16,72,true,20,21,20,21,1.0,0.997935540439723,20,0.8495318033684243,1.0,72
20,C_normative_only,5,5,true,17,67,true,16,18,15,18,1.0,0.9976691154669071,20,0.847952679719735,1.0,67
20,C_normative_only,5,5,true,18,73,true,18,19,21,24,0.0,0.997447859464516,20,0.8500495795689151,1.0,73
20,C_normative_only,5,5,true,19,79,true,22,26,25,26,1.0,0.9981182082998054,19,0.8525671416557504,0.95,79
20,C_normative_only,5,5,true,20,74,true,21,24,25,25,1.0,0.9974584444977118,20,0.8471321064146065,1.0,74
20,C_normative_only,5,5,true,21,85,true,34,7,36,36,1.0,0.9977290364174504,20,0.8269809195207201,1.0,85
20,C_normative_only,5,5,true,22,67,true,18,18,18,18,0.0,0.9970520584379712,20,0.8466449481431763,1.0,67
20,C_normative_only,5,5,true,23,120,true,43,48,71,71,1.0,0.9998155957847462,19,0.784543015361168,0.95,120
20,C_normative_only,5,5,true,24,74,true,13,21,17,21,1.0,0.9984494222778559,20,0.852217934373521,1.0,74
20,C_normative_only,5,5,true,25,68,true,16,14,16,19,1.0,0.9977498469657486,20,0.8474876094608591,1.0,68
20,C_normative_only,5,5,true,26,73,true,22,24,22,24,1.0,0.9975351158993264,20,0.8490183649606665,1.0,73
20,C_normative_only,5,5,true,27,80,true,24,3,25,28,0.0,0.9980468766298356,20,0.830491783814486,1.0,80
20,C_normative_only,5,5,true,28,80,true,29,31,29,31,1.0,0.9978135505224849,20,0.8477670271321054,1.0,80
20,C_normative_only,5,5,true,29,124,true,49,50,57,57,1.0,0.9956737144994297,20,0.7013321225369219,1.0,124
20,C_normative_only,5,5,true,30,115,true,34,36,66,66,1.0,0.9998099118261802,20,0.8271285324895288,1.0,115
20,D_full_model,2,6,true,1,70,true,20,21,20,21,1.0,0.997326747106316,20,0.8471772077232785,1.0,70
20,D_full_model,2,6,true,2,88,true,27,31,39,39,1.0,0.9983898195714154,19,0.8325708186920612,0.95,88
20,D_full_model,2,6,true,3,81,true,27,29,30,32,0.0,0.9975985706101232,18,0.8521542176227009,0.9,81
20,D_full_model,2,6,true,4,109,true,50,50,60,60,1.0,0.9990022570457888,19,0.7119643674446043,0.95,109
20,D_full_model,2,6,true,5,76,true,26,27,27,27,1.0,0.9968182190566971,19,0.8470256899598075,0.95,76
20,D_full_model,2,6,true,6,69,true,18,20,20,20,0.0,0.9971718167707057,20,0.846862227647304,1.0,69
20,D_full_model,2,6,true,7,74,true,21,25,25,25,0.0,0.9974317720942094,20,0.8471397351704268,1.0,74
20,D_full_model,2,6,true,8,110,true,29,31,61,61,1.0,0.9998528832547514,19,0.8449001881091496,0.95,110
20,D_full_model,2,6,true,9,73,true,17,21,20,21,1.0,0.9976915634575734,20,0.8479894037954898,1.0,73
20,D_full_model,2,6,true,10,113,true,29,30,64,64,0.0,0.9999267830137599,19,0.8705513569713007,0.95,113
20,D_full_model,2,6,true,11,117,true,48,56,56,56,1.0,0.9987125010986271,20,0.6871460753515154,1.0,117
20,D_full_model,2,6,true,12,72,true,20,23,22,23,0.0,0.9977767298305743,20,0.8477085547161713,1.0,72
20,D_full_model,2,6,true,13,68,true,18,19,19,19,0.0,0.9976743480401981,20,0.8477454983307334,1.0,68
20,D_full_model,2,6,true,14,68,true,17,19,18,19,0.0,0.9976909909344449,20,0.8474800289484399,1.0,68
20,D_full_model,2,6,true,15,77,true,23,27,28,28,1.0,0.9976019894098703,20,0.8477875591929861,1.0,77
20,D_full_model,2,6,true,16,71,true,19,19,22,22,1.0,0.9976159208702994,20,0.8470441084793322,1.0,71
20,D_full_model,2,6,true,17,66,true,17,17,17,17,1.0,0.9972618484965434,20,0.845945352824711,1.0,66
20,D_full_model,2,6,true,18,71,true,19,21,22,22,1.0,0.9975263189067158,20,0.8477056167824994,1.0,71
20,D_full_model,2,6,true,19,66,true,14,15,14,15,1.0,0.9978361080792736,20,0.8476076250214006,1.0,66
20,D_full_model,2,6,true,20,101,true,37,39,52,52,0.0,0.999331939515784,19,0.8182967894801401,0.95,101
20,D_full_model,2,6,true,21,70,true,20,21,20,21,1.0,0.9971717547371892,20,0.847024012364719,1.0,70
20,D_full_model,2,6,true,22,70,true,16,21,19,21,1.0,0.9976259520499399,20,0.8482419771884331,1.0,70
20,D_full_model,2,6,true,23,75,true,22,26,24,26,1.0,0.9979409071442495,20,0.8487336826808131,1.0,75
20,D_full_model,2,6,true,24,81,true,29,29,32,32,0.0,0.9975845385916451,20,0.8480237744918094,1.0,81
20,D_full_model,2,6,true,25,78,true,23,29,28,29,1.0,0.9979676741449774,20,0.8496846241523388,1.0,78
20,D_full_model,2,6,true,26,68,true,16,17,19,19,0.0,0.9979247825527727,20,0.8471415170775198,1.0,68
20,D_full_model,2,6,true,27,80,true,27,27,31,31,0.0,0.9981856908547986,20,0.8486309999777998,1.0,80
20,D_full_model,2,6,true,28,71,true,21,2,22,22,1.0,0.9968314518649419,20,0.8453164149331573,1.0,71
20,D_full_model,2,6,true,29,62,true,12,13,13,13,0.0,0.9974797756843736,20,0.8455347355675407,1.0,62
20,D_full_model,2,6,true,30,69,true,18,19,20,20,0.0,0.9975434600457648,20,0.8468606221226803,1.0,69
50,A_baseline,5,5,false,1,0,false,91,103,0,0,0.0,0.9999999999999999,0,0.0,0.0,3000
50,A_baseline,5,5,false,2,0,false,453,283,0,0,0.0,0.9999999999999999,0,0.0,0.0,3000
50,A_baseline,5,5,false,3,0,false,38,38,0,0,1.0,0.9999999999999999,0,0.0,0.0,3000
50,A_baseline,5,5,false,4,0,false,466,466,0,0,0.0,0.9999999999999999,0,0.0,0.0,3000
50,A_baseline,5,5,false,5,0,false,1459,1168,0,0,1.0,0.9999999999999999,0,0.0,0.0,3000
50,A_baseline,5,5,false,6,0,false,341,301,0,0,1.0,0.9999999999999999,0,0.0,0.0,3000
50,A_baseline,5,5,false,7,0,false,958,399,0,0,1.0,0.9999999999999999,0,0.0,0.0,3000
50,A_baseline,5,5,false,8,0,false,721,177,0,0,0.0,0.9999999999999999,0,0.0,0.0,3000
50,A_baseline,5,5,false,9,0,false,228,228,0,0,0.0,0.9999999999999999,0,0.0,0.0,3000
50,A_baseline,5,5,false,10,0,false,1106,1142,0,0,0.0,0.9999999999999999,0,0.0,0.0,3000
50,A_baseline,5,5,false,11,0,false,224,196,0,0,1.0,0.9999999999999999,0,0.0,0.0,3000
50,A_baseline,5,5,false,12,0,false,314,328,0,0,1.0,0.9999999999999999,0,0.0,0.0,3000
50,A_baseline,5,5,false,13,0,false,1301,1305,0,0,0.0,0.9999999999999999,0,0.0,0.0,3000
50,A_baseline,5,5,false,14,0,false,139,134,0,0,1.0,0.9999999999999999,0,0.0,0.0,3000
50,A_baseline,5,5,false,15,0,false,461,506,0,0,1.0,0.9999999999999999,0,0.0,0.0,3000
50,A_baseline,5,5,false,16,0,false,217,217,0,0,1.0,0.9999999999999999,0,0.0,0.0,3000
50,A_baseline,5,5,false,17,0,false,319,314,0,0,0.0,0.9999999999999999,0,0.0,0.0,3000
50,A_baseline,5,5,false,18,0,false,154,86,0,0,0.0,0.9999999999999999,0,0.0,0.0,3000
50,A_baseline,5,5,false,19,0,false,107,32,0,0,1.0,0.9999999999999999,0,0.0,0.0,3000
50,A_baseline,5,5,false,20,0,false,206,253,0,0,1.0,0.9999999999999999,0,0.0,0.0,3000
50,A_baseline,5,5,false,21,0,false,364,372,0,0,1.0,0.9999999999999999,0,0.0,0.0,3000
50,A_baseline,5,5,false,22,0,false,455,266,0,0,0.0,0.9999999999999999,0,0.0,0.0,3000
50,A_baseline,5,5,false,23,0,false,279,292,0,0,0.0,0.9999999999999999,0,0.0,0.0,3000
50,A_baseline,5,5,false,24,0,false,1488,1380,0,0,0.0,0.9999999999999999,0,0.0,0.0,3000
50,A_baseline,5,5,false,25,0,false,288,252,0,0,1.0,0.9999999999999999,0,0.0,0.0,3000
50,A_baseline,5,5,false,26,0,false,374,324,0,0,1.0,0.9999999999999999,0,0.0,0.0,3000
50,A_baseline,5,5,false,27,0,false,544,248,0,0,1.0,0.9999999999999999,0,0.0,0.0,3000
50,A_baseline,5,5,false,28,0,false,329,338,0,0,1.0,0.9999999999999999,0,0.0,0.0,3000
50,A_baseline,5,5,false,29,0,false,329,243,0,0,1.0,0.9999999999999999,0,0.0,0.0,3000
50,A_baseline,5,5,false,30,0,false,154,97,0,0,0.0,0.9999999999999999,0,0.0,0.0,3000
50,B_lockin_only,2,6,false,1,0,false,52,56,0,0,0.0,0.9999999999999999,0,0.0,0.0,3000
50,B_lockin_only,2,6,false,2,0,false,100,105,0,0,0.0,0.9999999999999999,0,0.0,0.0,3000
50,B_lockin_only,2,6,false,3,0,false,116,116,0,0,0.0,0.9999999999999999,0,0.0,0.0,3000
50,B_lockin_only,2,6,false,4,0,false,108,108,0,0,0.0,0.9999999999999999,0,0.0,0.0,3000
50,B_lockin_only,2,6,false,5,0,false,151,164,0,0,1.0,0.9999999999999999,0,0.0,0.0,3000
50,B_lockin_only,2,6,false,6,0,false,27,27,0,0,0.0,0.9999999999999999,0,0.0,0.0,3000
50,B_lockin_only,2,6,false,7,0,false,79,77,0,0,1.0,0.9999999999999999,0,0.0,0.0,3000
50,B_lockin_only,2,6,false,8,0,false,88,88,0,0,1.0,0.9999999999999999,0,0.0,0.0,3000
50,B_lockin_only,2,6,false,9,0,false,73,73,0,0,1.0,0.9999999999999999,0,0.0,0.0,3000
50,B_lockin_only,2,6,false,10,0,false,135,138,0,0,1.0,0.9999999999999999,0,0.0,0.0,3000
50,B_lockin_only,2,6,false,11,0,false,95,95,0,0,1.0,0.9999999999999999,0,0.0,0.0,3000
50,B_lockin_only,2,6,false,12,0,false,79,77,0,0,0.0,0.9999999999999999,0,0.0,0.0,3000
50,B_lockin_only,2,6,false,13,0,false,29,29,0,0,1.0,0.9999999999999999,0,0.0,0.0,3000
50,B_lockin_only,2,6,false,14,0,false,52,55,0,0,0.0,0.9999999999999999,0,0.0,0.0,3000
50,B_lockin_only,2,6,false,15,0,false,57,57,0,0,0.0,0.9999999999999999,0,0.0,0.0,3000
50,B_lockin_only,2,6,false,16,0,false,35,35,0,0,0.0,0.9999999999999999,0,0.0,0.0,3000
50,B_lockin_only,2,6,false,17,0,false,77,77,0,0,0.0,0.9999999999999999,0,0.0,0.0,3000
50,B_lockin_only,2,6,false,18,0,false,93,93,0,0,1.0,0.9999999999999999,0,0.0,0.0,3000
50,B_lockin_only,2,6,false,19,0,false,173,173,0,0,1.0,0.9999999999999999,0,0.0,0.0,3000
50,B_lockin_only,2,6,false,20,0,false,145,148,0,0,0.0,0.9999999999999999,0,0.0,0.0,3000
50,B_lockin_only,2,6,false,21,0,false,88,88,0,0,1.0,0.9999999999999999,0,0.0,0.0,3000
50,B_lockin_only,2,6,false,22,0,false,34,32,0,0,1.0,0.9999999999999999,0,0.0,0.0,3000
50,B_lockin_only,2,6,false,23,0,false,134,134,0,0,0.0,0.9999999999999999,0,0.0,0.0,3000
50,B_lockin_only,2,6,false,24,0,false,35,35,0,0,0.0,0.9999999999999999,0,0.0,0.0,3000
50,B_lockin_only,2,6,false,25,0,false,63,63,0,0,0.0,0.9999999999999999,0,0.0,0.0,3000
50,B_lockin_only,2,6,false,26,0,false,61,57,0,0,1.0,0.9999999999999999,0,0.0,0.0,3000
50,B_lockin_only,2,6,false,27,0,false,55,55,0,0,1.0,0.9999999999999999,0,0.0,0.0,3000
50,B_lockin_only,2,6,false,28,0,false,57,57,0,0,1.0,0.9999999999999999,0,0.0,0.0,3000
50,B_lockin_only,2,6,false,29,0,false,38,37,0,0,0.0,0.9999999999999999,0,0.0,0.0,3000
50,B_lockin_only,2,6,false,30,0,false,96,96,0,0,0.0,0.9999999999999999,0,0.0,0.0,3000
50,C_normative_only,5,5,true,1,105,true,41,42,56,56,1.0,0.9993224590150276,48,0.8188825251051087,0.96,105
50,C_normative_only,5,5,true,2,77,true,21,21,20,21,0.0,0.9985233296773363,50,0.852705964571774,1.0,77
50,C_normative_only,5,5,true,3,80,true,28,28,26,28,1.0,0.9979286658099161,49,0.8499578011215557,0.98,80
50,C_normative_only,5,5,true,4,75,true,24,26,25,26,1.0,0.9972963434009108,49,0.8476673549266492,0.98,75
50,C_normative_only,5,5,true,5,109,true,34,36,60,60,1.0,0.9997538662776222,50,0.8638390718936495,1.0,109
50,C_normative_only,5,5,true,6,138,true,89,89,87,89,0.0,0.9975674174169369,49,0.8008336247437882,0.98,138
50,C_normative_only,5,5,true,7,80,true,26,26,25,26,1.0,0.9979076870598675,50,0.8514350536571236,1.0,80
50,C_normative_only,5,5,true,8,103,true,37,37,54,54,1.0,0.9995103806368023,48,0.8289823332569438,0.96,103
50,C_normative_only,5,5,true,9,74,true,25,25,24,25,1.0,0.9972512689765399,49,0.8485292920021416,0.98,74
50,C_normative_only,5,5,true,10,74,true,25,25,24,25,0.0,0.9974947779263112,48,0.8488590361443484,0.96,74
50,C_normative_only,5,5,true,11,77,true,25,25,22,25,1.0,0.9981516060373616,50,0.8510749723998815,1.0,77
50,C_normative_only,5,5,true,12,77,true,23,25,25,25,1.0,0.998106039378176,48,0.8511301377797316,0.96,77
50,C_normative_only,5,5,true,13,133,true,73,80,75,81,1.0,0.9985206575742229,49,0.756246363321394,0.98,133
50,C_normative_only,5,5,true,14,83,true,29,31,28,32,1.0,0.9982962373575613,50,0.852240874743404,1.0,83
50,C_normative_only,5,5,true,15,76,true,27,27,26,27,1.0,0.9973013717175379,50,0.8478746288811062,1.0,76
50,C_normative_only,5,5,true,16,78,true,27,27,29,29,0.0,0.9965467115256561,50,0.8481991128662739,1.0,78
50,C_normative_only,5,5,true,17,106,true,32,34,57,57,1.0,0.9997919563857984,48,0.8657988721352514,0.96,106
50,C_normative_only,5,5,true,18,112,true,47,47,63,63,1.0,0.9995744191014374,50,0.7912432664439584,1.0,112
50,C_normative_only,5,5,true,19,100,true,37,37,51,51,0.0,0.9992720441106665,49,0.8505605239518298,0.98,100
50,C_normative_only,5,5,true,20,118,true,67,67,69,69,1.0,0.998254283485305,50,0.7384358169091864,1.0,118
50,C_normative_only,5,5,true,21,84,true,35,34,35,35,0.0,0.9978911377042351,48,0.8421086252024933,0.96,84
50,C_normative_only,5,5,true,22,70,true,21,21,21,21,1.0,0.9976140173785619,50,0.8486072182620866,1.0,70
50,C_normative_only,5,5,true,23,71,true,19,21,19,22,0.0,0.9978717807429386,50,0.8491193244219652,1.0,71
50,C_normative_only,5,5,true,24,103,true,45,42,54,54,0.0,0.9989422398599902,50,0.793413518453363,1.0,103
50,C_normative_only,5,5,true,25,85,true,32,34,35,36,0.0,0.9976355538146393,47,0.8515642450864671,0.94,85
50,C_normative_only,5,5,true,26,152,true,93,94,96,96,1.0,0.9985282465414973,49,0.7976714931907529,0.98,152
50,C_normative_only,5,5,true,27,81,true,30,30,28,30,1.0,0.9978706712326083,49,0.8518738494659407,0.98,81
50,C_normative_only,5,5,true,28,83,true,31,31,29,31,1.0,0.9981055257293484,50,0.8512078793144824,1.0,83
50,C_normative_only,5,5,true,29,95,true,32,32,46,46,1.0,0.9993151924343309,50,0.841011501962322,1.0,95
50,C_normative_only,5,5,true,30,85,true,32,30,30,32,0.0,0.9983942788203,50,0.8521793300079811,1.0,85
50,D_full_model,2,6,true,1,73,true,20,23,24,24,0.0,0.9978728956803306,50,0.8478649587142619,1.0,73
50,D_full_model,2,6,true,2,68,true,17,17,19,19,0.0,0.9978617734079894,50,0.8475564409548952,1.0,68
50,D_full_model,2,6,true,3,131,true,71,71,81,82,0.0,0.9985296696073048,50,0.7993455659076502,1.0,131
50,D_full_model,2,6,true,4,102,true,36,39,53,53,1.0,0.9993466002403346,50,0.8250892908224592,1.0,102
50,D_full_model,2,6,true,5,74,true,22,22,25,25,0.0,0.9969447029748776,48,0.8492056209360007,0.96,74
50,D_full_model,2,6,true,6,77,true,25,25,24,25,1.0,0.997978266690252,50,0.8500561838114894,1.0,77
50,D_full_model,2,6,true,7,108,true,48,48,59,59,1.0,0.9991494843148263,49,0.8094662902008835,0.98,108
50,D_full_model,2,6,true,8,70,true,21,21,20,21,1.0,0.9975025825213195,49,0.84805818393164,0.98,70
50,D_full_model,2,6,true,9,104,true,38,38,55,55,1.0,0.9995132565028899,49,0.8185251444296183,0.98,104
50,D_full_model,2,6,true,10,90,true,28,28,41,41,0.0,0.9992583220698628,49,0.8562678494766313,0.98,90
50,D_full_model,2,6,true,11,79,true,27,28,30,30,0.0,0.9978958225803818,50,0.8488053795082625,1.0,79
50,D_full_model,2,6,true,12,67,true,17,18,18,18,1.0,0.9970790359247991,50,0.8462900850410545,1.0,67
50,D_full_model,2,6,true,13,103,true,45,45,54,54,1.0,0.9991101778148661,50,0.8252141226967449,1.0,103
50,D_full_model,2,6,true,14,81,true,26,26,31,32,1.0,0.9982708824813084,50,0.8501833002201782,1.0,81
50,D_full_model,2,6,true,15,98,true,31,31,49,49,1.0,0.9993804049950653,49,0.8420479738992049,0.98,98
50,D_full_model,2,6,true,16,78,true,23,24,22,24,0.0,0.9983987773182257,49,0.8517742674533285,0.98,78
50,D_full_model,2,6,true,17,115,true,48,48,66,66,1.0,0.9995930759679567,49,0.7899042904683042,0.98,115
50,D_full_model,2,6,true,18,94,true,26,28,45,45,0.0,0.9995083454613704,50,0.8599459017194866,1.0,94
50,D_full_model,2,6,true,19,68,true,14,15,15,15,0.0,0.9979817138366005,50,0.8483613577827991,1.0,68
50,D_full_model,2,6,true,20,103,true,28,29,54,54,0.0,0.9997076485501981,50,0.8612569608308328,1.0,103
50,D_full_model,2,6,true,21,64,true,15,15,15,15,0.0,0.9974967840853957,50,0.845998660367339,1.0,64
50,D_full_model,2,6,true,22,106,true,46,48,57,57,0.0,0.9986427474601683,50,0.7427340514869978,1.0,106
50,D_full_model,2,6,true,23,77,true,24,24,28,28,0.0,0.9981609429201248,50,0.8495232887081272,1.0,77
50,D_full_model,2,6,true,24,82,true,29,30,33,33,0.0,0.998050140642964,48,0.8410875818817338,0.96,82
50,D_full_model,2,6,true,25,80,true,27,28,31,31,0.0,0.9976201683116801,49,0.8495048533078545,0.98,80
50,D_full_model,2,6,true,26,90,true,33,33,41,41,0.0,0.998839827403864,49,0.8535832575873841,0.98,90
50,D_full_model,2,6,true,27,78,true,25,25,27,29,1.0,0.9977455494140262,49,0.85019147209376,0.98,78
50,D_full_model,2,6,true,28,77,true,26,26,26,26,1.0,0.997792463218212,50,0.8496152736295716,1.0,77
50,D_full_model,2,6,true,29,74,true,25,25,23,25,0.0,0.997284366801005,49,0.8481769758506872,0.98,74
50,D_full_model,2,6,true,30,79,true,26,28,29,30,0.0,0.9977781050380068,48,0.8507179392463041,0.96,79
100,A_baseline,5,5,false,1,0,false,2835,807,0,0,0.91,0.7798455180441839,0,0.0,0.0,3000
100,A_baseline,5,5,false,2,0,false,243,243,0,0,0.0,0.9999999999999999,0,0.0,0.0,3000
100,A_baseline,5,5,false,3,0,false,615,615,0,0,1.0,0.9999999999999999,0,0.0,0.0,3000
100,A_baseline,5,5,false,4,0,false,371,397,0,0,1.0,0.9999999999999999,0,0.0,0.0,3000
100,A_baseline,5,5,false,5,0,false,143,140,0,0,1.0,0.9999999999999999,0,0.0,0.0,3000
100,A_baseline,5,5,false,6,0,false,298,152,0,0,0.0,0.9999999999999999,0,0.0,0.0,3000
100,A_baseline,5,5,false,7,0,false,1079,591,0,0,1.0,0.9999999999999999,0,0.0,0.0,3000
100,A_baseline,5,5,false,8,0,false,231,231,0,0,0.0,0.9999999999999999,0,0.0,0.0,3000
100,A_baseline,5,5,false,9,0,false,821,872,0,0,0.0,0.9999999999999999,0,0.0,0.0,3000
100,A_baseline,5,5,false,10,0,false,308,280,0,0,0.91,0.8282402445593041,0,0.0,0.0,3000
100,A_baseline,5,5,false,11,0,false,246,259,0,0,0.0,0.9999999999999999,0,0.0,0.0,3000
100,A_baseline,5,5,false,12,0,false,549,553,0,0,0.0,0.9999999999999999,0,0.0,0.0,3000
100,A_baseline,5,5,false,13,0,false,1506,1477,0,0,1.0,0.9999999999999999,0,0.0,0.0,3000
100,A_baseline,5,5,false,14,0,false,1756,562,0,0,0.0,0.9999999999999999,0,0.0,0.0,3000
100,A_baseline,5,5,false,15,0,false,2363,2064,0,0,1.0,0.9999999999999999,0,0.0,0.0,3000
100,A_baseline,5,5,false,16,0,false,235,235,0,0,0.0,0.9999999999999999,0,0.0,0.0,3000
100,A_baseline,5,5,false,17,0,false,564,618,0,0,1.0,0.9999999999999999,0,0.0,0.0,3000
100,A_baseline,5,5,false,18,0,false,260,263,0,0,0.0,0.9999999999999999,0,0.0,0.0,3000
100,A_baseline,5,5,false,19,0,false,395,408,0,0,0.0,0.9999999999999999,0,0.0,0.0,3000
100,A_baseline,5,5,false,20,0,false,446,365,0,0,1.0,0.9999999999999999,0,0.0,0.0,3000
100,A_baseline,5,5,false,21,0,false,1256,1839,0,0,0.51,0.2670548379271537,0,0.0,0.0,3000
100,A_baseline,5,5,false,22,0,false,212,214,0,0,0.0,0.9999999999999999,0,0.0,0.0,3000
100,A_baseline,5,5,false,23,0,false,1340,1175,0,0,0.0,0.9999999999999999,0,0.0,0.0,3000
100,A_baseline,5,5,false,24,0,false,714,711,0,0,0.0,0.9999999999999999,0,0.0,0.0,3000
100,A_baseline,5,5,false,25,0,false,842,842,0,0,1.0,0.9999999999999999,0,0.0,0.0,3000
100,A_baseline,5,5,false,26,0,false,257,259,0,0,0.0,0.9999999999999999,0,0.0,0.0,3000
100,A_baseline,5,5,false,27,0,false,742,742,0,0,1.0,0.9999999999999999,0,0.0,0.0,3000
100,A_baseline,5,5,false,28,0,false,572,572,0,0,0.0,0.9999999999999999,0,0.0,0.0,3000
100,A_baseline,5,5,false,29,0,false,273,258,0,0,0.0,0.9999999999999999,0,0.0,0.0,3000
100,A_baseline,5,5,false,30,0,false,447,469,0,0,0.0,0.9999999999999999,0,0.0,0.0,3000
100,B_lockin_only,2,6,false,1,0,false,116,116,0,0,0.0,0.9999999999999999,0,0.0,0.0,3000
100,B_lockin_only,2,6,false,2,0,false,106,108,0,0,1.0,0.9999999999999999,0,0.0,0.0,3000
100,B_lockin_only,2,6,false,3,0,false,112,111,0,0,0.0,0.9999999999999999,0,0.0,0.0,3000
100,B_lockin_only,2,6,false,4,0,false,61,63,0,0,1.0,0.9999999999999999,0,0.0,0.0,3000
100,B_lockin_only,2,6,false,5,0,false,64,78,0,0,0.0,0.9999999999999999,0,0.0,0.0,3000
100,B_lockin_only,2,6,false,6,0,false,100,99,0,0,1.0,0.9999999999999999,0,0.0,0.0,3000
100,B_lockin_only,2,6,false,7,0,false,60,56,0,0,0.0,0.9999999999999999,0,0.0,0.0,3000
100,B_lockin_only,2,6,false,8,0,false,82,93,0,0,1.0,0.9999999999999999,0,0.0,0.0,3000
100,B_lockin_only,2,6,false,9,0,false,65,65,0,0,0.0,0.9999999999999999,0,0.0,0.0,3000
100,B_lockin_only,2,6,false,10,0,false,137,140,0,0,0.0,0.9999999999999999,0,0.0,0.0,3000
100,B_lockin_only,2,6,false,11,0,false,79,79,0,0,0.0,0.9999999999999999,0,0.0,0.0,3000
100,B_lockin_only,2,6,false,12,0,false,89,89,0,0,0.0,0.9999999999999999,0,0.0,0.0,3000
100,B_lockin_only,2,6,false,13,0,false,69,74,0,0,1.0,0.9999999999999999,0,0.0,0.0,3000
100,B_lockin_only,2,6,false,14,0,false,61,61,0,0,1.0,0.9999999999999999,0,0.0,0.0,3000
100,B_lockin_only,2,6,false,15,0,false,71,74,0,0,1.0,0.9999999999999999,0,0.0,0.0,3000
100,B_lockin_only,2,6,false,16,0,false,191,191,0,0,1.0,0.9999999999999999,0,0.0,0.0,3000
100,B_lockin_only,2,6,false,17,0,false,162,166,0,0,0.0,0.9999999999999999,0,0.0,0.0,3000
100,B_lockin_only,2,6,false,18,0,false,129,133,0,0,0.0,0.9999999999999999,0,0.0,0.0,3000
100,B_lockin_only,2,6,false,19,0,false,156,154,0,0,1.0,0.9999999999999999,0,0.0,0.0,3000
100,B_lockin_only,2,6,false,20,0,false,96,96,0,0,0.0,0.9999999999999999,0,0.0,0.0,3000
100,B_lockin_only,2,6,false,21,0,false,70,70,0,0,1.0,0.9999999999999999,0,0.0,0.0,3000
100,B_lockin_only,2,6,false,22,0,false,54,54,0,0,1.0,0.9999999999999999,0,0.0,0.0,3000
100,B_lockin_only,2,6,false,23,0,false,83,83,0,0,1.0,0.9999999999999999,0,0.0,0.0,3000
100,B_lockin_only,2,6,false,24,0,false,76,68,0,0,0.0,0.9999999999999999,0,0.0,0.0,3000
100,B_lockin_only,2,6,false,25,0,false,132,134,0,0,1.0,0.9999999999999999,0,0.0,0.0,3000
100,B_lockin_only,2,6,false,26,0,false,128,138,0,0,1.0,0.9999999999999999,0,0.0,0.0,3000
100,B_lockin_only,2,6,false,27,0,false,76,76,0,0,1.0,0.9999999999999999,0,0.0,0.0,3000
100,B_lockin_only,2,6,false,28,0,false,99,99,0,0,0.0,0.9999999999999999,0,0.0,0.0,3000
100,B_lockin_only,2,6,false,29,0,false,67,66,0,0,1.0,0.9999999999999999,0,0.0,0.0,3000
100,B_lockin_only,2,6,false,30,0,false,90,90,0,0,0.0,0.9999999999999999,0,0.0,0.0,3000
100,C_normative_only,5,5,true,1,77,true,26,28,26,28,0.0,0.9974541155305973,99,0.8489908133652554,0.99,77
100,C_normative_only,5,5,true,2,109,true,47,47,60,60,0.0,0.9991601315570992,99,0.79538958695242,0.99,109
100,C_normative_only,5,5,true,3,106,true,36,36,57,57,1.0,0.9997131531797369,98,0.851157932353922,0.98,106
100,C_normative_only,5,5,true,4,77,true,25,27,26,28,1.0,0.997866041691976,98,0.8505828784948125,0.98,77
100,C_normative_only,5,5,true,5,111,true,54,54,62,62,0.0,0.997183407612099,98,0.7463639459656258,0.98,111
100,C_normative_only,5,5,true,6,109,true,53,56,59,60,0.0,0.9984067019185697,100,0.78237573449405,1.0,109
100,C_normative_only,5,5,true,7,107,true,54,52,58,58,0.0,0.9973511515415234,100,0.747284780121396,1.0,107
100,C_normative_only,5,5,true,8,99,true,39,39,50,50,0.0,0.9992354817901945,97,0.8256596660774007,0.97,99
100,C_normative_only,5,5,true,9,108,true,53,46,59,59,1.0,0.9985184192832274,100,0.7768630095202472,1.0,108
100,C_normative_only,5,5,true,10,87,true,36,36,35,36,0.0,0.9974902335465049,98,0.825082927865056,0.98,87
100,C_normative_only,5,5,true,11,110,true,57,57,61,61,0.0,0.9979635324842877,99,0.7548441972818748,0.99,110
100,C_normative_only,5,5,true,12,95,true,35,35,46,46,1.0,0.9991153816128356,99,0.8415722166114873,0.99,95
100,C_normative_only,5,5,true,13,108,true,46,46,59,59,0.0,0.9993051582903248,98,0.8076788000313475,0.98,108
100,C_normative_only,5,5,true,14,103,true,35,35,54,54,1.0,0.9995769516815598,99,0.854183985590537,0.99,103
100,C_normative_only,5,5,true,15,84,true,32,33,34,35,0.0,0.9973418707457756,100,0.8414617378031088,1.0,84
100,C_normative_only,5,5,true,16,98,true,33,36,49,49,0.0,0.9994203211231436,99,0.8552455531288128,0.99,98
100,C_normative_only,5,5,true,17,110,true,46,48,61,61,0.0,0.9993185593309718,98,0.7925747025310039,0.98,110
100,C_normative_only,5,5,true,18,111,true,42,43,62,62,1.0,0.9996386217573547,97,0.8235663640751436,0.97,111
100,C_normative_only,5,5,true,19,146,true,91,90,97,97,1.0,0.9986166687902543,100,0.7903595052250901,1.0,146
100,C_normative_only,5,5,true,20,110,true,48,48,61,61,0.0,0.9993615884651927,98,0.8038396264302594,0.98,110
100,C_normative_only,5,5,true,21,105,true,42,42,56,56,1.0,0.9994265875740115,97,0.7960197724389362,0.97,105
100,C_normative_only,5,5,true,22,92,true,32,35,43,43,0.0,0.998719996316676,97,0.8180837001433168,0.97,92
100,C_normative_only,5,5,true,23,115,true,64,62,66,66,0.0,0.9984208536303248,99,0.7104553959351515,0.99,115
100,C_normative_only,5,5,true,24,78,true,27,27,24,27,0.0,0.9978250762508111,99,0.8505173202663336,0.99,78
100,C_normative_only,5,5,true,25,105,true,41,41,56,56,1.0,0.9993607925650201,99,0.8467458030455683,0.99,105
100,C_normative_only,5,5,true,26,103,true,47,47,54,54,0.0,0.9988179942589759,98,0.8045077189968198,0.98,103
100,C_normative_only,5,5,true,27,93,true,34,35,44,44,0.0,0.9987624158877577,99,0.8387125060116465,0.99,93
100,C_normative_only,5,5,true,28,105,true,44,45,56,56,0.0,0.9990375516785932,99,0.7877207274331812,0.99,105
100,C_normative_only,5,5,true,29,88,true,34,34,36,37,0.0,0.9975938536609971,98,0.8441082863350359,0.98,88
100,C_normative_only,5,5,true,30,78,true,24,25,23,25,1.0,0.9983463227860185,99,0.852042438983652,0.99,78
100,D_full_model,2,6,true,1,72,true,20,22,21,23,1.0,0.9970881994896037,100,0.8473517612063182,1.0,72
100,D_full_model,2,6,true,2,125,true,72,75,76,76,1.0,0.997953266650384,99,0.784438275415387,0.99,125
100,D_full_model,2,6,true,3,76,true,22,24,27,27,0.0,0.9975386300786196,99,0.848571976428908,0.99,76
100,D_full_model,2,6,true,4,80,true,28,28,31,31,1.0,0.9978948804190463,100,0.8486885415576103,1.0,80
100,D_full_model,2,6,true,5,74,true,23,25,24,25,0.0,0.9972368017029464,100,0.8481142536110489,1.0,74
100,D_full_model,2,6,true,6,111,true,42,42,62,62,0.0,0.9995736860770812,95,0.8297800100472495,0.95,111
100,D_full_model,2,6,true,7,101,true,43,43,52,52,1.0,0.9990657212533874,100,0.8084915509461935,1.0,101
100,D_full_model,2,6,true,8,79,true,27,30,28,30,1.0,0.9975477557727901,98,0.8499641166032368,0.98,79
100,D_full_model,2,6,true,9,97,true,33,33,48,48,1.0,0.9994473668944492,94,0.8609081199165194,0.94,97
100,D_full_model,2,6,true,10,98,true,36,36,49,49,0.0,0.9992890941232419,99,0.8448376624641053,0.99,98
100,D_full_model,2,6,true,11,79,true,25,27,30,30,0.0,0.9978979730306387,99,0.8502647153955865,0.99,79
100,D_full_model,2,6,true,12,74,true,24,24,25,25,1.0,0.9972926488199598,100,0.8484295491469881,1.0,74
100,D_full_model,2,6,true,13,104,true,42,42,55,55,0.0,0.9993988607416218,98,0.8196169133851048,0.98,104
100,D_full_model,2,6,true,14,100,true,33,33,51,51,1.0,0.9996053250377733,96,0.8572512639787698,0.96,100
100,D_full_model,2,6,true,15,116,true,41,43,67,67,0.0,0.9997674381687094,98,0.8104852514436621,0.98,116
100,D_full_model,2,6,true,16,68,true,19,19,18,19,1.0,0.9971236885272381,100,0.8464309702565231,1.0,68
100,D_full_model,2,6,true,17,78,true,27,27,29,29,0.0,0.9977259294595455,100,0.8476833401165937,1.0,78
100,D_full_model,2,6,true,18,77,true,25,25,26,26,1.0,0.9980143164420252,98,0.8498032074663849,0.98,77
100,D_full_model,2,6,true,19,110,true,57,57,61,61,0.0,0.9982161053358086,99,0.708385179200055,0.99,110
100,D_full_model,2,6,true,20,107,true,41,41,58,58,1.0,0.9993306151940403,99,0.8197783029687962,0.99,107
100,D_full_model,2,6,true,21,105,true,44,44,56,56,1.0,0.9992237834014402,97,0.7886414891835422,0.97,105
100,D_full_model,2,6,true,22,72,true,21,21,20,21,0.0,0.9975685739805601,99,0.8492284816603742,0.99,72
100,D_full_model,2,6,true,23,99,true,43,43,50,50,0.0,0.9987259215006836,100,0.8011196936200301,1.0,99
100,D_full_model,2,6,true,24,75,true,24,26,26,26,0.0,0.997113438850305,98,0.8482749628356048,0.98,75
100,D_full_model,2,6,true,25,100,true,34,35,51,51,0.0,0.9995426588713028,96,0.8486653717813105,0.96,100
100,D_full_model,2,6,true,26,73,true,24,24,24,24,1.0,0.9977359347864169,99,0.8484495018448523,0.99,73
100,D_full_model,2,6,true,27,100,true,36,36,51,51,0.0,0.9995442810626781,96,0.8612702424003116,0.96,100
100,D_full_model,2,6,true,28,107,true,53,53,58,58,1.0,0.9983630632917054,100,0.7432235103043818,1.0,107
100,D_full_model,2,6,true,29,107,true,54,54,58,58,0.0,0.9983818608858024,100,0.7179765407836954,1.0,107
100,D_full_model,2,6,true,30,112,true,50,50,63,63,1.0,0.9991049678971315,97,0.7519127884179654,0.97,112
200,A_baseline,5,5,false,1,0,false,2646,2643,0,0,0.0,0.9999999989775236,0,0.0,0.0,3000
200,A_baseline,5,5,false,2,0,false,0,0,0,0,0.575,0.2713799038135852,0,0.0,0.0,3000
200,A_baseline,5,5,false,3,0,false,1928,1903,0,0,1.0,0.9999999999999999,0,0.0,0.0,3000
200,A_baseline,5,5,false,4,0,false,271,271,0,0,1.0,0.9999999999999999,0,0.0,0.0,3000
200,A_baseline,5,5,false,5,0,false,1736,1735,0,0,1.0,0.9999999999999999,0,0.0,0.0,3000
200,A_baseline,5,5,false,6,0,false,0,0,0,0,0.74,0.4534501969082313,0,0.0,0.0,3000
200,A_baseline,5,5,false,7,0,false,2819,2817,0,0,0.995,0.9455767918480853,0,0.0,0.0,3000
200,A_baseline,5,5,false,8,0,false,469,468,0,0,1.0,0.9999999999999999,0,0.0,0.0,3000
200,A_baseline,5,5,false,9,0,false,942,942,0,0,0.0,0.9999999999999999,0,0.0,0.0,3000
200,A_baseline,5,5,false,10,0,false,2365,2352,0,0,1.0,0.9999999999999999,0,0.0,0.0,3000
200,A_baseline,5,5,false,11,0,false,363,327,0,0,1.0,0.9999999999999999,0,0.0,0.0,3000
200,A_baseline,5,5,false,12,0,false,0,0,0,0,0.27,0.4037475789122888,0,0.0,0.0,3000
200,A_baseline,5,5,false,13,0,false,1172,1111,0,0,0.0,0.9999999999999999,0,0.0,0.0,3000
200,A_baseline,5,5,false,14,0,false,526,524,0,0,1.0,0.9999999999999999,0,0.0,0.0,3000
200,A_baseline,5,5,false,15,0,false,0,0,0,0,0.505,0.24101746795765785,0,0.0,0.0,3000
200,A_baseline,5,5,false,16,0,false,1197,1198,0,0,0.0,0.9999999999999999,0,0.0,0.0,3000
200,A_baseline,5,5,false,17,0,false,0,0,0,0,0.285,0.45278091668343395,0,0.0,0.0,3000
200,A_baseline,5,5,false,18,0,false,848,848,0,0,0.0,0.9999999999999999,0,0.0,0.0,3000
200,A_baseline,5,5,false,19,0,false,1271,1285,0,0,0.0,0.9999999999999999,0,0.0,0.0,3000
200,A_baseline,5,5,false,20,0,false,703,702,0,0,1.0,0.9999999999999999,0,0.0,0.0,3000
200,A_baseline,5,5,false,21,0,false,2129,2125,0,0,1.0,0.9999999252849618,0,0.0,0.0,3000
200,A_baseline,5,5,false,22,0,false,2017,2017,0,0,0.0,0.9999999999999999,0,0.0,0.0,3000
200,A_baseline,5,5,false,23,0,false,0,0,0,0,0.72,0.4681662268188706,0,0.0,0.0,3000
200,A_baseline,5,5,false,24,0,false,1326,1281,0,0,0.0,0.9999999999999999,0,0.0,0.0,3000
200,A_baseline,5,5,false,25,0,false,1472,1414,0,0,0.0,0.9999999999999999,0,0.0,0.0,3000
200,A_baseline,5,5,false,26,0,false,0,0,0,0,0.375,0.3481874444012887,0,0.0,0.0,3000
200,A_baseline,5,5,false,27,0,false,0,0,0,0,0.225,0.4926354527349065,0,0.0,0.0,3000
200,A_baseline,5,5,false,28,0,false,2939,2877,0,0,0.02,0.9163646926163805,0,0.0,0.0,3000
200,A_baseline,5,5,false,29,0,false,2490,2508,0,0,0.535,0.2460226058489049,0,0.0,0.0,3000
200,A_baseline,5,5,false,30,0,false,2898,2898,0,0,0.9,0.7336241877219928,0,0.0,0.0,3000
200,B_lockin_only,2,6,false,1,0,false,65,65,0,0,0.0,0.9999999999999999,0,0.0,0.0,3000
200,B_lockin_only,2,6,false,2,0,false,106,100,0,0,0.0,0.9999999999999999,0,0.0,0.0,3000
200,B_lockin_only,2,6,false,3,0,false,94,93,0,0,0.0,0.9999999999999999,0,0.0,0.0,3000
200,B_lockin_only,2,6,false,4,0,false,107,78,0,0,0.0,0.9999999999999999,0,0.0,0.0,3000
200,B_lockin_only,2,6,false,5,0,false,79,78,0,0,0.0,0.9999999999999999,0,0.0,0.0,3000
200,B_lockin_only,2,6,false,6,0,false,100,99,0,0,0.0,0.9999999999999999,0,0.0,0.0,3000
200,B_lockin_only,2,6,false,7,0,false,82,78,0,0,1.0,0.9999999999999999,0,0.0,0.0,3000
200,B_lockin_only,2,6,false,8,0,false,167,160,0,0,0.0,0.9999999999999999,0,0.0,0.0,3000
200,B_lockin_only,2,6,false,9,0,false,137,140,0,0,1.0,0.9999999999999999,0,0.0,0.0,3000
200,B_lockin_only,2,6,false,10,0,false,135,135,0,0,0.0,0.9999999999999999,0,0.0,0.0,3000
200,B_lockin_only,2,6,false,11,0,false,119,81,0,0,0.0,0.9999999999999999,0,0.0,0.0,3000
200,B_lockin_only,2,6,false,12,0,false,124,124,0,0,1.0,0.9999999999999999,0,0.0,0.0,3000
200,B_lockin_only,2,6,false,13,0,false,80,76,0,0,1.0,0.9999999999999999,0,0.0,0.0,3000
200,B_lockin_only,2,6,false,14,0,false,98,91,0,0,1.0,0.9999999999999999,0,0.0,0.0,3000
200,B_lockin_only,2,6,false,15,0,false,178,174,0,0,0.0,0.9999999999999999,0,0.0,0.0,3000
200,B_lockin_only,2,6,false,16,0,false,82,67,0,0,0.0,0.9999999999999999,0,0.0,0.0,3000
200,B_lockin_only,2,6,false,17,0,false,127,126,0,0,1.0,0.9999999999999999,0,0.0,0.0,3000
200,B_lockin_only,2,6,false,18,0,false,80,82,0,0,1.0,0.9999999986751608,0,0.0,0.0,3000
200,B_lockin_only,2,6,false,19,0,false,215,214,0,0,0.0,0.9999999999999999,0,0.0,0.0,3000
200,B_lockin_only,2,6,false,20,0,false,172,174,0,0,1.0,0.9999999999999999,0,0.0,0.0,3000
200,B_lockin_only,2,6,false,21,0,false,98,94,0,0,1.0,0.9999999999318961,0,0.0,0.0,3000
200,B_lockin_only,2,6,false,22,0,false,100,100,0,0,1.0,0.9999999999999999,0,0.0,0.0,3000
200,B_lockin_only,2,6,false,23,0,false,82,82,0,0,0.0,0.9999999999999999,0,0.0,0.0,3000
200,B_lockin_only,2,6,false,24,0,false,129,125,0,0,1.0,0.9999999999999999,0,0.0,0.0,3000
200,B_lockin_only,2,6,false,25,0,false,118,121,0,0,0.0,0.9999999999999999,0,0.0,0.0,3000
200,B_lockin_only,2,6,false,26,0,false,57,57,0,0,1.0,0.9999999999999999,0,0.0,0.0,3000
200,B_lockin_only,2,6,false,27,0,false,122,68,0,0,1.0,0.9999999999999999,0,0.0,0.0,3000
200,B_lockin_only,2,6,false,28,0,false,134,134,0,0,0.0,0.9999999999999999,0,0.0,0.0,3000
200,B_lockin_only,2,6,false,29,0,false,144,131,0,0,1.0,0.9999999999999999,0,0.0,0.0,3000
200,B_lockin_only,2,6,false,30,0,false,135,131,0,0,0.0,0.9999999999999999,0,0.0,0.0,3000
200,C_normative_only,5,5,true,1,117,true,68,66,67,68,1.0,0.9977336008134385,200,0.730673027366734,1.0,117
200,C_normative_only,5,5,true,2,102,true,34,36,53,53,0.0,0.9995275584281775,196,0.8340986957392073,0.98,102
200,C_normative_only,5,5,true,3,107,true,55,55,58,58,1.0,0.9984208683664632,199,0.7459388581576972,0.995,107
200,C_normative_only,5,5,true,4,113,true,62,62,64,64,1.0,0.9976140309836904,200,0.7172397881433409,1.0,113
200,C_normative_only,5,5,true,5,100,true,38,38,51,51,0.0,0.9993548495726771,197,0.8424764203691303,0.985,100
200,C_normative_only,5,5,true,6,104,true,34,35,55,55,0.0,0.9996759527897274,195,0.8443210658750349,0.975,104
200,C_normative_only,5,5,true,7,120,true,68,66,66,68,1.0,0.9982047597606263,199,0.706492611238895,0.995,120
200,C_normative_only,5,5,true,8,98,true,35,35,49,49,1.0,0.9993373247377236,195,0.8534752669623447,0.975,98
200,C_normative_only,5,5,true,9,112,true,58,56,63,63,1.0,0.9983029074622728,200,0.7400877051844695,1.0,112
200,C_normative_only,5,5,true,10,117,true,66,66,66,66,0.0,0.9965752325922108,199,0.7298777183428093,0.995,117
200,C_normative_only,5,5,true,11,81,true,29,31,31,32,0.0,0.9975742865407946,197,0.8436464483779544,0.985,81
200,C_normative_only,5,5,true,12,104,true,42,41,55,55,0.0,0.99928870313548,196,0.8175363328993378,0.98,104
200,C_normative_only,5,5,true,13,78,true,27,27,26,27,1.0,0.9979045717534877,198,0.8507365595555264,0.99,78
200,C_normative_only,5,5,true,14,103,true,39,39,54,54,0.0,0.9994522114456191,199,0.8297803486698386,0.995,103
200,C_normative_only,5,5,true,15,110,true,45,44,61,61,1.0,0.9995278792880455,198,0.8004895291866381,0.99,110
200,C_normative_only,5,5,true,16,110,true,57,57,60,61,0.0,0.9982346877116148,200,0.7307910919362886,1.0,110
200,C_normative_only,5,5,true,17,97,true,31,33,48,48,0.0,0.9994435854355723,197,0.8533970659567734,0.985,97
200,C_normative_only,5,5,true,18,107,true,40,40,58,58,1.0,0.9995659392719131,196,0.8282945770363721,0.98,107
200,C_normative_only,5,5,true,19,104,true,40,40,55,55,0.0,0.9994689252425204,196,0.832596139731561,0.98,104
200,C_normative_only,5,5,true,20,98,true,34,34,49,49,1.0,0.999425511141371,198,0.8530697334925303,0.99,98
200,C_normative_only,5,5,true,21,95,true,37,37,46,46,0.0,0.9988822774496359,195,0.8442973971667928,0.975,95
200,C_normative_only,5,5,true,22,129,true,80,80,78,80,1.0,0.9976771450141468,199,0.7809243851164587,0.995,129
200,C_normative_only,5,5,true,23,86,true,36,35,37,37,0.0,0.9977503429515082,195,0.8376127268723583,0.975,86
200,C_normative_only,5,5,true,24,101,true,39,39,52,52,1.0,0.9993392564367157,194,0.8416459608036956,0.97,101
200,C_normative_only,5,5,true,25,106,true,43,43,57,57,1.0,0.9993582940120734,195,0.815983023951758,0.975,106
200,C_normative_only,5,5,true,26,125,true,76,76,76,76,0.0,0.9974517592445021,199,0.7448105878885245,0.995,125
200,C_normative_only,5,5,true,27,132,true,81,81,82,83,0.0,0.9978156028037831,198,0.776134220094926,0.99,132
200,C_normative_only,5,5,true,28,107,true,47,46,58,58,0.0,0.999218759557358,193,0.7802993239240573,0.965,107
200,C_normative_only,5,5,true,29,103,true,41,41,54,54,1.0,0.9993232520651694,192,0.8157964706713413,0.96,103
200,C_normative_only,5,5,true,30,131,true,82,82,80,82,0.0,0.9970517052603958,200,0.7775510640324083,1.0,131
200,D_full_model,2,6,true,1,108,true,45,47,59,59,1.0,0.99919587943147,198,0.780751810694708,0.99,108
200,D_full_model,2,6,true,2,101,true,44,46,52,52,0.0,0.9986505550884225,199,0.8088524214685829,0.995,101
200,D_full_model,2,6,true,3,79,true,30,29,29,30,1.0,0.9976050947123746,197,0.8493220325971003,0.985,79
200,D_full_model,2,6,true,4,101,true,42,42,52,52,1.0,0.9990660076572219,197,0.8190071379593202,0.985,101
200,D_full_model,2,6,true,5,116,true,67,67,67,67,0.0,0.9974219878846731,199,0.760057416587047,0.995,116
200,D_full_model,2,6,true,6,78,true,27,27,29,29,1.0,0.9979920003814796,197,0.8503788978704091,0.985,78
200,D_full_model,2,6,true,7,99,true,37,37,50,50,1.0,0.9993446853782298,198,0.850650490265787,0.99,99
200,D_full_model,2,6,true,8,81,true,28,28,32,32,1.0,0.9979452503538639,198,0.8502475442006234,0.99,81
200,D_full_model,2,6,true,9,105,true,40,39,56,56,1.0,0.9995929962746196,197,0.8392936273686222,0.985,105
200,D_full_model,2,6,true,10,96,true,30,31,47,47,1.0,0.9994892220399162,198,0.8551020109756814,0.99,96
200,D_full_model,2,6,true,11,100,true,35,35,51,51,0.0,0.9994793972811796,195,0.8520790177479752,0.975,100
200,D_full_model,2,6,true,12,88,true,32,32,39,39,0.0,0.9987167054816061,197,0.8457673813163684,0.985,88
200,D_full_model,2,6,true,13,113,true,57,57,64,64,1.0,0.9982981355339057,198,0.7381202483146458,0.99,113
200,D_full_model,2,6,true,14,106,true,38,38,57,57,1.0,0.9995292428422143,195,0.8355509118978939,0.975,106
200,D_full_model,2,6,true,15,75,true,24,26,25,26,0.0,0.9976018181117914,196,0.8467604376510053,0.98,75
200,D_full_model,2,6,true,16,98,true,33,33,49,49,0.0,0.9994895410589861,194,0.8572750324479245,0.97,98
200,D_full_model,2,6,true,17,94,true,32,32,45,45,0.0,0.9992872788064185,196,0.8510981890355729,0.98,94
200,D_full_model,2,6,true,18,76,true,26,25,27,27,0.0,0.997723319034138,197,0.8488825703430487,0.985,76
200,D_full_model,2,6,true,19,107,true,47,47,58,58,0.0,0.9991763329461424,200,0.7988453944650478,1.0,107
200,D_full_model,2,6,true,20,108,true,39,39,59,59,1.0,0.9996604661010865,195,0.8383116898182233,0.975,108
200,D_full_model,2,6,true,21,101,true,35,35,52,52,1.0,0.9993786169521628,198,0.8415622260465999,0.99,101
200,D_full_model,2,6,true,22,104,true,36,36,55,55,0.0,0.9995628025018458,196,0.8498917913303098,0.98,104
200,D_full_model,2,6,true,23,107,true,43,42,58,58,0.0,0.9994557754397462,194,0.8031100125032424,0.97,107
200,D_full_model,2,6,true,24,109,true,49,48,60,60,1.0,0.9992331192666678,197,0.7687404380035477,0.985,109
200,D_full_model,2,6,true,25,72,true,22,22,23,23,1.0,0.9976007098690122,197,0.8479654179154638,0.985,72
200,D_full_model,2,6,true,26,111,true,48,48,62,62,1.0,0.9994704744246721,197,0.7933629692808744,0.985,111
200,D_full_model,2,6,true,27,84,true,32,32,35,35,0.0,0.9982055884639067,197,0.8493487520759702,0.985,84
200,D_full_model,2,6,true,28,81,true,27,27,32,32,0.0,0.9982600521484974,197,0.8511157566960865,0.985,81
200,D_full_model,2,6,true,29,82,true,32,32,33,33,1.0,0.9978877795833401,198,0.8459354987631972,0.99,82
200,D_full_model,2,6,true,30,103,true,34,34,54,54,1.0,0.9995934916292241,195,0.8467701956407392,0.975,103
500,A_baseline,5,5,false,1,0,false,1885,1858,0,0,0.988,0.9378891538591403,0,0.0,0.0,3000
500,A_baseline,5,5,false,2,0,false,2107,2102,0,0,0.0,0.9999999999999999,0,0.0,0.0,3000
500,A_baseline,5,5,false,3,0,false,0,0,0,0,0.362,0.3039974584041552,0,0.0,0.0,3000
500,A_baseline,5,5,false,4,0,false,0,0,0,0,0.592,0.26743475543966466,0,0.0,0.0,3000
500,A_baseline,5,5,false,5,0,false,0,0,0,0,0.292,0.400385125171657,0,0.0,0.0,3000
500,A_baseline,5,5,false,6,0,false,1853,1641,0,0,1.0,0.9999999999999999,0,0.0,0.0,3000
500,A_baseline,5,5,false,7,0,false,2245,2237,0,0,0.002,0.9939026142279183,0,0.0,0.0,3000
500,A_baseline,5,5,false,8,0,false,0,0,0,0,0.256,0.4560707906453692,0,0.0,0.0,3000
500,A_baseline,5,5,false,9,0,false,0,0,0,0,0.716,0.3746749805757233,0,0.0,0.0,3000
500,A_baseline,5,5,false,10,0,false,0,0,0,0,0.584,0.2770481982740644,0,0.0,0.0,3000
500,A_baseline,5,5,false,11,0,false,0,0,0,0,0.362,0.2828074200590965,0,0.0,0.0,3000
500,A_baseline,5,5,false,12,0,false,2936,2930,0,0,0.036,0.8950693005031489,0,0.0,0.0,3000
500,A_baseline,5,5,false,13,0,false,2259,2246,0,0,0.036,0.9104932059508661,0,0.0,0.0,3000
500,A_baseline,5,5,false,14,0,false,0,0,0,0,0.492,0.2545872007678874,0,0.0,0.0,3000
500,A_baseline,5,5,false,15,0,false,1466,1461,0,0,0.226,0.4883564747107301,0,0.0,0.0,3000
500,A_baseline,5,5,false,16,0,false,0,0,0,0,0.19,0.5505120434876806,0,0.0,0.0,3000
500,A_baseline,5,5,false,17,0,false,0,2980,0,0,0.084,0.7850194731674561,0,0.0,0.0,3000
500,A_baseline,5,5,false,18,0,false,1248,1117,0,0,1.0,0.9999999999999999,0,0.0,0.0,3000
500,A_baseline,5,5,false,19,0,false,0,0,0,0,0.458,0.24863013405669654,0,0.0,0.0,3000
500,A_baseline,5,5,false,20,0,false,2002,1986,0,0,0.0,0.999999999955537,0,0.0,0.0,3000
500,A_baseline,5,5,false,21,0,false,0,0,0,0,0.44,0.2656379529339873,0,0.0,0.0,3000
500,A_baseline,5,5,false,22,0,false,0,0,0,0,0.424,0.27726215778430713,0,0.0,0.0,3000
500,A_baseline,5,5,false,23,0,false,778,672,0,0,0.256,0.4675490870959681,0,0.0,0.0,3000
500,A_baseline,5,5,false,24,0,false,0,0,0,0,0.738,0.4092722739017124,0,0.0,0.0,3000
500,A_baseline,5,5,false,25,0,false,0,0,0,0,0.34,0.36024447574136625,0,0.0,0.0,3000
500,A_baseline,5,5,false,26,0,false,1495,1490,0,0,0.392,0.2860865655905419,0,0.0,0.0,3000
500,A_baseline,5,5,false,27,0,false,0,0,0,0,0.664,0.32481835304225515,0,0.0,0.0,3000
500,A_baseline,5,5,false,28,0,false,0,0,0,0,0.334,0.3155074532397822,0,0.0,0.0,3000
500,A_baseline,5,5,false,29,0,false,2022,1942,0,0,1.0,0.9999999999999999,0,0.0,0.0,3000
500,A_baseline,5,5,false,30,0,false,0,0,0,0,0.602,0.3031696950608513,0,0.0,0.0,3000
500,B_lockin_only,2,6,false,1,0,false,87,84,0,0,0.922,0.8296533698804258,0,0.0,0.0,3000
500,B_lockin_only,2,6,false,2,0,false,117,116,0,0,0.972,0.8715820482873988,0,0.0,0.0,3000
500,B_lockin_only,2,6,false,3,0,false,109,109,0,0,0.114,0.6997070101963103,0,0.0,0.0,3000
500,B_lockin_only,2,6,false,4,0,false,138,138,0,0,0.972,0.888866949747348,0,0.0,0.0,3000
500,B_lockin_only,2,6,false,5,0,false,116,109,0,0,0.908,0.7835481665695345,0,0.0,0.0,3000
500,B_lockin_only,2,6,false,6,0,false,125,104,0,0,0.964,0.9085362983074426,0,0.0,0.0,3000
500,B_lockin_only,2,6,false,7,0,false,127,121,0,0,0.918,0.833199584882791,0,0.0,0.0,3000
500,B_lockin_only,2,6,false,8,0,false,146,141,0,0,0.062,0.8397203147856771,0,0.0,0.0,3000
500,B_lockin_only,2,6,false,9,0,false,180,180,0,0,0.062,0.8031725862449234,0,0.0,0.0,3000
500,B_lockin_only,2,6,false,10,0,false,124,117,0,0,0.946,0.8507132564888763,0,0.0,0.0,3000
500,B_lockin_only,2,6,false,11,0,false,102,98,0,0,0.916,0.8429881953482291,0,0.0,0.0,3000
500,B_lockin_only,2,6,false,12,0,false,133,130,0,0,0.07,0.8094355463547915,0,0.0,0.0,3000
500,B_lockin_only,2,6,false,13,0,false,135,126,0,0,0.94,0.8279642361306332,0,0.0,0.0,3000
500,B_lockin_only,2,6,false,14,0,false,87,83,0,0,0.028,0.8882701671275135,0,0.0,0.0,3000
500,B_lockin_only,2,6,false,15,0,false,187,166,0,0,0.062,0.8304044323887138,0,0.0,0.0,3000
500,B_lockin_only,2,6,false,16,0,false,114,105,0,0,0.946,0.8552291714287078,0,0.0,0.0,3000
500,B_lockin_only,2,6,false,17,0,false,151,146,0,0,0.064,0.8430819772373332,0,0.0,0.0,3000
500,B_lockin_only,2,6,false,18,0,false,156,138,0,0,0.962,0.8360770087627762,0,0.0,0.0,3000
500,B_lockin_only,2,6,false,19,0,false,181,144,0,0,0.082,0.8119926164812179,0,0.0,0.0,3000
500,B_lockin_only,2,6,false,20,0,false,202,180,0,0,0.96,0.8874929596878048,0,0.0,0.0,3000
500,B_lockin_only,2,6,false,21,0,false,218,199,0,0,0.948,0.8658197006773216,0,0.0,0.0,3000
500,B_lockin_only,2,6,false,22,0,false,99,84,0,0,0.924,0.7839331546053313,0,0.0,0.0,3000
500,B_lockin_only,2,6,false,23,0,false,99,92,0,0,0.052,0.8688404951601867,0,0.0,0.0,3000
500,B_lockin_only,2,6,false,24,0,false,142,138,0,0,0.088,0.7665515663928295,0,0.0,0.0,3000
500,B_lockin_only,2,6,false,25,0,false,135,91,0,0,0.054,0.8583308682292666,0,0.0,0.0,3000
500,B_lockin_only,2,6,false,26,0,false,117,117,0,0,0.934,0.8158776290234186,0,0.0,0.0,3000
500,B_lockin_only,2,6,false,27,0,false,122,113,0,0,0.048,0.8056426327336224,0,0.0,0.0,3000
500,B_lockin_only,2,6,false,28,0,false,179,135,0,0,0.066,0.8024232637833244,0,0.0,0.0,3000
500,B_lockin_only,2,6,false,29,0,false,144,120,0,0,0.046,0.8822986234368949,0,0.0,0.0,3000
500,B_lockin_only,2,6,false,30,0,false,164,138,0,0,0.966,0.8756495781613702,0,0.0,0.0,3000
500,C_normative_only,5,5,true,1,127,true,78,78,77,78,1.0,0.9974957966928198,498,0.7483929671678244,0.996,127
500,C_normative_only,5,5,true,2,98,true,39,37,49,49,0.0,0.9991940409342731,493,0.8400713127415229,0.986,98
500,C_normative_only,5,5,true,3,109,true,56,54,60,60,0.0,0.9983831523823087,498,0.7591989047561976,0.996,109
500,C_normative_only,5,5,true,4,106,true,44,44,57,57,1.0,0.999358924202742,485,0.8171859630939969,0.97,106
500,C_normative_only,5,5,true,5,105,true,41,41,56,56,1.0,0.9993137897280989,492,0.8289364904616328,0.984,105
500,C_normative_only,5,5,true,6,107,true,51,50,58,58,1.0,0.9988838481015994,496,0.775514445589775,0.992,107
500,C_normative_only,5,5,true,7,105,true,45,44,56,56,0.0,0.9992662113360679,493,0.8112829748139294,0.986,105
500,C_normative_only,5,5,true,8,124,true,75,74,73,75,0.0,0.9976191471002117,495,0.7219225429766456,0.99,124
500,C_normative_only,5,5,true,9,108,true,49,49,59,59,0.0,0.999024334736841,492,0.7888315914477555,0.984,108
500,C_normative_only,5,5,true,10,116,true,67,65,66,67,1.0,0.9976279269775435,495,0.7239114118302571,0.99,116
500,C_normative_only,5,5,true,11,107,true,50,50,58,58,0.0,0.9989127808113626,493,0.7895867954505749,0.986,107
500,C_normative_only,5,5,true,12,107,true,48,47,58,58,1.0,0.9991458320330122,499,0.7846029976688597,0.998,107
500,C_normative_only,5,5,true,13,99,true,37,37,50,50,0.0,0.9993254850905149,488,0.8464193822307591,0.976,99
500,C_normative_only,5,5,true,14,104,true,40,40,55,55,0.0,0.9992952098237596,490,0.8245946268436506,0.98,104
500,C_normative_only,5,5,true,15,107,true,51,50,58,58,1.0,0.9988352886269062,493,0.7723754215584941,0.986,107
500,C_normative_only,5,5,true,16,107,true,51,51,58,58,1.0,0.9985876975409337,497,0.769604404517508,0.994,107
500,C_normative_only,5,5,true,17,110,true,46,48,61,61,0.0,0.9993391604857557,486,0.7927687698749929,0.972,110
500,C_normative_only,5,5,true,18,105,true,39,39,56,56,0.0,0.9995558632603698,490,0.8384509401358797,0.98,105
500,C_normative_only,5,5,true,19,120,true,71,71,70,71,1.0,0.9976991905933589,497,0.7330365299519027,0.994,120
500,C_normative_only,5,5,true,20,108,true,53,52,59,59,1.0,0.9985765182801819,494,0.765442715451343,0.988,108
500,C_normative_only,5,5,true,21,112,true,58,56,63,63,0.0,0.9976431592575147,496,0.7466870127070423,0.992,112
500,C_normative_only,5,5,true,22,108,true,48,48,59,59,1.0,0.9991689931960533,492,0.7943183715676378,0.984,108
500,C_normative_only,5,5,true,23,105,true,39,38,56,56,1.0,0.9995478373821527,485,0.8409310294106749,0.97,105
500,C_normative_only,5,5,true,24,108,true,48,47,59,59,1.0,0.9992227956422712,489,0.7941619842287084,0.978,108
500,C_normative_only,5,5,true,25,108,true,55,54,59,59,1.0,0.998578408370581,498,0.7591775769494595,0.996,108
500,C_normative_only,5,5,true,26,126,true,77,76,76,77,1.0,0.9976944380467115,499,0.7487702256839551,0.998,126
500,C_normative_only,5,5,true,27,129,true,78,79,78,80,1.0,0.997785599680649,499,0.7729079863073522,0.998,129
500,C_normative_only,5,5,true,28,106,true,43,41,57,57,0.0,0.9994594750210912,493,0.8222916920148928,0.986,106
500,C_normative_only,5,5,true,29,108,true,46,46,59,59,1.0,0.999314167104849,488,0.7863638806356638,0.976,108
500,C_normative_only,5,5,true,30,122,true,73,71,70,73,0.0,0.9980745119951572,499,0.7410236438947443,0.998,122
500,D_full_model,2,6,true,1,106,true,41,41,57,57,1.0,0.9993449526359932,494,0.807385402561442,0.988,106
500,D_full_model,2,6,true,2,105,true,40,40,56,56,0.0,0.9994346352432937,490,0.8281865503196453,0.98,105
500,D_full_model,2,6,true,3,105,true,43,43,56,56,0.0,0.9993660403794044,492,0.8111172174929828,0.984,105
500,D_full_model,2,6,true,4,81,true,29,29,32,32,0.0,0.9978356037486937,497,0.8488574249391984,0.994,81
500,D_full_model,2,6,true,5,102,true,38,38,53,53,0.0,0.9994409600722824,492,0.8331266640433778,0.984,102
500,D_full_model,2,6,true,6,100,true,39,37,51,51,1.0,0.9993773451660823,493,0.8503662783120709,0.986,100
500,D_full_model,2,6,true,7,106,true,43,42,57,57,1.0,0.9992630804203568,490,0.8120457458167817,0.98,106
500,D_full_model,2,6,true,8,96,true,32,32,47,47,0.0,0.9994370942175238,488,0.8534960583163513,0.976,96
500,D_full_model,2,6,true,9,148,true,89,89,99,99,1.0,0.999019708218462,492,0.8128963548643477,0.984,148
500,D_full_model,2,6,true,10,102,true,43,42,53,53,0.0,0.999157896360178,494,0.8164367109237527,0.988,102
500,D_full_model,2,6,true,11,105,true,42,42,56,56,1.0,0.9993224952308271,492,0.8094192062873357,0.984,105
500,D_full_model,2,6,true,12,102,true,36,36,53,53,1.0,0.9995220513995424,489,0.8442080748744242,0.978,102
500,D_full_model,2,6,true,13,95,true,31,31,46,46,1.0,0.999300511476529,492,0.8562812980936396,0.984,95
500,D_full_model,2,6,true,14,102,true,36,36,53,53,0.0,0.9994958553118154,495,0.8440998331977286,0.99,102
500,D_full_model,2,6,true,15,109,true,47,47,60,60,1.0,0.9992704881581274,492,0.778460794668509,0.984,109
500,D_full_model,2,6,true,16,102,true,35,35,53,53,0.0,0.999586579818693,491,0.8520753798536966,0.982,102
500,D_full_model,2,6,true,17,105,true,41,40,56,56,1.0,0.9995214887123438,493,0.8293039277505603,0.986,105
500,D_full_model,2,6,true,18,111,true,57,57,62,62,1.0,0.9983562212232848,499,0.7276124830272975,0.998,111
500,D_full_model,2,6,true,19,112,true,57,57,63,63,1.0,0.9985239622127646,498,0.7309744010911962,0.996,112
500,D_full_model,2,6,true,20,103,true,39,39,54,54,1.0,0.9994214838377412,491,0.835424865388093,0.982,103
500,D_full_model,2,6,true,21,79,true,28,27,30,30,1.0,0.9976665010727086,494,0.8492055346355684,0.988,79
500,D_full_model,2,6,true,22,108,true,48,48,59,59,1.0,0.9990061840436223,495,0.7809304560778775,0.99,108
500,D_full_model,2,6,true,23,109,true,53,51,60,60,1.0,0.9988476890300452,498,0.7558915976056305,0.996,109
500,D_full_model,2,6,true,24,109,true,57,56,60,60,0.0,0.9983616814775702,494,0.7200333690701926,0.988,109
500,D_full_model,2,6,true,25,96,true,34,34,47,47,0.0,0.9993126721678894,491,0.8545889605736189,0.982,96
500,D_full_model,2,6,true,26,103,true,41,41,54,54,1.0,0.9992847306146949,487,0.8128909352375968,0.974,103
500,D_full_model,2,6,true,27,107,true,47,47,58,58,0.0,0.9990607217898843,494,0.7817193578204888,0.988,107
500,D_full_model,2,6,true,28,121,true,69,69,72,72,0.0,0.9980053627994074,498,0.7534043903492372,0.996,121
500,D_full_model,2,6,true,29,130,true,78,78,81,81,0.0,0.9979072190081386,495,0.7931258958954448,0.99,130
500,D_full_model,2,6,true,30,103,true,39,38,54,54,0.0,0.9994246723106236,489,0.8401840801767939,0.978,103
