theta_crystal,condition,trial,convergence_tick,converged,first_tick_behavioral,first_tick_belief,first_tick_crystal,first_tick_all_met,final_fraction_A,final_mean_confidence,final_num_crystallised,final_mean_norm_strength,final_frac_dominant_norm,total_ticks
0.5,A_baseline,1,0,false,1457,1457,0,0,1.0,0.9999999999999999,0,0.0,0.0,3000
0.5,A_baseline,2,0,false,611,1422,0,0,1.0,0.9999999999999999,0,0.0,0.0,3000
0.5,A_baseline,3,0,false,580,605,0,0,1.0,0.9999999999999999,0,0.0,0.0,3000
0.5,A_baseline,4,0,false,163,199,0,0,1.0,0.9999999999999999,0,0.0,0.0,3000
0.5,A_baseline,5,0,false,638,792,0,0,1.0,0.9999999999999999,0,0.0,0.0,3000
0.5,A_baseline,6,0,false,1005,1004,0,0,0.86,0.6995380797630087,0,0.0,0.0,3000
0.5,A_baseline,7,0,false,1227,182,0,0,0.0,0.9999999999999999,0,0.0,0.0,3000
0.5,A_baseline,8,0,false,1426,1426,0,0,1.0,0.9999999999999999,0,0.0,0.0,3000
0.5,A_baseline,9,0,false,692,651,0,0,1.0,0.9999999999999999,0,0.0,0.0,3000
0.5,A_baseline,10,0,false,901,899,0,0,1.0,0.9999999999999999,0,0.0,0.0,3000
0.5,A_baseline,11,0,false,368,368,0,0,1.0,0.9999999999999999,0,0.0,0.0,3000
0.5,A_baseline,12,0,false,522,353,0,0,0.0,0.9999999999999999,0,0.0,0.0,3000
0.5,A_baseline,13,0,false,245,343,0,0,1.0,0.9999999999999999,0,0.0,0.0,3000
0.5,A_baseline,14,0,false,158,162,0,0,0.0,0.9999999999999999,0,0.0,0.0,3000
0.5,A_baseline,15,0,false,399,399,0,0,1.0,0.9999999999999999,0,0.0,0.0,3000
0.5,A_baseline,16,0,false,148,1670,0,0,0.21,0.5186867671505123,0,0.0,0.0,3000
0.5,A_baseline,17,0,false,1068,1068,0,0,0.0,0.9999999999999999,0,0.0,0.0,3000
0.5,A_baseline,18,0,false,519,533,0,0,0.98,0.9296145288140584,0,0.0,0.0,3000
0.5,A_baseline,19,0,false,2189,2099,0,0,1.0,0.9999999999999999,0,0.0,0.0,3000
0.5,A_baseline,20,0,false,685,685,0,0,0.0,0.9999999999999999,0,0.0,0.0,3000
0.5,A_baseline,21,0,false,349,352,0,0,1.0,0.9999999999999999,0,0.0,0.0,3000
0.5,A_baseline,22,0,false,1334,1332,0,0,1.0,0.9999999999999999,0,0.0,0.0,3000
0.5,A_baseline,23,0,false,0,0,0,0,0.54,0.2823032018481471,0,0.0,0.0,3000
0.5,A_baseline,24,0,false,245,245,0,0,1.0,0.9999999999999999,0,0.0,0.0,3000
0.5,A_baseline,25,0,false,611,676,0,0,0.0,0.9999999999999999,0,0.0,0.0,3000
0.5,A_baseline,26,0,false,791,675,0,0,1.0,0.9999999999999999,0,0.0,0.0,3000
0.5,A_baseline,27,0,false,338,255,0,0,1.0,0.9999999999999999,0,0.0,0.0,3000
0.5,A_baseline,28,0,false,837,837,0,0,0.0,0.9999999999999999,0,0.0,0.0,3000
0.5,A_baseline,29,0,false,1710,1710,0,0,1.0,0.9999999999999999,0,0.0,0.0,3000
0.5,A_baseline,30,0,false,1338,1338,0,0,0.0,0.9999999999999999,0,0.0,0.0,3000
0.5,C_normative_only,1,85,true,25,25,30,30,1.0,0.9983634619576638,100,0.8500005477003271,1.0,85
0.5,C_normative_only,2,100,true,48,48,36,48,0.0,0.998099801628888,100,0.6757248250834307,1.0,100
0.5,C_normative_only,3,110,true,55,57,60,61,0.0,0.9976757515961495,100,0.7189478431254841,1.0,110
0.5,C_normative_only,4,156,true,105,105,99,105,0.0,0.997732244306421,100,0.6736923892034787,1.0,156
0.5,C_normative_only,5,133,true,73,73,72,73,0.0,0.9973059335031459,100,0.7247921440852803,1.0,133
0.5,C_normative_only,6,123,true,70,70,72,72,0.0,0.99732529872757,100,0.7736678405629844,1.0,123
0.5,C_normative_only,7,120,true,64,64,66,66,0.0,0.9970841721360607,100,0.7647099290335553,1.0,120
0.5,C_normative_only,8,165,true,116,116,114,116,0.0,0.9975050376873266,100,0.7493268322548637,1.0,165
0.5,C_normative_only,9,180,true,131,127,121,131,1.0,0.9977873993716385,100,0.7182006462021913,1.0,180
0.5,C_normative_only,10,112,true,61,61,56,61,0.0,0.9978458474036845,100,0.6619441455508179,1.0,112
0.5,C_normative_only,11,140,true,82,85,77,85,1.0,0.9984935238744599,100,0.7331341200241681,1.0,140
0.5,C_normative_only,12,162,true,101,101,97,101,0.0,0.9946842755605563,100,0.6588880997555596,1.0,162
0.5,C_normative_only,13,121,true,56,56,41,56,1.0,0.9984596668027667,100,0.6782219608599597,1.0,121
0.5,C_normative_only,14,137,true,81,83,78,83,0.0,0.9958510887241657,100,0.6614436694699529,1.0,137
0.5,C_normative_only,15,164,true,108,110,106,110,1.0,0.9983479888551328,100,0.7212547451541694,1.0,164
0.5,C_normative_only,16,114,true,60,62,63,63,0.0,0.9977517858542054,100,0.7238445480333375,1.0,114
0.5,C_normative_only,17,152,true,103,103,96,103,0.0,0.9961748888154301,100,0.676037703283971,1.0,152
0.5,C_normative_only,18,79,true,24,24,30,30,1.0,0.9984623621833241,100,0.8292775844898024,1.0,79
0.5,C_normative_only,19,103,true,51,51,37,51,1.0,0.997903843493562,100,0.6662796523544842,1.0,103
0.5,C_normative_only,20,144,true,90,93,83,95,1.0,0.997610524545519,100,0.659037119346249,1.0,144
0.5,C_normative_only,21,121,true,69,69,69,69,0.0,0.9981422506544346,100,0.7753727686141774,1.0,121
0.5,C_normative_only,22,119,true,65,65,70,70,1.0,0.998147589173234,100,0.7931000947057152,1.0,119
0.5,C_normative_only,23,139,true,86,86,80,86,0.0,0.9980597027484257,100,0.7443899024610345,1.0,139
0.5,C_normative_only,24,99,true,48,48,36,48,1.0,0.9949440599644257,100,0.646800259243204,1.0,99
0.5,C_normative_only,25,93,true,40,40,32,40,0.0,0.9978583018023222,100,0.7650815128923891,1.0,93
0.5,C_normative_only,26,130,true,81,78,67,81,1.0,0.9980551052833074,100,0.6871099163319311,1.0,130
0.5,C_normative_only,27,124,true,72,71,73,75,1.0,0.9977984482922395,100,0.768743679005777,1.0,124
0.5,C_normative_only,28,128,true,74,74,70,74,0.0,0.9975534318809689,100,0.7339417728488936,1.0,128
0.5,C_normative_only,29,130,true,76,76,76,76,1.0,0.9971038795756267,100,0.7354561403918961,1.0,130
0.5,C_normative_only,30,167,true,109,109,111,114,0.0,0.9976963891126687,100,0.7609854614420474,1.0,167
0.5,D_full_model,1,107,true,58,58,57,58,0.0,0.9979476054478874,100,0.6592766097147414,1.0,107
0.5,D_full_model,2,101,true,46,50,39,50,1.0,0.9960528825704386,100,0.6743496798097215,1.0,101
0.5,D_full_model,3,110,true,52,54,58,58,1.0,0.9977380374639631,100,0.6649400107149218,1.0,110
0.5,D_full_model,4,113,true,59,59,64,64,1.0,0.9950528736263939,100,0.7377440557863683,1.0,113
0.5,D_full_model,5,85,true,32,32,33,33,0.0,0.9980788279125602,100,0.7634838217826717,1.0,85
0.5,D_full_model,6,135,true,81,82,81,83,0.0,0.9980094195164741,100,0.7186518753687677,1.0,135
0.5,D_full_model,7,151,true,99,101,98,102,1.0,0.9980992415833734,100,0.6849756324667226,1.0,151
0.5,D_full_model,8,109,true,54,60,47,60,1.0,0.9979706219185168,100,0.6768061546508128,1.0,109
0.5,D_full_model,9,100,true,44,44,37,44,0.0,0.9982858928078443,100,0.6688412502932506,1.0,100
0.5,D_full_model,10,90,true,37,35,33,37,1.0,0.9978560812122329,100,0.7665583816934864,1.0,90
0.5,D_full_model,11,82,true,27,27,32,33,0.0,0.9981276097052039,100,0.8384945912463916,1.0,82
0.5,D_full_model,12,119,true,64,65,70,70,0.0,0.9984469922290485,100,0.7968753883253976,1.0,119
0.5,D_full_model,13,114,true,59,59,64,65,1.0,0.9977779096221766,100,0.709916621948113,1.0,114
0.5,D_full_model,14,121,true,71,72,70,72,0.0,0.9934568962228528,100,0.6865611085964116,1.0,121
0.5,D_full_model,15,80,true,29,29,31,31,1.0,0.9973474942693347,100,0.8157241696728768,1.0,80
0.5,D_full_model,16,114,true,65,65,59,65,0.0,0.9979276701901297,100,0.6814908844271984,1.0,114
0.5,D_full_model,17,85,true,32,36,33,36,1.0,0.9972910413002797,100,0.7651230994341526,1.0,85
0.5,D_full_model,18,202,true,151,150,153,153,1.0,0.9980454312507762,100,0.7625385565771678,1.0,202
0.5,D_full_model,19,103,true,51,51,54,54,1.0,0.9981638950171788,100,0.6596963128681673,1.0,103
0.5,D_full_model,20,111,true,57,57,62,62,0.0,0.997752471296153,100,0.7387711822283015,1.0,111
0.5,D_full_model,21,94,true,43,43,36,43,1.0,0.9976971373030821,100,0.6908605642851761,1.0,94
0.5,D_full_model,22,94,true,38,38,36,38,0.0,0.9980346180740536,100,0.6799285082296938,1.0,94
0.5,D_full_model,23,120,true,68,68,71,71,1.0,0.9978527497687933,100,0.7717864197808554,1.0,120
0.5,D_full_model,24,118,true,64,64,67,67,0.0,0.9974298362969816,100,0.7809397698249246,1.0,118
0.5,D_full_model,25,98,true,49,49,39,49,1.0,0.9979620580992813,100,0.6701470857553075,1.0,98
0.5,D_full_model,26,86,true,36,36,37,37,1.0,0.9974601541807285,100,0.7104599903795575,1.0,86
0.5,D_full_model,27,114,true,59,59,62,63,1.0,0.9983926898962511,100,0.7312750295369789,1.0,114
0.5,D_full_model,28,139,true,88,88,76,88,0.0,0.9983591713904536,100,0.7129911963935107,1.0,139
0.5,D_full_model,29,138,true,85,85,81,85,1.0,0.9979801782535734,100,0.6942070862789401,1.0,138
0.5,D_full_model,30,100,true,51,49,41,51,0.0,0.9946244630076905,100,0.6811526067053251,1.0,100
1.0,A_baseline,1,0,false,1450,1450,0,0,1.0,0.9999999999999999,0,0.0,0.0,3000
1.0,A_baseline,2,0,false,432,432,0,0,0.0,0.9999999999999999,0,0.0,0.0,3000
1.0,A_baseline,3,0,false,756,739,0,0,0.0,0.9999999999999999,0,0.0,0.0,3000
1.0,A_baseline,4,0,false,385,294,0,0,1.0,0.9999999999999999,0,0.0,0.0,3000
1.0,A_baseline,5,0,false,499,486,0,0,1.0,0.9999999999999999,0,0.0,0.0,3000
1.0,A_baseline,6,0,false,1262,951,0,0,1.0,0.9999999999996845,0,0.0,0.0,3000
1.0,A_baseline,7,0,false,587,591,0,0,0.0,0.9999999999999999,0,0.0,0.0,3000
1.0,A_baseline,8,0,false,1279,1380,0,0,0.0,0.9999999999999999,0,0.0,0.0,3000
1.0,A_baseline,9,0,false,556,563,0,0,0.0,0.9999999999999999,0,0.0,0.0,3000
1.0,A_baseline,10,0,false,910,910,0,0,0.93,0.893234793052959,0,0.0,0.0,3000
1.0,A_baseline,11,0,false,1042,1042,0,0,0.0,0.9999999999999999,0,0.0,0.0,3000
1.0,A_baseline,12,0,false,654,647,0,0,0.0,0.9999999999999999,0,0.0,0.0,3000
1.0,A_baseline,13,0,false,2491,2879,0,0,0.95,0.8325020246806888,0,0.0,0.0,3000
1.0,A_baseline,14,0,false,604,611,0,0,0.0,0.9999999999999999,0,0.0,0.0,3000
1.0,A_baseline,15,0,false,812,812,0,0,0.0,0.9999999999999999,0,0.0,0.0,3000
1.0,A_baseline,16,0,false,793,659,0,0,0.0,0.9999999999999999,0,0.0,0.0,3000
1.0,A_baseline,17,0,false,690,665,0,0,1.0,0.9999999999999999,0,0.0,0.0,3000
1.0,A_baseline,18,0,false,700,700,0,0,0.44,0.26738870858118335,0,0.0,0.0,3000
1.0,A_baseline,19,0,false,314,322,0,0,1.0,0.9999999999999999,0,0.0,0.0,3000
1.0,A_baseline,20,0,false,1364,1392,0,0,1.0,0.9999999999999999,0,0.0,0.0,3000
1.0,A_baseline,21,0,false,244,244,0,0,0.0,0.9999999999999999,0,0.0,0.0,3000
1.0,A_baseline,22,0,false,96,96,0,0,0.0,0.9999999999999999,0,0.0,0.0,3000
1.0,A_baseline,23,0,false,2991,0,0,0,0.1,0.6846521388793001,0,0.0,0.0,3000
1.0,A_baseline,24,0,false,1160,583,0,0,0.0,0.9999999999999999,0,0.0,0.0,3000
1.0,A_baseline,25,0,false,1753,1950,0,0,0.0,0.9999999999999999,0,0.0,0.0,3000
1.0,A_baseline,26,0,false,258,258,0,0,0.0,0.9999999999999999,0,0.0,0.0,3000
1.0,A_baseline,27,0,false,1184,1184,0,0,0.0,0.9999999999999999,0,0.0,0.0,3000
1.0,A_baseline,28,0,false,150,150,0,0,0.0,0.9999999999999999,0,0.0,0.0,3000
1.0,A_baseline,29,0,false,162,158,0,0,0.0,0.9999999999999999,0,0.0,0.0,3000
1.0,A_baseline,30,0,false,133,133,0,0,1.0,0.9999999999999999,0,0.0,0.0,3000
1.0,C_normative_only,1,116,true,65,62,52,65,1.0,0.9983782254457684,100,0.6890610894054991,1.0,116
1.0,C_normative_only,2,133,true,84,84,83,84,0.0,0.9961868072846234,100,0.7018737679315403,1.0,133
1.0,C_normative_only,3,135,true,81,81,85,86,1.0,0.997828058377968,100,0.7260173710123061,1.0,135
1.0,C_normative_only,4,92,true,39,39,40,40,0.0,0.9971808328461654,100,0.7049365775541999,1.0,92
1.0,C_normative_only,5,84,true,25,29,35,35,0.0,0.998517742282568,100,0.8310402432395085,1.0,84
1.0,C_normative_only,6,123,true,69,70,74,74,0.0,0.9984713183115598,100,0.7957187116507939,1.0,123
1.0,C_normative_only,7,118,true,61,61,46,62,1.0,0.9985623967848984,100,0.7031308510647887,1.0,118
1.0,C_normative_only,8,100,true,49,49,43,49,1.0,0.9973279810117535,100,0.650700070131833,1.0,100
1.0,C_normative_only,9,89,true,40,40,38,40,0.0,0.9980132844950675,100,0.7413029235343193,1.0,89
1.0,C_normative_only,10,138,true,80,80,81,84,1.0,0.9983680396009653,100,0.7234506936726448,1.0,138
1.0,C_normative_only,11,83,true,33,29,34,34,0.0,0.9980442206136014,100,0.8339219842618655,1.0,83
1.0,C_normative_only,12,91,true,42,42,38,42,1.0,0.9979817475343811,100,0.7174184113229751,1.0,91
1.0,C_normative_only,13,130,true,78,80,81,81,0.0,0.9972750490786259,100,0.7536638301370074,1.0,130
1.0,C_normative_only,14,89,true,38,38,37,38,0.0,0.9957466867928707,100,0.7333868775384768,1.0,89
1.0,C_normative_only,15,124,true,68,69,75,75,0.0,0.9985145511715834,100,0.808810273412508,1.0,124
1.0,C_normative_only,16,86,true,29,32,37,37,1.0,0.9983674962615631,100,0.8054561144837602,1.0,86
1.0,C_normative_only,17,82,true,27,27,33,33,1.0,0.9984121303279404,100,0.8517137569074721,1.0,82
1.0,C_normative_only,18,103,true,48,51,41,51,1.0,0.998059244804524,100,0.6488744331655064,1.0,103
1.0,C_normative_only,19,89,true,33,36,37,37,0.0,0.9982653523133227,100,0.7939718325674852,1.0,89
1.0,C_normative_only,20,100,true,46,46,41,46,1.0,0.9983425519621371,100,0.6619747447140005,1.0,100
1.0,C_normative_only,21,105,true,52,52,43,52,0.0,0.9966429139629709,100,0.6555522447849357,1.0,105
1.0,C_normative_only,22,93,true,39,39,39,39,0.0,0.9977563437129662,100,0.7205548890438824,1.0,93
1.0,C_normative_only,23,111,true,50,50,44,50,0.0,0.9978935468919086,100,0.6639073035809414,1.0,111
1.0,C_normative_only,24,113,true,56,59,46,59,1.0,0.9961224567052592,100,0.6822493011217123,1.0,113
1.0,C_normative_only,25,79,true,22,22,30,30,1.0,0.9986025435886926,100,0.8567338948502378,1.0,79
1.0,C_normative_only,26,125,true,73,73,76,76,1.0,0.9981854470123066,100,0.7501274279666421,1.0,125
1.0,C_normative_only,27,127,true,71,74,78,78,0.0,0.9981508906436726,100,0.784878522232194,1.0,127
1.0,C_normative_only,28,121,true,66,66,72,72,0.0,0.9984999520550282,100,0.7733333109944005,1.0,121
1.0,C_normative_only,29,103,true,50,50,42,50,0.0,0.9984198288569354,100,0.6812771263263225,1.0,103
1.0,C_normative_only,30,118,true,66,66,69,69,1.0,0.998361759820209,100,0.7586855118705255,1.0,118
1.0,D_full_model,1,93,true,44,44,41,44,1.0,0.9979884422398344,100,0.7172422333482613,1.0,93
1.0,D_full_model,2,85,true,33,33,36,36,0.0,0.9983557214348129,100,0.8222366441911615,1.0,85
1.0,D_full_model,3,81,true,22,24,32,32,0.0,0.9988084378109398,100,0.8526140224251751,1.0,81
1.0,D_full_model,4,124,true,65,65,73,73,0.0,0.998339684070103,100,0.794415722742661,1.0,124
1.0,D_full_model,5,104,true,53,55,47,55,0.0,0.9975712672931516,100,0.6776782664117766,1.0,104
1.0,D_full_model,6,86,true,34,34,37,37,0.0,0.9984998268433395,100,0.8185269179686812,1.0,86
1.0,D_full_model,7,121,true,65,66,72,72,1.0,0.9982821462831609,100,0.7998561138337474,1.0,121
1.0,D_full_model,8,85,true,30,30,36,36,0.0,0.9981938961472285,100,0.7961545637018957,1.0,85
1.0,D_full_model,9,100,true,49,49,43,49,1.0,0.9977144536396891,100,0.6766359985887859,1.0,100
1.0,D_full_model,10,104,true,55,55,46,55,1.0,0.9975287057652926,100,0.6759762457446358,1.0,104
1.0,D_full_model,11,83,true,26,28,34,34,0.0,0.9984950634852909,100,0.8336412667857803,1.0,83
1.0,D_full_model,12,99,true,45,45,40,45,1.0,0.9965045447898252,100,0.6683234689807194,1.0,99
1.0,D_full_model,13,90,true,38,38,38,38,1.0,0.9981203679951842,100,0.7414106154660864,1.0,90
1.0,D_full_model,14,83,true,25,25,34,34,0.0,0.9986600391362517,100,0.8430719489961601,1.0,83
1.0,D_full_model,15,97,true,40,46,41,48,0.0,0.9972681582272902,100,0.6547780343931966,1.0,97
1.0,D_full_model,16,85,true,30,30,36,36,1.0,0.9983755989391281,100,0.830427554278798,1.0,85
1.0,D_full_model,17,86,true,34,35,37,37,1.0,0.9979562404514307,100,0.7482310314758932,1.0,86
1.0,D_full_model,18,84,true,27,27,35,35,0.0,0.9985767126750446,100,0.8474808659559477,1.0,84
1.0,D_full_model,19,83,true,28,29,34,34,1.0,0.9983995199429502,100,0.8473567605832227,1.0,83
1.0,D_full_model,20,84,true,32,32,35,35,1.0,0.9980250606076123,100,0.8035842927387843,1.0,84
1.0,D_full_model,21,88,true,36,36,39,39,1.0,0.9982560761016966,100,0.7623795850632706,1.0,88
1.0,D_full_model,22,90,true,40,41,41,41,0.0,0.9977761408015015,100,0.7257884383664313,1.0,90
1.0,D_full_model,23,101,true,52,52,45,52,1.0,0.9970878909458893,100,0.6560747506147986,1.0,101
1.0,D_full_model,24,108,true,59,59,53,59,1.0,0.9964291108763915,100,0.7268068239755955,1.0,108
1.0,D_full_model,25,88,true,38,38,39,39,1.0,0.9977360805704388,100,0.6850249418772524,1.0,88
1.0,D_full_model,26,89,true,37,37,38,38,1.0,0.9981150556795154,100,0.7510755891736964,1.0,89
1.0,D_full_model,27,94,true,43,43,39,43,1.0,0.9979285557798545,100,0.671720363896857,1.0,94
1.0,D_full_model,28,104,true,55,55,54,55,0.0,0.9973887237909898,100,0.7145394705531338,1.0,104
1.0,D_full_model,29,126,true,70,71,77,77,1.0,0.9983351441898389,100,0.8083624334177618,1.0,126
1.0,D_full_model,30,84,true,29,28,35,35,1.0,0.9980807905536031,100,0.8253425366054078,1.0,84
2.0,A_baseline,1,0,false,1953,1953,0,0,1.0,0.9999999999999999,0,0.0,0.0,3000
2.0,A_baseline,2,0,false,578,578,0,0,0.0,0.9999999999999999,0,0.0,0.0,3000
2.0,A_baseline,3,0,false,573,573,0,0,0.0,0.9999999999999999,0,0.0,0.0,3000
2.0,A_baseline,4,0,false,1336,1336,0,0,0.0,0.9999999999999999,0,0.0,0.0,3000
2.0,A_baseline,5,0,false,851,874,0,0,0.0,0.9999999999999999,0,0.0,0.0,3000
2.0,A_baseline,6,0,false,1060,1065,0,0,0.0,0.9999999999999999,0,0.0,0.0,3000
2.0,A_baseline,7,0,false,988,886,0,0,0.0,0.9999999999999999,0,0.0,0.0,3000
2.0,A_baseline,8,0,false,2299,2288,0,0,0.0,0.9999999999999999,0,0.0,0.0,3000
2.0,A_baseline,9,0,false,1772,1481,0,0,0.05,0.8804082364186008,0,0.0,0.0,3000
2.0,A_baseline,10,0,false,828,828,0,0,1.0,0.9999999999999999,0,0.0,0.0,3000
2.0,A_baseline,11,0,false,880,880,0,0,1.0,0.9999999999999999,0,0.0,0.0,3000
2.0,A_baseline,12,0,false,298,301,0,0,0.0,0.9999999999999999,0,0.0,0.0,3000
2.0,A_baseline,13,0,false,195,195,0,0,0.0,0.9999999999999999,0,0.0,0.0,3000
2.0,A_baseline,14,0,false,435,433,0,0,1.0,0.9999999999999999,0,0.0,0.0,3000
2.0,A_baseline,15,0,false,1413,1423,0,0,0.0,0.9999999999999999,0,0.0,0.0,3000
2.0,A_baseline,16,0,false,1721,1721,0,0,0.0,0.9999999999999999,0,0.0,0.0,3000
2.0,A_baseline,17,0,false,818,833,0,0,0.0,0.9999999999999999,0,0.0,0.0,3000
2.0,A_baseline,18,0,false,916,916,0,0,1.0,0.9999999999999999,0,0.0,0.0,3000
2.0,A_baseline,19,0,false,2660,2651,0,0,1.0,0.9999999999178201,0,0.0,0.0,3000
2.0,A_baseline,20,0,false,2050,2046,0,0,1.0,0.9999999999999999,0,0.0,0.0,3000
2.0,A_baseline,21,0,false,405,405,0,0,1.0,0.9999999999999999,0,0.0,0.0,3000
2.0,A_baseline,22,0,false,570,575,0,0,0.0,0.9999999999999999,0,0.0,0.0,3000
2.0,A_baseline,23,0,false,753,753,0,0,1.0,0.9999999999999999,0,0.0,0.0,3000
2.0,A_baseline,24,0,false,663,667,0,0,0.0,0.9999999999999999,0,0.0,0.0,3000
2.0,A_baseline,25,0,false,324,324,0,0,0.0,0.9999999999999999,0,0.0,0.0,3000
2.0,A_baseline,26,0,false,170,181,0,0,0.0,0.9999999999999999,0,0.0,0.0,3000
2.0,A_baseline,27,0,false,844,844,0,0,1.0,0.9999999999999999,0,0.0,0.0,3000
2.0,A_baseline,28,0,false,356,352,0,0,0.0,0.9999999999999999,0,0.0,0.0,3000
2.0,A_baseline,29,0,false,1539,1547,0,0,1.0,0.9999999999999999,0,0.0,0.0,3000
2.0,A_baseline,30,0,false,581,581,0,0,0.0,0.9999999999999999,0,0.0,0.0,3000
2.0,C_normative_only,1,86,true,25,25,37,37,1.0,0.9992669144705689,100,0.8579045167679833,1.0,86
2.0,C_normative_only,2,85,true,23,25,36,36,1.0,0.9990246574936696,100,0.857240406259374,1.0,85
2.0,C_normative_only,3,93,true,32,32,44,44,0.0,0.9992290345740771,100,0.8504423270869027,1.0,93
2.0,C_normative_only,4,89,true,29,29,40,40,1.0,0.9991829380222402,100,0.8373669383426697,1.0,89
2.0,C_normative_only,5,88,true,27,27,39,39,1.0,0.9987518133159081,100,0.8535372527296319,1.0,88
2.0,C_normative_only,6,94,true,33,33,45,45,1.0,0.9987440773078637,100,0.8113808086865698,1.0,94
2.0,C_normative_only,7,101,true,48,48,50,50,1.0,0.9980871563631513,100,0.6903742424679358,1.0,101
2.0,C_normative_only,8,95,true,34,37,46,46,1.0,0.9986881275148061,99,0.8214550351211818,0.99,95
2.0,C_normative_only,9,89,true,28,28,40,40,0.0,0.999409220166568,100,0.8600248118263134,1.0,89
2.0,C_normative_only,10,66,true,17,17,16,17,1.0,0.9971998582886754,100,0.8473080071693925,1.0,66
2.0,C_normative_only,11,95,true,44,43,46,46,1.0,0.9976193540825099,100,0.7605857981341966,1.0,95
2.0,C_normative_only,12,90,true,28,28,41,41,0.0,0.9992228021406949,100,0.8543913507062635,1.0,90
2.0,C_normative_only,13,96,true,38,38,47,47,1.0,0.9990961797357275,100,0.8175661104552979,1.0,96
2.0,C_normative_only,14,96,true,40,40,47,47,0.0,0.9985359395957315,100,0.7991487761274624,1.0,96
2.0,C_normative_only,15,105,true,53,53,53,53,1.0,0.9979199423122138,100,0.6846607744914358,1.0,105
2.0,C_normative_only,16,120,true,68,69,64,69,0.0,0.9973271236269173,100,0.7186085598020167,1.0,120
2.0,C_normative_only,17,96,true,46,46,47,47,1.0,0.9985125672267039,100,0.7919813639838934,1.0,96
2.0,C_normative_only,18,102,true,53,53,52,53,1.0,0.9976878323204703,100,0.7133446293504652,1.0,102
2.0,C_normative_only,19,114,true,58,58,53,58,0.0,0.9975285951191544,100,0.6527785145013821,1.0,114
2.0,C_normative_only,20,100,true,48,49,50,51,1.0,0.9980658636119414,100,0.7216405751691063,1.0,100
2.0,C_normative_only,21,107,true,53,55,52,55,0.0,0.997396048444792,100,0.7062819433829205,1.0,107
2.0,C_normative_only,22,99,true,45,46,50,50,0.0,0.997120306635344,100,0.731123965442775,1.0,99
2.0,C_normative_only,23,131,true,78,78,81,82,0.0,0.997838568514299,100,0.7699435988258009,1.0,131
2.0,C_normative_only,24,92,true,29,29,43,43,0.0,0.9992414899620436,100,0.850798051930198,1.0,92
2.0,C_normative_only,25,92,true,28,28,43,43,0.0,0.9994862172746031,100,0.8599924297730804,1.0,92
2.0,C_normative_only,26,101,true,52,50,52,52,0.0,0.9978302522830197,100,0.7261365702717589,1.0,101
2.0,C_normative_only,27,87,true,26,27,38,38,0.0,0.9991657235066662,100,0.854016784440543,1.0,87
2.0,C_normative_only,28,128,true,76,76,79,79,1.0,0.9980897040796469,100,0.7895929821257351,1.0,128
2.0,C_normative_only,29,88,true,26,26,39,39,0.0,0.9993125733528917,100,0.8543443605027402,1.0,88
2.0,C_normative_only,30,73,true,22,23,19,24,0.0,0.9974896088536812,100,0.8497945620368595,1.0,73
2.0,D_full_model,1,69,true,20,20,18,20,1.0,0.9966608614483435,100,0.8480950722269458,1.0,69
2.0,D_full_model,2,88,true,25,25,39,39,1.0,0.9992041577263219,100,0.8584929583631995,1.0,88
2.0,D_full_model,3,115,true,66,64,64,66,1.0,0.9976280146883242,100,0.7474760124213004,1.0,115
2.0,D_full_model,4,86,true,26,26,37,37,0.0,0.9992650086965033,100,0.8585845214097313,1.0,86
2.0,D_full_model,5,135,true,78,80,86,86,0.0,0.9987538108193348,100,0.8143136603793818,1.0,135
2.0,D_full_model,6,88,true,27,28,39,39,0.0,0.9991628018533063,100,0.858780928786343,1.0,88
2.0,D_full_model,7,90,true,28,28,41,41,0.0,0.9992128250857203,100,0.8501521954612282,1.0,90
2.0,D_full_model,8,66,true,17,17,14,17,0.0,0.9970852432177709,100,0.8481679399445303,1.0,66
2.0,D_full_model,9,108,true,57,57,57,57,0.0,0.9969997623174964,100,0.719147330254299,1.0,108
2.0,D_full_model,10,94,true,37,37,45,45,0.0,0.998770789787375,100,0.8040820586847723,1.0,94
2.0,D_full_model,11,68,true,15,16,14,19,0.0,0.997848561585604,100,0.8495550106434188,1.0,68
2.0,D_full_model,12,89,true,26,26,40,40,1.0,0.99937411662637,100,0.8585634366839051,1.0,89
2.0,D_full_model,13,107,true,53,58,53,58,1.0,0.9975052445615207,100,0.6940763481713438,1.0,107
2.0,D_full_model,14,96,true,38,39,47,47,0.0,0.9986848396754874,100,0.7832300607418342,1.0,96
2.0,D_full_model,15,93,true,28,31,44,44,0.0,0.999080983343601,100,0.8336797483363446,1.0,93
2.0,D_full_model,16,100,true,46,50,51,51,1.0,0.997537768743441,100,0.7187380812104196,1.0,100
2.0,D_full_model,17,88,true,27,27,39,39,0.0,0.9990491030690687,100,0.8581396157077061,1.0,88
2.0,D_full_model,18,89,true,27,29,40,40,0.0,0.9991303094135433,100,0.8538994433485948,1.0,89
2.0,D_full_model,19,96,true,35,37,47,47,0.0,0.9990692346292553,100,0.8209649084493627,1.0,96
2.0,D_full_model,20,85,true,22,22,36,36,0.0,0.9994601287831163,100,0.8592163275106246,1.0,85
2.0,D_full_model,21,88,true,25,28,39,39,0.0,0.9991893085553201,100,0.8585366332060888,1.0,88
2.0,D_full_model,22,100,true,42,42,51,51,0.0,0.9986522438790694,100,0.7405961004174554,1.0,100
2.0,D_full_model,23,93,true,34,34,44,44,0.0,0.9990730585881253,100,0.8288802358166919,1.0,93
2.0,D_full_model,24,91,true,28,28,42,42,1.0,0.9993041353954958,100,0.8582063212050545,1.0,91
2.0,D_full_model,25,88,true,27,27,39,39,1.0,0.9991563483905407,99,0.8587440547127756,0.99,88
2.0,D_full_model,26,103,true,53,54,52,54,0.0,0.9976965912503489,100,0.6873067062660564,1.0,103
2.0,D_full_model,27,90,true,28,28,41,41,0.0,0.9991780265028569,100,0.8506638456766145,1.0,90
2.0,D_full_model,28,89,true,27,27,40,40,0.0,0.9992095960190861,100,0.8540387400348739,1.0,89
2.0,D_full_model,29,95,true,37,37,46,46,1.0,0.9989623191662111,100,0.8163283806179358,1.0,95
2.0,D_full_model,30,90,true,28,28,41,41,1.0,0.9993696371807819,100,0.854834514494361,1.0,90
3.0,A_baseline,1,0,false,925,836,0,0,0.0,0.9999999999999999,0,0.0,0.0,3000
3.0,A_baseline,2,0,false,164,149,0,0,0.0,0.9999999999999999,0,0.0,0.0,3000
3.0,A_baseline,3,0,false,1263,1262,0,0,0.0,0.9999999999999999,0,0.0,0.0,3000
3.0,A_baseline,4,0,false,854,861,0,0,0.0,0.9999999999999999,0,0.0,0.0,3000
3.0,A_baseline,5,0,false,259,259,0,0,0.0,0.9999999999999999,0,0.0,0.0,3000
3.0,A_baseline,6,0,false,802,803,0,0,1.0,0.9999999999999999,0,0.0,0.0,3000
3.0,A_baseline,7,0,false,946,946,0,0,1.0,0.9999999999999999,0,0.0,0.0,3000
3.0,A_baseline,8,0,false,339,348,0,0,0.0,0.9999999999999999,0,0.0,0.0,3000
3.0,A_baseline,9,0,false,1097,1097,0,0,0.0,0.9999999999999999,0,0.0,0.0,3000
3.0,A_baseline,10,0,false,334,410,0,0,0.0,0.9999999999999999,0,0.0,0.0,3000
3.0,A_baseline,11,0,false,0,0,0,0,0.7,0.3260455887454182,0,0.0,0.0,3000
3.0,A_baseline,12,0,false,681,681,0,0,0.0,0.9999999999999999,0,0.0,0.0,3000
3.0,A_baseline,13,0,false,775,525,0,0,1.0,0.9999999999999999,0,0.0,0.0,3000
3.0,A_baseline,14,0,false,916,943,0,0,1.0,0.9999999999999999,0,0.0,0.0,3000
3.0,A_baseline,15,0,false,0,0,0,0,0.26,0.4749174800867664,0,0.0,0.0,3000
3.0,A_baseline,16,0,false,197,309,0,0,1.0,0.9999999999999999,0,0.0,0.0,3000
3.0,A_baseline,17,0,false,801,1739,0,0,1.0,0.9999999999999999,0,0.0,0.0,3000
3.0,A_baseline,18,0,false,2131,2223,0,0,1.0,0.9999999999999999,0,0.0,0.0,3000
3.0,A_baseline,19,0,false,212,193,0,0,0.0,0.9999999999999999,0,0.0,0.0,3000
3.0,A_baseline,20,0,false,1354,1354,0,0,1.0,0.9999999999999999,0,0.0,0.0,3000
3.0,A_baseline,21,0,false,1475,1432,0,0,0.0,0.9999999999999999,0,0.0,0.0,3000
3.0,A_baseline,22,0,false,540,501,0,0,0.0,0.9999999999999999,0,0.0,0.0,3000
3.0,A_baseline,23,0,false,2752,2737,0,0,1.0,0.9701379690551264,0,0.0,0.0,3000
3.0,A_baseline,24,0,false,1086,1013,0,0,1.0,0.9999999999999999,0,0.0,0.0,3000
3.0,A_baseline,25,0,false,379,379,0,0,1.0,0.9999999999999999,0,0.0,0.0,3000
3.0,A_baseline,26,0,false,1276,1276,0,0,0.0,0.9999999999999999,0,0.0,0.0,3000
3.0,A_baseline,27,0,false,1370,1380,0,0,1.0,0.9999999999999999,0,0.0,0.0,3000
3.0,A_baseline,28,0,false,491,490,0,0,1.0,0.9999999999999999,0,0.0,0.0,3000
3.0,A_baseline,29,0,false,398,449,0,0,0.94,0.7603210351112856,0,0.0,0.0,3000
3.0,A_baseline,30,0,false,619,1576,0,0,0.0,0.9999999999999999,0,0.0,0.0,3000
3.0,C_normative_only,1,108,true,35,38,59,59,0.0,0.9997581836709499,96,0.8564841983565751,0.96,108
3.0,C_normative_only,2,184,true,135,135,135,135,1.0,0.9977555249081083,100,0.7939716069552257,1.0,184
3.0,C_normative_only,3,111,true,41,41,62,62,1.0,0.9997298238760769,97,0.8374072742661269,0.97,111
3.0,C_normative_only,4,78,true,27,29,26,29,1.0,0.9977852547970819,98,0.8502415751470408,0.98,78
3.0,C_normative_only,5,76,true,27,27,25,27,1.0,0.9973415211300068,100,0.849614844263299,1.0,76
3.0,C_normative_only,6,104,true,39,39,55,55,1.0,0.999589740004771,97,0.8466770963554294,0.97,104
3.0,C_normative_only,7,105,true,35,36,56,56,1.0,0.9996894773902105,98,0.8556439550029781,0.98,105
3.0,C_normative_only,8,71,true,22,22,20,22,1.0,0.9974957761656569,100,0.8483912729041908,1.0,71
3.0,C_normative_only,9,73,true,20,22,20,24,0.0,0.9979479828037299,100,0.8504078429187133,1.0,73
3.0,C_normative_only,10,108,true,45,47,59,59,0.0,0.9993014975336412,99,0.8116106798562044,0.99,108
3.0,C_normative_only,11,99,true,40,40,50,50,1.0,0.9991924972992914,98,0.8371211933347714,0.98,99
3.0,C_normative_only,12,104,true,36,36,55,55,1.0,0.999610057536442,98,0.8456535081512295,0.98,104
3.0,C_normative_only,13,102,true,37,37,53,53,1.0,0.9995007944656689,99,0.8411217013634072,0.99,102
3.0,C_normative_only,14,81,true,32,32,32,32,1.0,0.9965811323897101,99,0.8401871518818751,0.99,81
3.0,C_normative_only,15,103,true,43,43,54,54,1.0,0.998958799993337,98,0.7987926788228019,0.98,103
3.0,C_normative_only,16,102,true,41,41,53,53,1.0,0.999276148969519,99,0.8250243690529484,0.99,102
3.0,C_normative_only,17,81,true,28,29,31,32,0.0,0.9978225457001376,99,0.8462393676594937,0.99,81
3.0,C_normative_only,18,100,true,40,43,51,51,0.0,0.9989399166817993,99,0.8160619180915867,0.99,100
3.0,C_normative_only,19,75,true,26,26,25,26,0.0,0.9971877424375567,99,0.8488659822301127,0.99,75
3.0,C_normative_only,20,104,true,32,33,55,55,0.0,0.9997369608979507,96,0.8554615824580027,0.96,104
3.0,C_normative_only,21,101,true,38,39,52,52,0.0,0.9992349659524209,100,0.8421932776265268,1.0,101
3.0,C_normative_only,22,82,true,28,29,29,29,0.0,0.9978158722956505,98,0.852205471273065,0.98,82
3.0,C_normative_only,23,108,true,49,49,59,59,1.0,0.9990764826827668,99,0.7868724886253372,0.99,108
3.0,C_normative_only,24,112,true,54,54,63,63,0.0,0.9976829421606663,97,0.7248989798644803,0.97,112
3.0,C_normative_only,25,73,true,24,22,22,24,1.0,0.9977687347713075,99,0.849109307254607,0.99,73
3.0,C_normative_only,26,80,true,31,31,29,31,1.0,0.9970795112132143,100,0.848973330548818,1.0,80
3.0,C_normative_only,27,77,true,28,28,26,28,1.0,0.9976133359194364,100,0.848751270766585,1.0,77
3.0,C_normative_only,28,82,true,33,33,33,33,1.0,0.9971626468260385,100,0.8450569592571336,1.0,82
3.0,C_normative_only,29,93,true,34,34,44,44,1.0,0.9990314551371321,98,0.8354198832247535,0.98,93
3.0,C_normative_only,30,79,true,25,29,28,30,0.0,0.9977411647438514,99,0.8504096451978038,0.99,79
3.0,D_full_model,1,75,true,24,24,26,26,0.0,0.9977411772379415,98,0.8486521791020454,0.98,75
3.0,D_full_model,2,74,true,21,24,25,25,0.0,0.9975225603688633,99,0.8482069158836754,0.99,74
3.0,D_full_model,3,74,true,23,23,25,25,1.0,0.9976776609297389,97,0.8490516928066619,0.97,74
3.0,D_full_model,4,96,true,34,34,47,47,1.0,0.9992344727189386,98,0.8457734837291989,0.98,96
3.0,D_full_model,5,77,true,28,28,28,28,0.0,0.9973842585405878,98,0.8490422122443855,0.98,77
3.0,D_full_model,6,76,true,23,23,27,27,1.0,0.997442895602989,99,0.8484033258662357,0.99,76
3.0,D_full_model,7,78,true,25,25,29,29,1.0,0.9979276792592049,99,0.850441736702214,0.99,78
3.0,D_full_model,8,67,true,16,17,18,18,1.0,0.9973573210203613,100,0.8468608919819358,1.0,67
3.0,D_full_model,9,80,true,26,29,31,31,1.0,0.9980670181529979,96,0.8502029317392324,0.96,80
3.0,D_full_model,10,109,true,42,42,60,60,0.0,0.9995789200130878,98,0.8130705678654964,0.98,109
3.0,D_full_model,11,99,true,34,34,50,50,0.0,0.9994453670185789,99,0.8559270451593276,0.99,99
3.0,D_full_model,12,91,true,30,31,42,42,0.0,0.9991120741878597,98,0.8518782357533559,0.98,91
3.0,D_full_model,13,75,true,25,25,26,26,1.0,0.9974392874189243,97,0.8488839670785309,0.97,75
3.0,D_full_model,14,95,true,31,29,46,46,1.0,0.999514225046827,98,0.8591715670138355,0.98,95
3.0,D_full_model,15,103,true,37,39,54,54,1.0,0.9994583454772389,99,0.8272774403610582,0.99,103
3.0,D_full_model,16,75,true,24,24,26,26,1.0,0.9974969292231584,98,0.848939597955986,0.98,75
3.0,D_full_model,17,74,true,25,25,25,25,0.0,0.9973390616955173,98,0.8487765697275491,0.98,74
3.0,D_full_model,18,75,true,24,24,24,24,1.0,0.9977305853985697,98,0.8486881936282774,0.98,75
3.0,D_full_model,19,101,true,32,32,52,52,0.0,0.9996573828547228,95,0.8577424482852085,0.95,101
3.0,D_full_model,20,105,true,30,32,56,56,1.0,0.999755638032962,96,0.8595819426155288,0.96,105
3.0,D_full_model,21,83,true,30,31,34,34,1.0,0.9975063778177564,98,0.8464510794723367,0.98,83
3.0,D_full_model,22,76,true,25,25,27,27,1.0,0.9974263561045581,96,0.8485081328353193,0.96,76
3.0,D_full_model,23,75,true,23,23,26,26,0.0,0.997978071153291,100,0.848999866739899,1.0,75
3.0,D_full_model,24,107,true,32,33,58,58,0.0,0.9997788406706012,98,0.8569125033057174,0.98,107
3.0,D_full_model,25,111,true,47,47,62,62,1.0,0.9993593287067744,96,0.7789891837764954,0.96,111
3.0,D_full_model,26,108,true,48,50,59,59,1.0,0.999029397580046,99,0.7644647763021447,0.99,108
3.0,D_full_model,27,109,true,35,36,60,60,0.0,0.9997710728334352,98,0.8471898774970332,0.98,109
3.0,D_full_model,28,84,true,33,33,35,35,0.0,0.9977274588152655,98,0.8455283060319156,0.98,84
3.0,D_full_model,29,79,true,28,30,29,30,0.0,0.9974584611699201,99,0.8492374878227658,0.99,79
3.0,D_full_model,30,97,true,34,35,48,48,1.0,0.9993251250110025,98,0.8465772978765742,0.98,97
5.0,A_baseline,1,0,false,644,644,0,0,0.0,0.9999999999999999,0,0.0,0.0,3000
5.0,A_baseline,2,0,false,335,234,0,0,1.0,0.9999999999999999,0,0.0,0.0,3000
5.0,A_baseline,3,0,false,1028,1028,0,0,1.0,0.9999999999999999,0,0.0,0.0,3000
5.0,A_baseline,4,0,false,1154,1158,0,0,0.0,0.9999999999999999,0,0.0,0.0,3000
5.0,A_baseline,5,0,false,1732,1732,0,0,0.0,0.9999999999999999,0,0.0,0.0,3000
5.0,A_baseline,6,0,false,149,148,0,0,1.0,0.9999999999999999,0,0.0,0.0,3000
5.0,A_baseline,7,0,false,896,896,0,0,0.0,0.9999999999999999,0,0.0,0.0,3000
5.0,A_baseline,8,0,false,844,844,0,0,0.0,0.9999999999999999,0,0.0,0.0,3000
5.0,A_baseline,9,0,false,972,970,0,0,0.62,0.2301473079444555,0,0.0,0.0,3000
5.0,A_baseline,10,0,false,556,559,0,0,0.0,0.9999999999999999,0,0.0,0.0,3000
5.0,A_baseline,11,0,false,208,208,0,0,1.0,0.9999999999999999,0,0.0,0.0,3000
5.0,A_baseline,12,0,false,886,983,0,0,0.0,0.999999999999971,0,0.0,0.0,3000
5.0,A_baseline,13,0,false,1712,1763,0,0,0.0,0.9999999999999999,0,0.0,0.0,3000
5.0,A_baseline,14,0,false,1520,1490,0,0,0.0,0.9999999999999999,0,0.0,0.0,3000
5.0,A_baseline,15,0,false,884,884,0,0,1.0,0.9999999999999999,0,0.0,0.0,3000
5.0,A_baseline,16,0,false,626,635,0,0,0.0,0.9999999999999999,0,0.0,0.0,3000
5.0,A_baseline,17,0,false,1579,1575,0,0,1.0,0.9999999999999999,0,0.0,0.0,3000
5.0,A_baseline,18,0,false,2466,2461,0,0,1.0,0.999999999736304,0,0.0,0.0,3000
5.0,A_baseline,19,0,false,725,725,0,0,0.0,0.9999999999999999,0,0.0,0.0,3000
5.0,A_baseline,20,0,false,1143,1143,0,0,0.0,0.9999999999999999,0,0.0,0.0,3000
5.0,A_baseline,21,0,false,1702,1730,0,0,0.0,0.9999999999999999,0,0.0,0.0,3000
5.0,A_baseline,22,0,false,795,788,0,0,0.0,0.9999999999999999,0,0.0,0.0,3000
5.0,A_baseline,23,0,false,1180,683,0,0,0.0,0.9999999999999999,0,0.0,0.0,3000
5.0,A_baseline,24,0,false,351,148,0,0,0.0,0.9999999999999999,0,0.0,0.0,3000
5.0,A_baseline,25,0,false,1225,1227,0,0,0.0,0.9999999999999999,0,0.0,0.0,3000
5.0,A_baseline,26,0,false,982,982,0,0,1.0,0.9020294610297692,0,0.0,0.0,3000
5.0,A_baseline,27,0,false,857,854,0,0,0.0,0.9999999999999999,0,0.0,0.0,3000
5.0,A_baseline,28,0,false,461,461,0,0,1.0,0.9999999999999999,0,0.0,0.0,3000
5.0,A_baseline,29,0,false,742,702,0,0,0.09,0.8030716729485492,0,0.0,0.0,3000
5.0,A_baseline,30,0,false,564,564,0,0,1.0,0.9999999999999999,0,0.0,0.0,3000
5.0,C_normative_only,1,109,true,50,51,60,60,0.0,0.9989118862661681,94,0.8460843651514689,0.94,109
5.0,C_normative_only,2,129,true,69,69,80,80,1.0,0.998840385003329,95,0.7834511633957394,0.95,129
5.0,C_normative_only,3,99,true,42,43,50,50,0.0,0.9987535985720597,97,0.843584395810071,0.97,99
5.0,C_normative_only,4,90,true,37,37,41,41,1.0,0.9983436025935752,100,0.8500779179023119,1.0,90
5.0,C_normative_only,5,103,true,43,43,54,54,0.0,0.9987495120428185,97,0.8496063148588071,0.97,103
5.0,C_normative_only,6,106,true,46,48,57,57,0.0,0.9987097619555904,97,0.8420056856251955,0.97,106
5.0,C_normative_only,7,88,true,39,39,38,39,1.0,0.99798766026628,100,0.8506154594858018,1.0,88
5.0,C_normative_only,8,106,true,50,50,57,57,0.0,0.998914907474787,93,0.8295600795436344,0.93,106
5.0,C_normative_only,9,142,true,87,89,93,93,1.0,0.9986205516121887,98,0.7892166282300658,0.98,142
5.0,C_normative_only,10,95,true,39,41,46,46,0.0,0.9984231757401756,95,0.8487862952984273,0.95,95
5.0,C_normative_only,11,143,true,57,57,94,94,1.0,0.9999521160724799,92,0.8394329728442007,0.92,143
5.0,C_normative_only,12,125,true,55,58,76,76,1.0,0.9995963956062431,94,0.8336802068303116,0.94,125
5.0,C_normative_only,13,134,true,72,75,85,85,1.0,0.9990728632419473,93,0.781065684795013,0.93,134
5.0,C_normative_only,14,127,true,78,78,78,78,1.0,0.998174113005481,97,0.7602514964705175,0.97,127
5.0,C_normative_only,15,91,true,31,38,42,42,1.0,0.9983902749284322,99,0.8513060522020667,0.99,91
5.0,C_normative_only,16,109,true,50,50,60,60,0.0,0.9988629337733331,96,0.8466830198704175,0.96,109
5.0,C_normative_only,17,113,true,54,56,64,64,1.0,0.9987718476266357,95,0.8083251166850927,0.95,113
5.0,C_normative_only,18,100,true,45,46,51,51,0.0,0.9986221254394272,99,0.8434473018028502,0.99,100
5.0,C_normative_only,19,117,true,61,61,68,68,1.0,0.9988427458811766,97,0.8078652981228378,0.97,117
5.0,C_normative_only,20,112,true,48,48,63,63,0.0,0.9994332890166114,93,0.8426276404123575,0.93,112
5.0,C_normative_only,21,89,true,38,38,40,40,0.0,0.9980335027338826,100,0.8451529917834674,1.0,89
5.0,C_normative_only,22,132,true,72,74,83,83,1.0,0.9990219165139945,96,0.7837361316918208,0.96,132
5.0,C_normative_only,23,93,true,41,42,44,44,1.0,0.9978811598322903,97,0.8460828428030122,0.97,93
5.0,C_normative_only,24,111,true,58,58,61,62,0.0,0.9979740193296663,97,0.7981280534350733,0.97,111
5.0,C_normative_only,25,100,true,44,44,51,51,0.0,0.9988174092623296,94,0.8530917860258357,0.94,100
5.0,C_normative_only,26,126,true,63,63,77,77,1.0,0.9993961574101076,96,0.8020349196705466,0.96,126
5.0,C_normative_only,27,119,true,59,61,70,70,1.0,0.9991610694690708,97,0.8079510479085127,0.97,119
5.0,C_normative_only,28,104,true,51,51,55,55,0.0,0.9984683413912676,96,0.8443082399871552,0.96,104
5.0,C_normative_only,29,106,true,49,50,57,57,0.0,0.9987476958039604,96,0.8408025236600724,0.96,106
5.0,C_normative_only,30,87,true,35,35,38,38,1.0,0.9979581732788863,98,0.8498238098529947,0.98,87
5.0,D_full_model,1,82,true,27,27,33,33,1.0,0.9984519772838104,100,0.8487593632376027,1.0,82
5.0,D_full_model,2,200,true,35,36,151,151,0.0,0.9999999831854764,92,0.9106892191806292,0.92,200
5.0,D_full_model,3,79,true,25,25,30,30,0.0,0.9984584620897333,100,0.848419807436077,1.0,79
5.0,D_full_model,4,88,true,33,34,39,39,0.0,0.9985257989378431,98,0.8500562036216796,0.98,88
5.0,D_full_model,5,114,true,53,54,65,65,1.0,0.9992645280652142,94,0.82806406701064,0.94,114
5.0,D_full_model,6,114,true,52,52,65,65,1.0,0.9992825034968952,96,0.8121050021827272,0.96,114
5.0,D_full_model,7,76,true,24,26,27,27,1.0,0.997927011036382,100,0.8473173318867545,1.0,76
5.0,D_full_model,8,136,true,66,66,87,87,0.0,0.9996625988650379,96,0.8060926760074297,0.96,136
5.0,D_full_model,9,91,true,33,33,42,42,0.0,0.9990818500770368,96,0.8533338890759424,0.96,91
5.0,D_full_model,10,79,true,24,26,30,30,1.0,0.9983623871326631,99,0.8485578626025049,0.99,79
5.0,D_full_model,11,117,true,56,57,68,68,1.0,0.9992399033756278,96,0.8233843632622371,0.96,117
5.0,D_full_model,12,111,true,42,42,62,62,0.0,0.9997022979329604,95,0.8598264984173837,0.95,111
5.0,D_full_model,13,88,true,33,33,39,39,0.0,0.9985421633176833,99,0.8509051721408828,0.99,88
5.0,D_full_model,14,81,true,25,26,32,32,1.0,0.9985920542490294,100,0.8494436666148292,1.0,81
5.0,D_full_model,15,107,true,42,43,58,58,1.0,0.999445029825719,93,0.8460355913455087,0.93,107
5.0,D_full_model,16,88,true,35,35,39,39,1.0,0.9982929900065642,97,0.8443511564866573,0.97,88
5.0,D_full_model,17,91,true,37,37,42,42,1.0,0.9980380791051744,97,0.8456085706998665,0.97,91
5.0,D_full_model,18,92,true,39,40,43,43,0.0,0.9982980852257568,97,0.8504323369962168,0.97,92
5.0,D_full_model,19,96,true,37,37,47,47,1.0,0.9988922418705232,97,0.8533719653856475,0.97,96
5.0,D_full_model,20,81,true,25,25,32,32,1.0,0.998661821647912,98,0.8499416905429275,0.98,81
5.0,D_full_model,21,95,true,39,39,46,46,1.0,0.9988937527981588,97,0.8531129485060741,0.97,95
5.0,D_full_model,22,81,true,27,27,32,32,0.0,0.9983561104198239,99,0.8488480547002568,0.99,81
5.0,D_full_model,23,128,true,60,62,79,79,1.0,0.9995672805087612,94,0.8225691695447283,0.94,128
5.0,D_full_model,24,80,true,26,27,31,31,1.0,0.9983180777188079,99,0.8494598881003941,0.99,80
5.0,D_full_model,25,84,true,29,30,35,35,0.0,0.9983901800676239,99,0.8487895531666306,0.99,84
5.0,D_full_model,26,87,true,32,32,38,38,1.0,0.9984610128363753,100,0.8487984251798776,1.0,87
5.0,D_full_model,27,80,true,23,24,31,31,1.0,0.9983627082412765,100,0.8492805715629688,1.0,80
5.0,D_full_model,28,84,true,30,30,35,35,0.0,0.9983522423055342,99,0.8494873288502429,0.99,84
5.0,D_full_model,29,132,true,66,66,83,83,1.0,0.9995315402744831,94,0.7858451694835727,0.94,132
5.0,D_full_model,30,93,true,34,35,44,44,1.0,0.9988087438204917,97,0.8519409883659443,0.97,93
8.0,A_baseline,1,0,false,259,277,0,0,0.0,0.9999999999999999,0,0.0,0.0,3000
8.0,A_baseline,2,0,false,148,78,0,0,0.0,0.9999999999999999,0,0.0,0.0,3000
8.0,A_baseline,3,0,false,910,910,0,0,0.0,0.9999999999999999,0,0.0,0.0,3000
8.0,A_baseline,4,0,false,1112,1109,0,0,1.0,0.9999999999999999,0,0.0,0.0,3000
8.0,A_baseline,5,0,false,446,446,0,0,0.0,0.9999999999999999,0,0.0,0.0,3000
8.0,A_baseline,6,0,false,2098,2101,0,0,0.0,0.9999999999999999,0,0.0,0.0,3000
8.0,A_baseline,7,0,false,1825,1846,0,0,0.0,0.9999999999999999,0,0.0,0.0,3000
8.0,A_baseline,8,0,false,1075,1125,0,0,0.0,0.9999999999999999,0,0.0,0.0,3000
8.0,A_baseline,9,0,false,1096,1092,0,0,1.0,0.9999999999999999,0,0.0,0.0,3000
8.0,A_baseline,10,0,false,593,596,0,0,0.0,0.9999999999999999,0,0.0,0.0,3000
8.0,A_baseline,11,0,false,1495,1495,0,0,1.0,0.9999999999999999,0,0.0,0.0,3000
8.0,A_baseline,12,0,false,996,1000,0,0,1.0,0.9999999999999999,0,0.0,0.0,3000
8.0,A_baseline,13,0,false,2569,2574,0,0,0.0,0.9999999999999999,0,0.0,0.0,3000
8.0,A_baseline,14,0,false,554,537,0,0,1.0,0.9999999999999999,0,0.0,0.0,3000
8.0,A_baseline,15,0,false,463,483,0,0,0.0,0.9999999999999999,0,0.0,0.0,3000
8.0,A_baseline,16,0,false,170,157,0,0,0.0,0.9999999999999999,0,0.0,0.0,3000
8.0,A_baseline,17,0,false,850,855,0,0,1.0,0.9999999999999999,0,0.0,0.0,3000
8.0,A_baseline,18,0,false,1237,1238,0,0,1.0,0.9999999999999999,0,0.0,0.0,3000
8.0,A_baseline,19,0,false,701,688,0,0,1.0,0.9999999999999999,0,0.0,0.0,3000
8.0,A_baseline,20,0,false,663,663,0,0,0.0,0.9999999999999999,0,0.0,0.0,3000
8.0,A_baseline,21,0,false,1227,1246,0,0,1.0,0.9999999999999999,0,0.0,0.0,3000
8.0,A_baseline,22,0,false,1352,1353,0,0,0.0,0.9999999999999999,0,0.0,0.0,3000
8.0,A_baseline,23,0,false,1892,1890,0,0,0.24,0.38343742655396595,0,0.0,0.0,3000
8.0,A_baseline,24,0,false,940,947,0,0,0.0,0.9999999999999999,0,0.0,0.0,3000
8.0,A_baseline,25,0,false,245,258,0,0,1.0,0.9999999999999999,0,0.0,0.0,3000
8.0,A_baseline,26,0,false,267,247,0,0,0.0,0.9999999999999999,0,0.0,0.0,3000
8.0,A_baseline,27,0,false,377,420,0,0,1.0,0.9999999999999999,0,0.0,0.0,3000
8.0,A_baseline,28,0,false,416,418,0,0,0.0,0.9999999999999999,0,0.0,0.0,3000
8.0,A_baseline,29,0,false,388,282,0,0,0.0,0.9999999999999999,0,0.0,0.0,3000
8.0,A_baseline,30,0,false,1079,830,0,0,1.0,0.9999999999999999,0,0.0,0.0,3000
8.0,C_normative_only,1,135,true,58,58,86,86,0.0,0.9998767282618097,92,0.8584338109463485,0.92,135
8.0,C_normative_only,2,157,true,87,87,108,108,1.0,0.9995574251306624,95,0.8282968764260112,0.95,157
8.0,C_normative_only,3,122,true,61,62,73,73,0.0,0.9991421388305038,100,0.8542000306579335,1.0,122
8.0,C_normative_only,4,138,true,66,68,89,89,0.0,0.9997277189846996,92,0.8434950007200149,0.92,138
8.0,C_normative_only,5,509,true,75,76,460,460,1.0,0.9999999999999999,92,0.9676969325930834,0.92,509
8.0,C_normative_only,6,569,true,79,80,520,520,0.0,0.9999999999999999,90,0.9763265064351969,0.9,569
8.0,C_normative_only,7,135,true,68,71,86,86,0.0,0.9993472258568431,94,0.8317172356150409,0.94,135
8.0,C_normative_only,8,352,true,73,76,303,303,0.0,0.9999999999999067,91,0.9416911832263944,0.91,352
8.0,C_normative_only,9,156,true,70,70,107,107,0.0,0.9999565092122153,92,0.8651206978704652,0.92,156
8.0,C_normative_only,10,342,true,116,118,293,293,0.0,0.9999999999671937,90,0.9160972522775913,0.9,342
8.0,C_normative_only,11,267,true,102,102,218,218,0.0,0.9999999885296692,90,0.8906457610731732,0.9,267
8.0,C_normative_only,12,122,true,64,64,73,73,1.0,0.9991075352523608,96,0.8510536621320388,0.96,122
8.0,C_normative_only,13,108,true,53,55,59,59,0.0,0.9985674954936675,97,0.8520417861624632,0.97,108
8.0,C_normative_only,14,118,true,54,55,69,69,1.0,0.9991434249085225,94,0.8514371798032008,0.94,118
8.0,C_normative_only,15,130,true,70,70,81,81,1.0,0.9991713362042437,94,0.8329677223092334,0.94,130
8.0,C_normative_only,16,176,true,103,102,127,127,1.0,0.9998117596618182,93,0.8173578065916689,0.93,176
8.0,C_normative_only,17,109,true,53,53,60,60,0.0,0.9988166452070182,95,0.8520950083670072,0.95,109
8.0,C_normative_only,18,125,true,55,54,76,76,0.0,0.9996857031575601,94,0.8596949094178374,0.94,125
8.0,C_normative_only,19,162,true,71,71,113,113,1.0,0.9999727287675247,91,0.8640246289623715,0.91,162
8.0,C_normative_only,20,122,true,58,60,73,73,1.0,0.9991849772141543,95,0.8555836591753424,0.95,122
8.0,C_normative_only,21,160,true,86,86,111,111,0.0,0.9998541959112663,91,0.8272151279685132,0.91,160
8.0,C_normative_only,22,143,true,72,74,94,94,1.0,0.9995290371422514,93,0.8197699826987563,0.93,143
8.0,C_normative_only,23,105,true,47,47,56,56,0.0,0.9989390845851738,96,0.8526122627924667,0.96,105
8.0,C_normative_only,24,165,true,95,95,116,116,0.0,0.9997320843054008,92,0.8254161429903759,0.92,165
8.0,C_normative_only,25,288,true,107,106,239,239,0.0,0.9999999981324882,90,0.9018255560685043,0.9,288
8.0,C_normative_only,26,365,true,93,94,316,316,1.0,0.9999999999998361,90,0.9390363761248608,0.9,365
8.0,C_normative_only,27,121,true,51,51,72,72,0.0,0.9994718093055959,93,0.8521696313671295,0.93,121
8.0,C_normative_only,28,153,true,70,70,104,104,1.0,0.9999105825334133,92,0.8604084738866481,0.92,153
8.0,C_normative_only,29,117,true,57,57,68,68,1.0,0.9992068061477029,93,0.8470106066307738,0.93,117
8.0,C_normative_only,30,384,true,148,149,335,335,1.0,0.9999999999925191,90,0.9258198696898587,0.9,384
8.0,D_full_model,1,141,true,53,53,92,92,0.0,0.9999502335544156,92,0.8591910625208125,0.92,141
8.0,D_full_model,2,94,true,41,41,45,45,1.0,0.998518845614694,98,0.8495253063068159,0.98,94
8.0,D_full_model,3,1263,true,60,60,1214,1214,1.0,0.9999999999999999,90,0.9953985643441546,0.9,1263
8.0,D_full_model,4,726,true,53,53,677,677,1.0,0.9999999999999999,90,0.9914264908702883,0.9,726
8.0,D_full_model,5,252,true,43,43,203,203,1.0,0.9999999998466339,91,0.9273298921782643,0.91,252
8.0,D_full_model,6,117,true,45,49,68,68,1.0,0.9996055902569537,94,0.8583984069300485,0.94,117
8.0,D_full_model,7,115,true,46,46,66,66,0.0,0.9995922610525296,92,0.8581800294811986,0.92,115
8.0,D_full_model,8,864,true,55,55,815,815,1.0,0.9999999999999999,91,0.9892922985394972,0.91,864
8.0,D_full_model,9,450,true,51,53,401,401,1.0,0.9999999999999999,90,0.9683390440762355,0.9,450
8.0,D_full_model,10,107,true,40,40,58,58,0.0,0.9996309794131328,94,0.8578924559832758,0.94,107
8.0,D_full_model,11,98,true,41,43,49,49,1.0,0.9988579870415143,96,0.8517599149912257,0.96,98
8.0,D_full_model,12,106,true,37,37,57,57,1.0,0.9996350709050023,96,0.8569997443066081,0.96,106
8.0,D_full_model,13,398,true,52,53,349,349,1.0,0.9999999999999999,90,0.961115225838321,0.9,398
8.0,D_full_model,14,98,true,35,35,49,49,0.0,0.9994399486751853,96,0.8541598452418847,0.96,98
8.0,D_full_model,15,118,true,55,55,69,69,0.0,0.9993216979778282,91,0.851168631038238,0.91,118
8.0,D_full_model,16,198,true,48,48,149,149,1.0,0.9999999279807372,91,0.9043304231805106,0.91,198
8.0,D_full_model,17,99,true,44,44,50,50,0.0,0.9987397809918573,99,0.8504905783616655,0.99,99
8.0,D_full_model,18,640,true,110,110,591,591,1.0,0.9999999999999999,91,0.9744358397692714,0.91,640
8.0,D_full_model,19,582,true,41,41,533,533,0.0,0.9999999999999999,90,0.9846915257248883,0.9,582
8.0,D_full_model,20,101,true,38,38,52,52,0.0,0.9993518470205136,95,0.8543000797526398,0.95,101
8.0,D_full_model,21,376,true,55,58,327,327,0.0,0.9999999999999996,90,0.9574500711521486,0.9,376
8.0,D_full_model,22,157,true,42,42,108,108,0.0,0.9999962984076173,91,0.8853649865749088,0.91,157
8.0,D_full_model,23,468,true,56,56,419,419,1.0,0.9999999999999999,91,0.969667053844791,0.91,468
8.0,D_full_model,24,107,true,41,43,58,58,1.0,0.9995509441604389,93,0.8569235854653088,0.93,107
8.0,D_full_model,25,362,true,45,46,313,313,0.0,0.9999999999999996,91,0.9530374772075972,0.91,362
8.0,D_full_model,26,122,true,41,41,73,73,0.0,0.9999009691735492,93,0.865402102299124,0.93,122
8.0,D_full_model,27,96,true,35,35,47,47,0.0,0.9991793748951543,96,0.8515292373721305,0.96,96
8.0,D_full_model,28,127,true,57,58,78,78,1.0,0.9996418077063041,93,0.8517482307227598,0.93,127
8.0,D_full_model,29,924,true,56,56,875,875,0.0,0.9999999999999999,90,0.9939364180470289,0.9,924
8.0,D_full_model,30,569,true,56,56,520,520,0.0,0.9999999999999999,90,0.9812390317594719,0.9,569
12.0,A_baseline,1,0,false,227,229,0,0,0.0,0.9999999999999999,0,0.0,0.0,3000
12.0,A_baseline,2,0,false,265,270,0,0,0.82,0.5897441468830646,0,0.0,0.0,3000
12.0,A_baseline,3,0,false,1349,1414,0,0,0.0,0.9999999999999999,0,0.0,0.0,3000
12.0,A_baseline,4,0,false,811,814,0,0,1.0,0.9999999999999999,0,0.0,0.0,3000
12.0,A_baseline,5,0,false,2903,2907,0,0,0.98,0.9037800463257836,0,0.0,0.0,3000
12.0,A_baseline,6,0,false,246,246,0,0,1.0,0.9999999999999999,0,0.0,0.0,3000
12.0,A_baseline,7,0,false,788,675,0,0,0.0,0.9999999999999999,0,0.0,0.0,3000
12.0,A_baseline,8,0,false,2268,2420,0,0,1.0,0.9999999978168924,0,0.0,0.0,3000
12.0,A_baseline,9,0,false,681,681,0,0,0.0,0.9999999999999999,0,0.0,0.0,3000
12.0,A_baseline,10,0,false,813,811,0,0,1.0,0.9999999999999999,0,0.0,0.0,3000
12.0,A_baseline,11,0,false,617,617,0,0,1.0,0.9999999999999999,0,0.0,0.0,3000
12.0,A_baseline,12,0,false,1655,1666,0,0,1.0,0.9999999999999999,0,0.0,0.0,3000
12.0,A_baseline,13,0,false,394,394,0,0,1.0,0.9999999999999999,0,0.0,0.0,3000
12.0,A_baseline,14,0,false,304,304,0,0,0.0,0.9999999999999999,0,0.0,0.0,3000
12.0,A_baseline,15,0,false,545,1785,0,0,0.0,0.9999999999999999,0,0.0,0.0,3000
12.0,A_baseline,16,0,false,1364,1364,0,0,1.0,0.9999999999999999,0,0.0,0.0,3000
12.0,A_baseline,17,0,false,251,244,0,0,1.0,0.9999999999999999,0,0.0,0.0,3000
12.0,A_baseline,18,0,false,1043,1045,0,0,0.0,0.9999999999999999,0,0.0,0.0,3000
12.0,A_baseline,19,0,false,450,455,0,0,0.0,0.9999999999999999,0,0.0,0.0,3000
12.0,A_baseline,20,0,false,214,206,0,0,0.24,0.34002340236982964,0,0.0,0.0,3000
12.0,A_baseline,21,0,false,488,487,0,0,1.0,0.9999999999999999,0,0.0,0.0,3000
12.0,A_baseline,22,0,false,393,396,0,0,1.0,0.9999999999999999,0,0.0,0.0,3000
12.0,A_baseline,23,0,false,557,557,0,0,1.0,0.9999999999999999,0,0.0,0.0,3000
12.0,A_baseline,24,0,false,481,468,0,0,1.0,0.9999999999999999,0,0.0,0.0,3000
12.0,A_baseline,25,0,false,1605,1609,0,0,0.86,0.6951564805008501,0,0.0,0.0,3000
12.0,A_baseline,26,0,false,0,0,0,0,0.53,0.2341149264527157,0,0.0,0.0,3000
12.0,A_baseline,27,0,false,798,773,0,0,0.0,0.9999999999999999,0,0.0,0.0,3000
12.0,A_baseline,28,0,false,1381,1381,0,0,0.0,0.9999999999999999,0,0.0,0.0,3000
12.0,A_baseline,29,0,false,387,354,0,0,1.0,0.9999999999999999,0,0.0,0.0,3000
12.0,A_baseline,30,0,false,352,352,0,0,1.0,0.9999999999999999,0,0.0,0.0,3000
12.0,C_normative_only,1,0,false,109,109,0,0,0.0,0.9999999999999999,79,0.9987882582103634,0.79,3000
12.0,C_normative_only,2,0,false,111,113,0,0,1.0,0.9999999999999999,89,0.9999967465806507,0.89,3000
12.0,C_normative_only,3,2007,true,80,80,1958,1958,1.0,0.9999999999999999,90,0.9975548108612402,0.9,2007
12.0,C_normative_only,4,143,true,67,68,94,94,1.0,0.9998352589557653,93,0.8643981815385733,0.93,143
12.0,C_normative_only,5,381,true,88,88,332,332,1.0,0.9999999999999767,91,0.9463133272342642,0.91,381
12.0,C_normative_only,6,127,true,62,65,78,78,0.0,0.9994024324910196,94,0.8547323895009071,0.94,127
12.0,C_normative_only,7,1671,true,111,111,1622,1622,1.0,0.9999999999999999,90,0.9981171293731319,0.9,1671
12.0,C_normative_only,8,334,true,87,87,285,285,0.0,0.9999999999976659,90,0.9342014323448937,0.9,334
12.0,C_normative_only,9,0,false,134,134,0,0,1.0,0.9999999999999999,88,0.9989143924542424,0.88,3000
12.0,C_normative_only,10,945,true,105,105,896,896,0.0,0.9999999999999999,90,0.9933677572366264,0.9,945
12.0,C_normative_only,11,0,false,120,120,0,0,1.0,0.9999999999999999,89,0.9999912999313928,0.89,3000
12.0,C_normative_only,12,203,true,68,68,154,154,0.0,0.9999997065632555,91,0.897645426546592,0.91,203
12.0,C_normative_only,13,140,true,75,75,91,91,0.0,0.9995815845660841,93,0.8585801303642597,0.93,140
12.0,C_normative_only,14,2881,true,82,82,2832,2832,0.0,0.9999999999999999,90,0.9981073067464711,0.9,2881
12.0,C_normative_only,15,235,true,79,85,186,186,1.0,0.9999999547787413,90,0.898867183070173,0.9,235
12.0,C_normative_only,16,653,true,110,111,604,604,1.0,0.9999999999999999,90,0.9805734585977769,0.9,653
12.0,C_normative_only,17,0,false,111,109,0,0,1.0,0.9999999999999999,89,0.9990573217056026,0.89,3000
12.0,C_normative_only,18,138,true,78,78,89,89,1.0,0.9992764971274032,91,0.8571609956526081,0.91,138
12.0,C_normative_only,19,137,true,70,70,88,88,1.0,0.9996617777219657,91,0.8599519248266376,0.91,137
12.0,C_normative_only,20,0,false,126,126,0,0,0.0,0.9999999999999999,87,0.9992849552187558,0.87,3000
12.0,C_normative_only,21,132,true,70,71,83,83,1.0,0.9993341438962908,97,0.8512343895987665,0.97,132
12.0,C_normative_only,22,491,true,105,105,442,442,1.0,0.9999999999999999,90,0.9615641292216083,0.9,491
12.0,C_normative_only,23,140,true,79,82,91,91,1.0,0.9989824582060544,93,0.8212494541233001,0.93,140
12.0,C_normative_only,24,0,false,123,123,0,0,0.0,0.9999999999999999,88,0.9999779605781765,0.88,3000
12.0,C_normative_only,25,2439,true,169,170,2390,2390,1.0,0.9999999999999999,90,0.9982542192438737,0.9,2439
12.0,C_normative_only,26,812,true,90,89,763,763,0.0,0.9999999999999999,90,0.9897838064141906,0.9,812
12.0,C_normative_only,27,184,true,76,76,135,135,0.0,0.9999958731259649,92,0.8811339564072648,0.92,184
12.0,C_normative_only,28,0,false,146,143,0,0,0.0,0.9999999999999999,81,0.999926767815448,0.81,3000
12.0,C_normative_only,29,312,true,82,87,263,263,1.0,0.9999999999656073,90,0.9301433367980647,0.9,312
12.0,C_normative_only,30,160,true,96,94,111,111,1.0,0.9996120156211934,90,0.8417686782748937,0.9,160
12.0,D_full_model,1,1468,true,63,63,1419,1419,0.0,0.9999999999999999,91,0.9955560998433332,0.91,1468
12.0,D_full_model,2,0,false,80,82,0,0,0.0,0.9999999999999999,86,0.99999284367901,0.86,3000
12.0,D_full_model,3,1054,true,63,64,1005,1005,1.0,0.9999999999999999,91,0.9941542374076348,0.91,1054
12.0,D_full_model,4,2123,true,62,68,2074,2074,0.0,0.9999999999999999,90,0.9975553087543493,0.9,2123
12.0,D_full_model,5,0,false,79,80,0,0,0.0,0.9999999999999999,82,0.9994627928316353,0.82,3000
12.0,D_full_model,6,129,true,54,54,80,80,1.0,0.9998095875896539,93,0.8625461395519985,0.93,129
12.0,D_full_model,7,0,false,63,64,0,0,1.0,0.9999999999999999,86,0.9985110062180458,0.86,3000
12.0,D_full_model,8,494,true,52,52,445,445,0.0,0.9999999999999999,90,0.9737845941360794,0.9,494
12.0,D_full_model,9,1041,true,44,44,992,992,0.0,0.9999999999999999,90,0.9948645181903002,0.9,1041
12.0,D_full_model,10,0,false,61,61,0,0,1.0,0.9999999999999999,85,0.9999968938242103,0.85,3000
12.0,D_full_model,11,2249,true,57,57,2200,2200,1.0,0.9999999999999999,90,0.9976443039511926,0.9,2249
12.0,D_full_model,12,829,true,62,62,780,780,0.0,0.9999999999999999,90,0.9923450206653818,0.9,829
12.0,D_full_model,13,864,true,65,65,815,815,0.0,0.9999999999999999,90,0.989929647008339,0.9,864
12.0,D_full_model,14,816,true,53,53,767,767,1.0,0.9999999999999999,91,0.9895800280832313,0.91,816
12.0,D_full_model,15,0,false,86,86,0,0,0.0,0.9999999999999999,77,0.9981926881526275,0.77,3000
12.0,D_full_model,16,803,true,74,76,754,754,0.0,0.9999999999999999,90,0.987790230458964,0.9,803
12.0,D_full_model,17,663,true,81,84,614,614,0.0,0.9999999999999999,91,0.9812850459309487,0.91,663
12.0,D_full_model,18,0,false,48,48,0,0,0.0,0.9999999999999999,88,0.9999214140563241,0.88,3000
12.0,D_full_model,19,2534,true,44,43,2485,2485,0.0,0.9999999999999999,90,0.9963886089757673,0.9,2534
12.0,D_full_model,20,109,true,44,45,60,60,0.0,0.9995177493631247,96,0.8523097059968826,0.96,109
12.0,D_full_model,21,0,false,65,68,0,0,0.0,0.9999999999999999,85,0.9999956039815557,0.85,3000
12.0,D_full_model,22,0,false,75,75,0,0,1.0,0.9999999999999999,83,0.9999994954548445,0.83,3000
12.0,D_full_model,23,0,false,91,91,0,0,1.0,0.9999999999999999,85,0.9984926903364706,0.85,3000
12.0,D_full_model,24,289,true,71,72,240,240,1.0,0.9999999999517603,90,0.9306379992524592,0.9,289
12.0,D_full_model,25,0,false,67,67,0,0,1.0,0.9999999999999999,88,0.9989234657932891,0.88,3000
12.0,D_full_model,26,134,true,54,54,85,85,0.0,0.9999090719755835,93,0.8653060174047201,0.93,134
12.0,D_full_model,27,178,true,54,54,129,129,0.0,0.9999990408991709,91,0.8906753127068743,0.91,178
12.0,D_full_model,28,2127,true,92,93,2078,2078,1.0,0.9999999999999999,90,0.9981382579006267,0.9,2127
12.0,D_full_model,29,1534,true,60,60,1485,1485,0.0,0.9999999999999999,90,0.996377780669338,0.9,1534
12.0,D_full_model,30,0,false,73,73,0,0,0.0,0.9999999999999999,87,0.9993827672120758,0.87,3000
